 /*
 Navicat Premium Data Transfer

 Source Server         : DjangoBlog
 Source Server Type    : MySQL
 Source Server Version : 80026
 Source Host           : localhost:3306
 Source Schema         : djangoblog

 Target Server Type    : MySQL
 Target Server Version : 80026
 File Encoding         : 65001

 Date: 18/06/2023 09:15:35
*/

SET NAMES utf8mb4;
SET FOREIGN_KEY_CHECKS = 0;

-- ----------------------------
-- Table structure for accounts_bloguser
-- ----------------------------
DROP TABLE IF EXISTS `accounts_bloguser`;
CREATE TABLE `accounts_bloguser` (
  `id` bigint NOT NULL AUTO_INCREMENT,
  `password` varchar(128) NOT NULL,
  `last_login` datetime(6) DEFAULT NULL,
  `is_superuser` tinyint(1) NOT NULL,
  `username` varchar(150) NOT NULL,
  `first_name` varchar(150) NOT NULL,
  `last_name` varchar(150) NOT NULL,
  `email` varchar(254) NOT NULL,
  `is_staff` tinyint(1) NOT NULL,
  `is_active` tinyint(1) NOT NULL,
  `date_joined` datetime(6) NOT NULL,
  `nickname` varchar(100) NOT NULL,
  `created_time` datetime(6) NOT NULL,
  `last_mod_time` datetime(6) NOT NULL,
  `source` varchar(100) NOT NULL,
  PRIMARY KEY (`id`),
  UNIQUE KEY `username` (`username`)
) ENGINE=InnoDB AUTO_INCREMENT=16 DEFAULT CHARSET=utf8mb4 COLLATE=utf8mb4_0900_ai_ci;

-- ----------------------------
-- Records of accounts_bloguser
-- ----------------------------
BEGIN;
INSERT INTO `accounts_bloguser` (`id`, `password`, `last_login`, `is_superuser`, `username`, `first_name`, `last_name`, `email`, `is_staff`, `is_active`, `date_joined`, `nickname`, `created_time`, `last_mod_time`, `source`) VALUES (3, 'pbkdf2_sha256$390000$zkYE5S5XlJf3uZ8hpr57B9$p+xdexAq7X8jPnUc22VJ5p1VqRqElqUst42hGGIRamE=', '2023-06-15 11:29:35.781960', 1, 'Marsk', '世康', '马', 'marsk7@qq.com', 1, 1, '2023-03-03 17:50:00.000000', '', '2023-05-03 17:50:50.380153', '2023-05-03 17:50:50.380156', '');
INSERT INTO `accounts_bloguser` (`id`, `password`, `last_login`, `is_superuser`, `username`, `first_name`, `last_name`, `email`, `is_staff`, `is_active`, `date_joined`, `nickname`, `created_time`, `last_mod_time`, `source`) VALUES (4, 'pbkdf2_sha256$390000$nxfbEjC0AZWAScdKLwEkHA$LDQp3RoxctOn8DTMH2gO65tQAeT8aONdOPS3gaBPXo8=', '2023-05-21 15:30:45.729810', 0, 'Jay', '杰伦', '周', 'jay@163.com', 1, 1, '2023-03-06 11:14:00.000000', '', '2023-05-04 11:14:19.218785', '2023-05-04 11:14:19.218787', '');
INSERT INTO `accounts_bloguser` (`id`, `password`, `last_login`, `is_superuser`, `username`, `first_name`, `last_name`, `email`, `is_staff`, `is_active`, `date_joined`, `nickname`, `created_time`, `last_mod_time`, `source`) VALUES (5, 'pbkdf2_sha256$390000$ae83x4Wn1P8sVfL1mV9DcY$qLKvb3daJV9J/puVrInTGI+5RqDUfZ+M8Mm/dKAlZFc=', '2023-05-14 16:40:00.000000', 0, 'aMar', 'Mar', '马', 'marsk27@163.com', 1, 1, '2023-03-06 14:02:00.000000', '', '2023-05-05 14:02:47.886596', '2023-05-05 14:02:47.886598', '');
INSERT INTO `accounts_bloguser` (`id`, `password`, `last_login`, `is_superuser`, `username`, `first_name`, `last_name`, `email`, `is_staff`, `is_active`, `date_joined`, `nickname`, `created_time`, `last_mod_time`, `source`) VALUES (6, 'pbkdf2_sha256$390000$GMCqqbgBbGLhMRF9rfpLcf$S2SkArS+47np2EBbjI1RckttArWb4lCCv89NX0+LR70=', '2023-05-05 14:55:00.000000', 0, '图灵小白', '', '', 'tlxb@163.com', 0, 1, '2023-04-05 14:54:00.000000', '', '2023-05-05 14:54:01.998540', '2023-05-05 14:54:01.998542', '');
INSERT INTO `accounts_bloguser` (`id`, `password`, `last_login`, `is_superuser`, `username`, `first_name`, `last_name`, `email`, `is_staff`, `is_active`, `date_joined`, `nickname`, `created_time`, `last_mod_time`, `source`) VALUES (7, 'pbkdf2_sha256$390000$yngpsfv9OgY6WxTXWI4Wkq$0NIjfzWsQPNgu4/Ik1GO8kfFpsU3TQ9qWwvAcPT696I=', '2023-05-05 14:57:00.000000', 0, 'Jasmine', '', '', 'jasmine@163.com', 0, 1, '2023-04-05 14:55:00.000000', '', '2023-05-05 14:55:53.231119', '2023-05-05 14:55:53.231122', '');
INSERT INTO `accounts_bloguser` (`id`, `password`, `last_login`, `is_superuser`, `username`, `first_name`, `last_name`, `email`, `is_staff`, `is_active`, `date_joined`, `nickname`, `created_time`, `last_mod_time`, `source`) VALUES (8, 'pbkdf2_sha256$390000$W1OQYsBuX0q168NZp9Tu4b$vaqahb6c5/n6JvSSZRoSo4Zujk340GmfpitXToNvQcY=', '2023-05-05 15:00:00.000000', 0, '草莓派', '', '', 'cmp@163.com', 0, 1, '2023-04-05 14:59:00.000000', '', '2023-05-05 14:59:50.276739', '2023-05-05 14:59:50.276741', '');
INSERT INTO `accounts_bloguser` (`id`, `password`, `last_login`, `is_superuser`, `username`, `first_name`, `last_name`, `email`, `is_staff`, `is_active`, `date_joined`, `nickname`, `created_time`, `last_mod_time`, `source`) VALUES (9, 'pbkdf2_sha256$390000$CVyWHaHo0comYVF2VMZegj$fdHTyxHuMjh/zuchAPN8zrDJPY/QJ6Z0ZvMshCRnGzM=', '2023-05-05 15:02:00.000000', 0, '妙藤蛙', '', '', 'mtw@163.com', 0, 1, '2023-04-05 15:01:00.000000', '', '2023-05-05 15:01:23.709169', '2023-05-05 15:01:23.709172', '');
INSERT INTO `accounts_bloguser` (`id`, `password`, `last_login`, `is_superuser`, `username`, `first_name`, `last_name`, `email`, `is_staff`, `is_active`, `date_joined`, `nickname`, `created_time`, `last_mod_time`, `source`) VALUES (10, 'pbkdf2_sha256$390000$SEtM0mRueF9n3q7ZRMT1Yx$TnwiDgS7719/DPg+y+NKXbfJnd0hS+o66aD0P1frxnQ=', '2023-05-05 15:03:00.000000', 0, 'Vmeyer', '', '', 'vmeyer@163.com', 0, 1, '2023-04-05 15:03:00.000000', '', '2023-05-05 15:03:02.720935', '2023-05-05 15:03:02.720937', '');
INSERT INTO `accounts_bloguser` (`id`, `password`, `last_login`, `is_superuser`, `username`, `first_name`, `last_name`, `email`, `is_staff`, `is_active`, `date_joined`, `nickname`, `created_time`, `last_mod_time`, `source`) VALUES (11, 'pbkdf2_sha256$390000$IDJlELa8UYfok842UJgqs2$85PhX7bTVqIAgkgHjIqX1wGBYbnd+nkhdGa5pdw+REQ=', '2023-05-14 16:39:00.000000', 0, 'Chloe', '', '', 'chloe@163.com', 0, 1, '2023-04-05 15:03:00.000000', '', '2023-05-05 15:03:45.268203', '2023-05-05 15:03:45.268205', '');
INSERT INTO `accounts_bloguser` (`id`, `password`, `last_login`, `is_superuser`, `username`, `first_name`, `last_name`, `email`, `is_staff`, `is_active`, `date_joined`, `nickname`, `created_time`, `last_mod_time`, `source`) VALUES (12, 'pbkdf2_sha256$390000$LVPIkHK6JHUFpG3T34EZ2T$r5/kwBuaGKyeAqiu6aGXsDMRUu+ifmheNkEvjawGC6s=', '2023-05-21 15:34:16.208835', 0, '森山大道', '大道', '森山', 'ssdd@163.com', 1, 1, '2023-03-07 15:56:00.000000', '', '2023-05-05 15:56:54.706735', '2023-05-05 15:56:54.706737', '');
INSERT INTO `accounts_bloguser` (`id`, `password`, `last_login`, `is_superuser`, `username`, `first_name`, `last_name`, `email`, `is_staff`, `is_active`, `date_joined`, `nickname`, `created_time`, `last_mod_time`, `source`) VALUES (13, 'pbkdf2_sha256$390000$vIbH04Iz7A2L7TM11xfTzg$CByU2YmK2SrLePpRieBj/le8lUEag4rSJ7KCOxSd2xU=', '2023-05-08 09:29:00.000000', 0, '持之以恒', '', '', 'czyh@163.com', 0, 1, '2023-04-08 09:28:00.000000', '', '2023-05-08 09:28:01.463062', '2023-05-08 09:28:01.463065', 'Register');
COMMIT;

-- ----------------------------
-- Table structure for accounts_bloguser_groups
-- ----------------------------
DROP TABLE IF EXISTS `accounts_bloguser_groups`;
CREATE TABLE `accounts_bloguser_groups` (
  `id` bigint NOT NULL AUTO_INCREMENT,
  `bloguser_id` bigint NOT NULL,
  `group_id` int NOT NULL,
  PRIMARY KEY (`id`),
  UNIQUE KEY `accounts_bloguser_groups_bloguser_id_group_id_fc37e89b_uniq` (`bloguser_id`,`group_id`),
  KEY `accounts_bloguser_groups_group_id_98d76804_fk_auth_group_id` (`group_id`),
  CONSTRAINT `accounts_bloguser_gr_bloguser_id_a16ccbb7_fk_accounts_` FOREIGN KEY (`bloguser_id`) REFERENCES `accounts_bloguser` (`id`),
  CONSTRAINT `accounts_bloguser_groups_group_id_98d76804_fk_auth_group_id` FOREIGN KEY (`group_id`) REFERENCES `auth_group` (`id`)
) ENGINE=InnoDB AUTO_INCREMENT=15 DEFAULT CHARSET=utf8mb4 COLLATE=utf8mb4_0900_ai_ci;

-- ----------------------------
-- Records of accounts_bloguser_groups
-- ----------------------------
BEGIN;
INSERT INTO `accounts_bloguser_groups` (`id`, `bloguser_id`, `group_id`) VALUES (14, 4, 1);
INSERT INTO `accounts_bloguser_groups` (`id`, `bloguser_id`, `group_id`) VALUES (2, 4, 2);
INSERT INTO `accounts_bloguser_groups` (`id`, `bloguser_id`, `group_id`) VALUES (11, 5, 1);
INSERT INTO `accounts_bloguser_groups` (`id`, `bloguser_id`, `group_id`) VALUES (12, 5, 2);
INSERT INTO `accounts_bloguser_groups` (`id`, `bloguser_id`, `group_id`) VALUES (10, 6, 2);
INSERT INTO `accounts_bloguser_groups` (`id`, `bloguser_id`, `group_id`) VALUES (9, 7, 2);
INSERT INTO `accounts_bloguser_groups` (`id`, `bloguser_id`, `group_id`) VALUES (8, 8, 2);
INSERT INTO `accounts_bloguser_groups` (`id`, `bloguser_id`, `group_id`) VALUES (7, 9, 2);
INSERT INTO `accounts_bloguser_groups` (`id`, `bloguser_id`, `group_id`) VALUES (6, 10, 2);
INSERT INTO `accounts_bloguser_groups` (`id`, `bloguser_id`, `group_id`) VALUES (5, 11, 2);
INSERT INTO `accounts_bloguser_groups` (`id`, `bloguser_id`, `group_id`) VALUES (3, 12, 1);
INSERT INTO `accounts_bloguser_groups` (`id`, `bloguser_id`, `group_id`) VALUES (4, 12, 2);
INSERT INTO `accounts_bloguser_groups` (`id`, `bloguser_id`, `group_id`) VALUES (13, 13, 2);
COMMIT;

-- ----------------------------
-- Table structure for accounts_bloguser_user_permissions
-- ----------------------------
DROP TABLE IF EXISTS `accounts_bloguser_user_permissions`;
CREATE TABLE `accounts_bloguser_user_permissions` (
  `id` bigint NOT NULL AUTO_INCREMENT,
  `bloguser_id` bigint NOT NULL,
  `permission_id` int NOT NULL,
  PRIMARY KEY (`id`),
  UNIQUE KEY `accounts_bloguser_user_p_bloguser_id_permission_i_14808777_uniq` (`bloguser_id`,`permission_id`),
  KEY `accounts_bloguser_us_permission_id_ae5159b9_fk_auth_perm` (`permission_id`),
  CONSTRAINT `accounts_bloguser_us_bloguser_id_7e1b5742_fk_accounts_` FOREIGN KEY (`bloguser_id`) REFERENCES `accounts_bloguser` (`id`),
  CONSTRAINT `accounts_bloguser_us_permission_id_ae5159b9_fk_auth_perm` FOREIGN KEY (`permission_id`) REFERENCES `auth_permission` (`id`)
) ENGINE=InnoDB AUTO_INCREMENT=480 DEFAULT CHARSET=utf8mb4 COLLATE=utf8mb4_0900_ai_ci;

-- ----------------------------
-- Records of accounts_bloguser_user_permissions
-- ----------------------------
BEGIN;
INSERT INTO `accounts_bloguser_user_permissions` (`id`, `bloguser_id`, `permission_id`) VALUES (404, 3, 1);
INSERT INTO `accounts_bloguser_user_permissions` (`id`, `bloguser_id`, `permission_id`) VALUES (405, 3, 2);
INSERT INTO `accounts_bloguser_user_permissions` (`id`, `bloguser_id`, `permission_id`) VALUES (406, 3, 3);
INSERT INTO `accounts_bloguser_user_permissions` (`id`, `bloguser_id`, `permission_id`) VALUES (407, 3, 4);
INSERT INTO `accounts_bloguser_user_permissions` (`id`, `bloguser_id`, `permission_id`) VALUES (408, 3, 5);
INSERT INTO `accounts_bloguser_user_permissions` (`id`, `bloguser_id`, `permission_id`) VALUES (409, 3, 6);
INSERT INTO `accounts_bloguser_user_permissions` (`id`, `bloguser_id`, `permission_id`) VALUES (410, 3, 7);
INSERT INTO `accounts_bloguser_user_permissions` (`id`, `bloguser_id`, `permission_id`) VALUES (411, 3, 8);
INSERT INTO `accounts_bloguser_user_permissions` (`id`, `bloguser_id`, `permission_id`) VALUES (412, 3, 9);
INSERT INTO `accounts_bloguser_user_permissions` (`id`, `bloguser_id`, `permission_id`) VALUES (413, 3, 10);
INSERT INTO `accounts_bloguser_user_permissions` (`id`, `bloguser_id`, `permission_id`) VALUES (414, 3, 11);
INSERT INTO `accounts_bloguser_user_permissions` (`id`, `bloguser_id`, `permission_id`) VALUES (415, 3, 12);
INSERT INTO `accounts_bloguser_user_permissions` (`id`, `bloguser_id`, `permission_id`) VALUES (416, 3, 13);
INSERT INTO `accounts_bloguser_user_permissions` (`id`, `bloguser_id`, `permission_id`) VALUES (417, 3, 14);
INSERT INTO `accounts_bloguser_user_permissions` (`id`, `bloguser_id`, `permission_id`) VALUES (418, 3, 15);
INSERT INTO `accounts_bloguser_user_permissions` (`id`, `bloguser_id`, `permission_id`) VALUES (419, 3, 16);
INSERT INTO `accounts_bloguser_user_permissions` (`id`, `bloguser_id`, `permission_id`) VALUES (420, 3, 17);
INSERT INTO `accounts_bloguser_user_permissions` (`id`, `bloguser_id`, `permission_id`) VALUES (421, 3, 18);
INSERT INTO `accounts_bloguser_user_permissions` (`id`, `bloguser_id`, `permission_id`) VALUES (422, 3, 19);
INSERT INTO `accounts_bloguser_user_permissions` (`id`, `bloguser_id`, `permission_id`) VALUES (423, 3, 20);
INSERT INTO `accounts_bloguser_user_permissions` (`id`, `bloguser_id`, `permission_id`) VALUES (424, 3, 21);
INSERT INTO `accounts_bloguser_user_permissions` (`id`, `bloguser_id`, `permission_id`) VALUES (425, 3, 22);
INSERT INTO `accounts_bloguser_user_permissions` (`id`, `bloguser_id`, `permission_id`) VALUES (426, 3, 23);
INSERT INTO `accounts_bloguser_user_permissions` (`id`, `bloguser_id`, `permission_id`) VALUES (427, 3, 24);
INSERT INTO `accounts_bloguser_user_permissions` (`id`, `bloguser_id`, `permission_id`) VALUES (428, 3, 25);
INSERT INTO `accounts_bloguser_user_permissions` (`id`, `bloguser_id`, `permission_id`) VALUES (429, 3, 26);
INSERT INTO `accounts_bloguser_user_permissions` (`id`, `bloguser_id`, `permission_id`) VALUES (430, 3, 27);
INSERT INTO `accounts_bloguser_user_permissions` (`id`, `bloguser_id`, `permission_id`) VALUES (431, 3, 28);
INSERT INTO `accounts_bloguser_user_permissions` (`id`, `bloguser_id`, `permission_id`) VALUES (432, 3, 29);
INSERT INTO `accounts_bloguser_user_permissions` (`id`, `bloguser_id`, `permission_id`) VALUES (433, 3, 30);
INSERT INTO `accounts_bloguser_user_permissions` (`id`, `bloguser_id`, `permission_id`) VALUES (434, 3, 31);
INSERT INTO `accounts_bloguser_user_permissions` (`id`, `bloguser_id`, `permission_id`) VALUES (435, 3, 32);
INSERT INTO `accounts_bloguser_user_permissions` (`id`, `bloguser_id`, `permission_id`) VALUES (436, 3, 33);
INSERT INTO `accounts_bloguser_user_permissions` (`id`, `bloguser_id`, `permission_id`) VALUES (437, 3, 34);
INSERT INTO `accounts_bloguser_user_permissions` (`id`, `bloguser_id`, `permission_id`) VALUES (438, 3, 35);
INSERT INTO `accounts_bloguser_user_permissions` (`id`, `bloguser_id`, `permission_id`) VALUES (439, 3, 36);
INSERT INTO `accounts_bloguser_user_permissions` (`id`, `bloguser_id`, `permission_id`) VALUES (440, 3, 37);
INSERT INTO `accounts_bloguser_user_permissions` (`id`, `bloguser_id`, `permission_id`) VALUES (441, 3, 38);
INSERT INTO `accounts_bloguser_user_permissions` (`id`, `bloguser_id`, `permission_id`) VALUES (442, 3, 39);
INSERT INTO `accounts_bloguser_user_permissions` (`id`, `bloguser_id`, `permission_id`) VALUES (443, 3, 40);
INSERT INTO `accounts_bloguser_user_permissions` (`id`, `bloguser_id`, `permission_id`) VALUES (444, 3, 41);
INSERT INTO `accounts_bloguser_user_permissions` (`id`, `bloguser_id`, `permission_id`) VALUES (445, 3, 42);
INSERT INTO `accounts_bloguser_user_permissions` (`id`, `bloguser_id`, `permission_id`) VALUES (446, 3, 43);
INSERT INTO `accounts_bloguser_user_permissions` (`id`, `bloguser_id`, `permission_id`) VALUES (447, 3, 44);
INSERT INTO `accounts_bloguser_user_permissions` (`id`, `bloguser_id`, `permission_id`) VALUES (448, 3, 45);
INSERT INTO `accounts_bloguser_user_permissions` (`id`, `bloguser_id`, `permission_id`) VALUES (449, 3, 46);
INSERT INTO `accounts_bloguser_user_permissions` (`id`, `bloguser_id`, `permission_id`) VALUES (450, 3, 47);
INSERT INTO `accounts_bloguser_user_permissions` (`id`, `bloguser_id`, `permission_id`) VALUES (451, 3, 48);
INSERT INTO `accounts_bloguser_user_permissions` (`id`, `bloguser_id`, `permission_id`) VALUES (452, 3, 49);
INSERT INTO `accounts_bloguser_user_permissions` (`id`, `bloguser_id`, `permission_id`) VALUES (453, 3, 50);
INSERT INTO `accounts_bloguser_user_permissions` (`id`, `bloguser_id`, `permission_id`) VALUES (454, 3, 51);
INSERT INTO `accounts_bloguser_user_permissions` (`id`, `bloguser_id`, `permission_id`) VALUES (455, 3, 52);
INSERT INTO `accounts_bloguser_user_permissions` (`id`, `bloguser_id`, `permission_id`) VALUES (456, 3, 53);
INSERT INTO `accounts_bloguser_user_permissions` (`id`, `bloguser_id`, `permission_id`) VALUES (457, 3, 54);
INSERT INTO `accounts_bloguser_user_permissions` (`id`, `bloguser_id`, `permission_id`) VALUES (458, 3, 55);
INSERT INTO `accounts_bloguser_user_permissions` (`id`, `bloguser_id`, `permission_id`) VALUES (459, 3, 56);
INSERT INTO `accounts_bloguser_user_permissions` (`id`, `bloguser_id`, `permission_id`) VALUES (460, 3, 57);
INSERT INTO `accounts_bloguser_user_permissions` (`id`, `bloguser_id`, `permission_id`) VALUES (461, 3, 58);
INSERT INTO `accounts_bloguser_user_permissions` (`id`, `bloguser_id`, `permission_id`) VALUES (462, 3, 59);
INSERT INTO `accounts_bloguser_user_permissions` (`id`, `bloguser_id`, `permission_id`) VALUES (463, 3, 60);
INSERT INTO `accounts_bloguser_user_permissions` (`id`, `bloguser_id`, `permission_id`) VALUES (464, 3, 61);
INSERT INTO `accounts_bloguser_user_permissions` (`id`, `bloguser_id`, `permission_id`) VALUES (465, 3, 62);
INSERT INTO `accounts_bloguser_user_permissions` (`id`, `bloguser_id`, `permission_id`) VALUES (466, 3, 63);
INSERT INTO `accounts_bloguser_user_permissions` (`id`, `bloguser_id`, `permission_id`) VALUES (467, 3, 64);
INSERT INTO `accounts_bloguser_user_permissions` (`id`, `bloguser_id`, `permission_id`) VALUES (468, 3, 65);
INSERT INTO `accounts_bloguser_user_permissions` (`id`, `bloguser_id`, `permission_id`) VALUES (469, 3, 66);
INSERT INTO `accounts_bloguser_user_permissions` (`id`, `bloguser_id`, `permission_id`) VALUES (470, 3, 67);
INSERT INTO `accounts_bloguser_user_permissions` (`id`, `bloguser_id`, `permission_id`) VALUES (471, 3, 68);
INSERT INTO `accounts_bloguser_user_permissions` (`id`, `bloguser_id`, `permission_id`) VALUES (472, 3, 69);
INSERT INTO `accounts_bloguser_user_permissions` (`id`, `bloguser_id`, `permission_id`) VALUES (473, 3, 70);
INSERT INTO `accounts_bloguser_user_permissions` (`id`, `bloguser_id`, `permission_id`) VALUES (474, 3, 71);
INSERT INTO `accounts_bloguser_user_permissions` (`id`, `bloguser_id`, `permission_id`) VALUES (475, 3, 72);
INSERT INTO `accounts_bloguser_user_permissions` (`id`, `bloguser_id`, `permission_id`) VALUES (80, 4, 4);
INSERT INTO `accounts_bloguser_user_permissions` (`id`, `bloguser_id`, `permission_id`) VALUES (133, 4, 13);
INSERT INTO `accounts_bloguser_user_permissions` (`id`, `bloguser_id`, `permission_id`) VALUES (134, 4, 14);
INSERT INTO `accounts_bloguser_user_permissions` (`id`, `bloguser_id`, `permission_id`) VALUES (135, 4, 15);
INSERT INTO `accounts_bloguser_user_permissions` (`id`, `bloguser_id`, `permission_id`) VALUES (136, 4, 16);
INSERT INTO `accounts_bloguser_user_permissions` (`id`, `bloguser_id`, `permission_id`) VALUES (9, 4, 29);
INSERT INTO `accounts_bloguser_user_permissions` (`id`, `bloguser_id`, `permission_id`) VALUES (10, 4, 30);
INSERT INTO `accounts_bloguser_user_permissions` (`id`, `bloguser_id`, `permission_id`) VALUES (11, 4, 31);
INSERT INTO `accounts_bloguser_user_permissions` (`id`, `bloguser_id`, `permission_id`) VALUES (12, 4, 32);
INSERT INTO `accounts_bloguser_user_permissions` (`id`, `bloguser_id`, `permission_id`) VALUES (13, 4, 33);
INSERT INTO `accounts_bloguser_user_permissions` (`id`, `bloguser_id`, `permission_id`) VALUES (14, 4, 34);
INSERT INTO `accounts_bloguser_user_permissions` (`id`, `bloguser_id`, `permission_id`) VALUES (15, 4, 35);
INSERT INTO `accounts_bloguser_user_permissions` (`id`, `bloguser_id`, `permission_id`) VALUES (16, 4, 36);
INSERT INTO `accounts_bloguser_user_permissions` (`id`, `bloguser_id`, `permission_id`) VALUES (17, 4, 37);
INSERT INTO `accounts_bloguser_user_permissions` (`id`, `bloguser_id`, `permission_id`) VALUES (18, 4, 38);
INSERT INTO `accounts_bloguser_user_permissions` (`id`, `bloguser_id`, `permission_id`) VALUES (19, 4, 39);
INSERT INTO `accounts_bloguser_user_permissions` (`id`, `bloguser_id`, `permission_id`) VALUES (20, 4, 40);
INSERT INTO `accounts_bloguser_user_permissions` (`id`, `bloguser_id`, `permission_id`) VALUES (21, 4, 41);
INSERT INTO `accounts_bloguser_user_permissions` (`id`, `bloguser_id`, `permission_id`) VALUES (22, 4, 42);
INSERT INTO `accounts_bloguser_user_permissions` (`id`, `bloguser_id`, `permission_id`) VALUES (24, 4, 44);
INSERT INTO `accounts_bloguser_user_permissions` (`id`, `bloguser_id`, `permission_id`) VALUES (25, 4, 45);
INSERT INTO `accounts_bloguser_user_permissions` (`id`, `bloguser_id`, `permission_id`) VALUES (26, 4, 46);
INSERT INTO `accounts_bloguser_user_permissions` (`id`, `bloguser_id`, `permission_id`) VALUES (27, 4, 47);
INSERT INTO `accounts_bloguser_user_permissions` (`id`, `bloguser_id`, `permission_id`) VALUES (28, 4, 48);
INSERT INTO `accounts_bloguser_user_permissions` (`id`, `bloguser_id`, `permission_id`) VALUES (29, 4, 53);
INSERT INTO `accounts_bloguser_user_permissions` (`id`, `bloguser_id`, `permission_id`) VALUES (32, 4, 56);
INSERT INTO `accounts_bloguser_user_permissions` (`id`, `bloguser_id`, `permission_id`) VALUES (148, 4, 65);
INSERT INTO `accounts_bloguser_user_permissions` (`id`, `bloguser_id`, `permission_id`) VALUES (151, 4, 68);
INSERT INTO `accounts_bloguser_user_permissions` (`id`, `bloguser_id`, `permission_id`) VALUES (155, 4, 72);
INSERT INTO `accounts_bloguser_user_permissions` (`id`, `bloguser_id`, `permission_id`) VALUES (160, 5, 1);
INSERT INTO `accounts_bloguser_user_permissions` (`id`, `bloguser_id`, `permission_id`) VALUES (161, 5, 2);
INSERT INTO `accounts_bloguser_user_permissions` (`id`, `bloguser_id`, `permission_id`) VALUES (162, 5, 3);
INSERT INTO `accounts_bloguser_user_permissions` (`id`, `bloguser_id`, `permission_id`) VALUES (163, 5, 4);
INSERT INTO `accounts_bloguser_user_permissions` (`id`, `bloguser_id`, `permission_id`) VALUES (388, 5, 5);
INSERT INTO `accounts_bloguser_user_permissions` (`id`, `bloguser_id`, `permission_id`) VALUES (389, 5, 6);
INSERT INTO `accounts_bloguser_user_permissions` (`id`, `bloguser_id`, `permission_id`) VALUES (390, 5, 7);
INSERT INTO `accounts_bloguser_user_permissions` (`id`, `bloguser_id`, `permission_id`) VALUES (391, 5, 8);
INSERT INTO `accounts_bloguser_user_permissions` (`id`, `bloguser_id`, `permission_id`) VALUES (392, 5, 9);
INSERT INTO `accounts_bloguser_user_permissions` (`id`, `bloguser_id`, `permission_id`) VALUES (393, 5, 10);
INSERT INTO `accounts_bloguser_user_permissions` (`id`, `bloguser_id`, `permission_id`) VALUES (394, 5, 11);
INSERT INTO `accounts_bloguser_user_permissions` (`id`, `bloguser_id`, `permission_id`) VALUES (395, 5, 12);
INSERT INTO `accounts_bloguser_user_permissions` (`id`, `bloguser_id`, `permission_id`) VALUES (172, 5, 13);
INSERT INTO `accounts_bloguser_user_permissions` (`id`, `bloguser_id`, `permission_id`) VALUES (173, 5, 14);
INSERT INTO `accounts_bloguser_user_permissions` (`id`, `bloguser_id`, `permission_id`) VALUES (174, 5, 15);
INSERT INTO `accounts_bloguser_user_permissions` (`id`, `bloguser_id`, `permission_id`) VALUES (175, 5, 16);
INSERT INTO `accounts_bloguser_user_permissions` (`id`, `bloguser_id`, `permission_id`) VALUES (176, 5, 17);
INSERT INTO `accounts_bloguser_user_permissions` (`id`, `bloguser_id`, `permission_id`) VALUES (177, 5, 18);
INSERT INTO `accounts_bloguser_user_permissions` (`id`, `bloguser_id`, `permission_id`) VALUES (178, 5, 19);
INSERT INTO `accounts_bloguser_user_permissions` (`id`, `bloguser_id`, `permission_id`) VALUES (179, 5, 20);
INSERT INTO `accounts_bloguser_user_permissions` (`id`, `bloguser_id`, `permission_id`) VALUES (400, 5, 21);
INSERT INTO `accounts_bloguser_user_permissions` (`id`, `bloguser_id`, `permission_id`) VALUES (401, 5, 22);
INSERT INTO `accounts_bloguser_user_permissions` (`id`, `bloguser_id`, `permission_id`) VALUES (402, 5, 23);
INSERT INTO `accounts_bloguser_user_permissions` (`id`, `bloguser_id`, `permission_id`) VALUES (403, 5, 24);
INSERT INTO `accounts_bloguser_user_permissions` (`id`, `bloguser_id`, `permission_id`) VALUES (184, 5, 25);
INSERT INTO `accounts_bloguser_user_permissions` (`id`, `bloguser_id`, `permission_id`) VALUES (185, 5, 26);
INSERT INTO `accounts_bloguser_user_permissions` (`id`, `bloguser_id`, `permission_id`) VALUES (186, 5, 27);
INSERT INTO `accounts_bloguser_user_permissions` (`id`, `bloguser_id`, `permission_id`) VALUES (187, 5, 28);
INSERT INTO `accounts_bloguser_user_permissions` (`id`, `bloguser_id`, `permission_id`) VALUES (188, 5, 29);
INSERT INTO `accounts_bloguser_user_permissions` (`id`, `bloguser_id`, `permission_id`) VALUES (189, 5, 30);
INSERT INTO `accounts_bloguser_user_permissions` (`id`, `bloguser_id`, `permission_id`) VALUES (190, 5, 31);
INSERT INTO `accounts_bloguser_user_permissions` (`id`, `bloguser_id`, `permission_id`) VALUES (191, 5, 32);
INSERT INTO `accounts_bloguser_user_permissions` (`id`, `bloguser_id`, `permission_id`) VALUES (192, 5, 33);
INSERT INTO `accounts_bloguser_user_permissions` (`id`, `bloguser_id`, `permission_id`) VALUES (193, 5, 34);
INSERT INTO `accounts_bloguser_user_permissions` (`id`, `bloguser_id`, `permission_id`) VALUES (194, 5, 35);
INSERT INTO `accounts_bloguser_user_permissions` (`id`, `bloguser_id`, `permission_id`) VALUES (195, 5, 36);
INSERT INTO `accounts_bloguser_user_permissions` (`id`, `bloguser_id`, `permission_id`) VALUES (196, 5, 37);
INSERT INTO `accounts_bloguser_user_permissions` (`id`, `bloguser_id`, `permission_id`) VALUES (197, 5, 38);
INSERT INTO `accounts_bloguser_user_permissions` (`id`, `bloguser_id`, `permission_id`) VALUES (198, 5, 39);
INSERT INTO `accounts_bloguser_user_permissions` (`id`, `bloguser_id`, `permission_id`) VALUES (199, 5, 40);
INSERT INTO `accounts_bloguser_user_permissions` (`id`, `bloguser_id`, `permission_id`) VALUES (200, 5, 41);
INSERT INTO `accounts_bloguser_user_permissions` (`id`, `bloguser_id`, `permission_id`) VALUES (201, 5, 42);
INSERT INTO `accounts_bloguser_user_permissions` (`id`, `bloguser_id`, `permission_id`) VALUES (202, 5, 43);
INSERT INTO `accounts_bloguser_user_permissions` (`id`, `bloguser_id`, `permission_id`) VALUES (203, 5, 44);
INSERT INTO `accounts_bloguser_user_permissions` (`id`, `bloguser_id`, `permission_id`) VALUES (204, 5, 45);
INSERT INTO `accounts_bloguser_user_permissions` (`id`, `bloguser_id`, `permission_id`) VALUES (205, 5, 46);
INSERT INTO `accounts_bloguser_user_permissions` (`id`, `bloguser_id`, `permission_id`) VALUES (206, 5, 47);
INSERT INTO `accounts_bloguser_user_permissions` (`id`, `bloguser_id`, `permission_id`) VALUES (207, 5, 48);
INSERT INTO `accounts_bloguser_user_permissions` (`id`, `bloguser_id`, `permission_id`) VALUES (396, 5, 49);
INSERT INTO `accounts_bloguser_user_permissions` (`id`, `bloguser_id`, `permission_id`) VALUES (397, 5, 50);
INSERT INTO `accounts_bloguser_user_permissions` (`id`, `bloguser_id`, `permission_id`) VALUES (398, 5, 51);
INSERT INTO `accounts_bloguser_user_permissions` (`id`, `bloguser_id`, `permission_id`) VALUES (399, 5, 52);
INSERT INTO `accounts_bloguser_user_permissions` (`id`, `bloguser_id`, `permission_id`) VALUES (212, 5, 53);
INSERT INTO `accounts_bloguser_user_permissions` (`id`, `bloguser_id`, `permission_id`) VALUES (213, 5, 54);
INSERT INTO `accounts_bloguser_user_permissions` (`id`, `bloguser_id`, `permission_id`) VALUES (214, 5, 55);
INSERT INTO `accounts_bloguser_user_permissions` (`id`, `bloguser_id`, `permission_id`) VALUES (215, 5, 56);
INSERT INTO `accounts_bloguser_user_permissions` (`id`, `bloguser_id`, `permission_id`) VALUES (216, 5, 57);
INSERT INTO `accounts_bloguser_user_permissions` (`id`, `bloguser_id`, `permission_id`) VALUES (217, 5, 58);
INSERT INTO `accounts_bloguser_user_permissions` (`id`, `bloguser_id`, `permission_id`) VALUES (218, 5, 59);
INSERT INTO `accounts_bloguser_user_permissions` (`id`, `bloguser_id`, `permission_id`) VALUES (219, 5, 60);
INSERT INTO `accounts_bloguser_user_permissions` (`id`, `bloguser_id`, `permission_id`) VALUES (220, 5, 61);
INSERT INTO `accounts_bloguser_user_permissions` (`id`, `bloguser_id`, `permission_id`) VALUES (221, 5, 62);
INSERT INTO `accounts_bloguser_user_permissions` (`id`, `bloguser_id`, `permission_id`) VALUES (222, 5, 63);
INSERT INTO `accounts_bloguser_user_permissions` (`id`, `bloguser_id`, `permission_id`) VALUES (223, 5, 64);
INSERT INTO `accounts_bloguser_user_permissions` (`id`, `bloguser_id`, `permission_id`) VALUES (224, 5, 65);
INSERT INTO `accounts_bloguser_user_permissions` (`id`, `bloguser_id`, `permission_id`) VALUES (225, 5, 66);
INSERT INTO `accounts_bloguser_user_permissions` (`id`, `bloguser_id`, `permission_id`) VALUES (226, 5, 67);
INSERT INTO `accounts_bloguser_user_permissions` (`id`, `bloguser_id`, `permission_id`) VALUES (227, 5, 68);
INSERT INTO `accounts_bloguser_user_permissions` (`id`, `bloguser_id`, `permission_id`) VALUES (228, 5, 69);
INSERT INTO `accounts_bloguser_user_permissions` (`id`, `bloguser_id`, `permission_id`) VALUES (229, 5, 70);
INSERT INTO `accounts_bloguser_user_permissions` (`id`, `bloguser_id`, `permission_id`) VALUES (230, 5, 71);
INSERT INTO `accounts_bloguser_user_permissions` (`id`, `bloguser_id`, `permission_id`) VALUES (231, 5, 72);
INSERT INTO `accounts_bloguser_user_permissions` (`id`, `bloguser_id`, `permission_id`) VALUES (236, 6, 4);
INSERT INTO `accounts_bloguser_user_permissions` (`id`, `bloguser_id`, `permission_id`) VALUES (237, 6, 8);
INSERT INTO `accounts_bloguser_user_permissions` (`id`, `bloguser_id`, `permission_id`) VALUES (238, 6, 12);
INSERT INTO `accounts_bloguser_user_permissions` (`id`, `bloguser_id`, `permission_id`) VALUES (239, 6, 16);
INSERT INTO `accounts_bloguser_user_permissions` (`id`, `bloguser_id`, `permission_id`) VALUES (240, 6, 17);
INSERT INTO `accounts_bloguser_user_permissions` (`id`, `bloguser_id`, `permission_id`) VALUES (241, 6, 18);
INSERT INTO `accounts_bloguser_user_permissions` (`id`, `bloguser_id`, `permission_id`) VALUES (242, 6, 19);
INSERT INTO `accounts_bloguser_user_permissions` (`id`, `bloguser_id`, `permission_id`) VALUES (243, 6, 20);
INSERT INTO `accounts_bloguser_user_permissions` (`id`, `bloguser_id`, `permission_id`) VALUES (244, 6, 24);
INSERT INTO `accounts_bloguser_user_permissions` (`id`, `bloguser_id`, `permission_id`) VALUES (245, 6, 28);
INSERT INTO `accounts_bloguser_user_permissions` (`id`, `bloguser_id`, `permission_id`) VALUES (246, 6, 32);
INSERT INTO `accounts_bloguser_user_permissions` (`id`, `bloguser_id`, `permission_id`) VALUES (247, 6, 36);
INSERT INTO `accounts_bloguser_user_permissions` (`id`, `bloguser_id`, `permission_id`) VALUES (248, 6, 40);
INSERT INTO `accounts_bloguser_user_permissions` (`id`, `bloguser_id`, `permission_id`) VALUES (249, 6, 44);
INSERT INTO `accounts_bloguser_user_permissions` (`id`, `bloguser_id`, `permission_id`) VALUES (250, 6, 48);
INSERT INTO `accounts_bloguser_user_permissions` (`id`, `bloguser_id`, `permission_id`) VALUES (251, 6, 52);
INSERT INTO `accounts_bloguser_user_permissions` (`id`, `bloguser_id`, `permission_id`) VALUES (252, 6, 53);
INSERT INTO `accounts_bloguser_user_permissions` (`id`, `bloguser_id`, `permission_id`) VALUES (253, 6, 54);
INSERT INTO `accounts_bloguser_user_permissions` (`id`, `bloguser_id`, `permission_id`) VALUES (254, 6, 55);
INSERT INTO `accounts_bloguser_user_permissions` (`id`, `bloguser_id`, `permission_id`) VALUES (255, 6, 56);
INSERT INTO `accounts_bloguser_user_permissions` (`id`, `bloguser_id`, `permission_id`) VALUES (256, 6, 60);
INSERT INTO `accounts_bloguser_user_permissions` (`id`, `bloguser_id`, `permission_id`) VALUES (257, 6, 64);
INSERT INTO `accounts_bloguser_user_permissions` (`id`, `bloguser_id`, `permission_id`) VALUES (258, 6, 68);
INSERT INTO `accounts_bloguser_user_permissions` (`id`, `bloguser_id`, `permission_id`) VALUES (259, 6, 72);
INSERT INTO `accounts_bloguser_user_permissions` (`id`, `bloguser_id`, `permission_id`) VALUES (261, 7, 4);
INSERT INTO `accounts_bloguser_user_permissions` (`id`, `bloguser_id`, `permission_id`) VALUES (262, 7, 8);
INSERT INTO `accounts_bloguser_user_permissions` (`id`, `bloguser_id`, `permission_id`) VALUES (263, 7, 12);
INSERT INTO `accounts_bloguser_user_permissions` (`id`, `bloguser_id`, `permission_id`) VALUES (264, 7, 16);
INSERT INTO `accounts_bloguser_user_permissions` (`id`, `bloguser_id`, `permission_id`) VALUES (265, 7, 17);
INSERT INTO `accounts_bloguser_user_permissions` (`id`, `bloguser_id`, `permission_id`) VALUES (266, 7, 20);
INSERT INTO `accounts_bloguser_user_permissions` (`id`, `bloguser_id`, `permission_id`) VALUES (267, 7, 24);
INSERT INTO `accounts_bloguser_user_permissions` (`id`, `bloguser_id`, `permission_id`) VALUES (268, 7, 28);
INSERT INTO `accounts_bloguser_user_permissions` (`id`, `bloguser_id`, `permission_id`) VALUES (269, 7, 32);
INSERT INTO `accounts_bloguser_user_permissions` (`id`, `bloguser_id`, `permission_id`) VALUES (270, 7, 36);
INSERT INTO `accounts_bloguser_user_permissions` (`id`, `bloguser_id`, `permission_id`) VALUES (271, 7, 40);
INSERT INTO `accounts_bloguser_user_permissions` (`id`, `bloguser_id`, `permission_id`) VALUES (272, 7, 44);
INSERT INTO `accounts_bloguser_user_permissions` (`id`, `bloguser_id`, `permission_id`) VALUES (273, 7, 48);
INSERT INTO `accounts_bloguser_user_permissions` (`id`, `bloguser_id`, `permission_id`) VALUES (274, 7, 52);
INSERT INTO `accounts_bloguser_user_permissions` (`id`, `bloguser_id`, `permission_id`) VALUES (275, 7, 53);
INSERT INTO `accounts_bloguser_user_permissions` (`id`, `bloguser_id`, `permission_id`) VALUES (276, 7, 56);
INSERT INTO `accounts_bloguser_user_permissions` (`id`, `bloguser_id`, `permission_id`) VALUES (277, 7, 60);
INSERT INTO `accounts_bloguser_user_permissions` (`id`, `bloguser_id`, `permission_id`) VALUES (278, 7, 64);
INSERT INTO `accounts_bloguser_user_permissions` (`id`, `bloguser_id`, `permission_id`) VALUES (279, 7, 68);
INSERT INTO `accounts_bloguser_user_permissions` (`id`, `bloguser_id`, `permission_id`) VALUES (280, 7, 72);
INSERT INTO `accounts_bloguser_user_permissions` (`id`, `bloguser_id`, `permission_id`) VALUES (282, 8, 4);
INSERT INTO `accounts_bloguser_user_permissions` (`id`, `bloguser_id`, `permission_id`) VALUES (283, 8, 8);
INSERT INTO `accounts_bloguser_user_permissions` (`id`, `bloguser_id`, `permission_id`) VALUES (284, 8, 12);
INSERT INTO `accounts_bloguser_user_permissions` (`id`, `bloguser_id`, `permission_id`) VALUES (285, 8, 16);
INSERT INTO `accounts_bloguser_user_permissions` (`id`, `bloguser_id`, `permission_id`) VALUES (286, 8, 17);
INSERT INTO `accounts_bloguser_user_permissions` (`id`, `bloguser_id`, `permission_id`) VALUES (287, 8, 20);
INSERT INTO `accounts_bloguser_user_permissions` (`id`, `bloguser_id`, `permission_id`) VALUES (288, 8, 24);
INSERT INTO `accounts_bloguser_user_permissions` (`id`, `bloguser_id`, `permission_id`) VALUES (289, 8, 28);
INSERT INTO `accounts_bloguser_user_permissions` (`id`, `bloguser_id`, `permission_id`) VALUES (290, 8, 32);
INSERT INTO `accounts_bloguser_user_permissions` (`id`, `bloguser_id`, `permission_id`) VALUES (291, 8, 36);
INSERT INTO `accounts_bloguser_user_permissions` (`id`, `bloguser_id`, `permission_id`) VALUES (292, 8, 40);
INSERT INTO `accounts_bloguser_user_permissions` (`id`, `bloguser_id`, `permission_id`) VALUES (293, 8, 44);
INSERT INTO `accounts_bloguser_user_permissions` (`id`, `bloguser_id`, `permission_id`) VALUES (294, 8, 48);
INSERT INTO `accounts_bloguser_user_permissions` (`id`, `bloguser_id`, `permission_id`) VALUES (295, 8, 52);
INSERT INTO `accounts_bloguser_user_permissions` (`id`, `bloguser_id`, `permission_id`) VALUES (296, 8, 53);
INSERT INTO `accounts_bloguser_user_permissions` (`id`, `bloguser_id`, `permission_id`) VALUES (297, 8, 56);
INSERT INTO `accounts_bloguser_user_permissions` (`id`, `bloguser_id`, `permission_id`) VALUES (298, 8, 60);
INSERT INTO `accounts_bloguser_user_permissions` (`id`, `bloguser_id`, `permission_id`) VALUES (299, 8, 64);
INSERT INTO `accounts_bloguser_user_permissions` (`id`, `bloguser_id`, `permission_id`) VALUES (300, 8, 68);
INSERT INTO `accounts_bloguser_user_permissions` (`id`, `bloguser_id`, `permission_id`) VALUES (301, 8, 72);
INSERT INTO `accounts_bloguser_user_permissions` (`id`, `bloguser_id`, `permission_id`) VALUES (303, 9, 4);
INSERT INTO `accounts_bloguser_user_permissions` (`id`, `bloguser_id`, `permission_id`) VALUES (304, 9, 8);
INSERT INTO `accounts_bloguser_user_permissions` (`id`, `bloguser_id`, `permission_id`) VALUES (305, 9, 12);
INSERT INTO `accounts_bloguser_user_permissions` (`id`, `bloguser_id`, `permission_id`) VALUES (306, 9, 16);
INSERT INTO `accounts_bloguser_user_permissions` (`id`, `bloguser_id`, `permission_id`) VALUES (307, 9, 17);
INSERT INTO `accounts_bloguser_user_permissions` (`id`, `bloguser_id`, `permission_id`) VALUES (308, 9, 20);
INSERT INTO `accounts_bloguser_user_permissions` (`id`, `bloguser_id`, `permission_id`) VALUES (309, 9, 24);
INSERT INTO `accounts_bloguser_user_permissions` (`id`, `bloguser_id`, `permission_id`) VALUES (310, 9, 28);
INSERT INTO `accounts_bloguser_user_permissions` (`id`, `bloguser_id`, `permission_id`) VALUES (311, 9, 32);
INSERT INTO `accounts_bloguser_user_permissions` (`id`, `bloguser_id`, `permission_id`) VALUES (312, 9, 36);
INSERT INTO `accounts_bloguser_user_permissions` (`id`, `bloguser_id`, `permission_id`) VALUES (313, 9, 40);
INSERT INTO `accounts_bloguser_user_permissions` (`id`, `bloguser_id`, `permission_id`) VALUES (314, 9, 44);
INSERT INTO `accounts_bloguser_user_permissions` (`id`, `bloguser_id`, `permission_id`) VALUES (315, 9, 48);
INSERT INTO `accounts_bloguser_user_permissions` (`id`, `bloguser_id`, `permission_id`) VALUES (316, 9, 52);
INSERT INTO `accounts_bloguser_user_permissions` (`id`, `bloguser_id`, `permission_id`) VALUES (317, 9, 53);
INSERT INTO `accounts_bloguser_user_permissions` (`id`, `bloguser_id`, `permission_id`) VALUES (318, 9, 56);
INSERT INTO `accounts_bloguser_user_permissions` (`id`, `bloguser_id`, `permission_id`) VALUES (319, 9, 60);
INSERT INTO `accounts_bloguser_user_permissions` (`id`, `bloguser_id`, `permission_id`) VALUES (320, 9, 64);
INSERT INTO `accounts_bloguser_user_permissions` (`id`, `bloguser_id`, `permission_id`) VALUES (321, 9, 68);
INSERT INTO `accounts_bloguser_user_permissions` (`id`, `bloguser_id`, `permission_id`) VALUES (322, 9, 72);
INSERT INTO `accounts_bloguser_user_permissions` (`id`, `bloguser_id`, `permission_id`) VALUES (324, 10, 4);
INSERT INTO `accounts_bloguser_user_permissions` (`id`, `bloguser_id`, `permission_id`) VALUES (325, 10, 8);
INSERT INTO `accounts_bloguser_user_permissions` (`id`, `bloguser_id`, `permission_id`) VALUES (326, 10, 12);
INSERT INTO `accounts_bloguser_user_permissions` (`id`, `bloguser_id`, `permission_id`) VALUES (327, 10, 16);
INSERT INTO `accounts_bloguser_user_permissions` (`id`, `bloguser_id`, `permission_id`) VALUES (328, 10, 17);
INSERT INTO `accounts_bloguser_user_permissions` (`id`, `bloguser_id`, `permission_id`) VALUES (329, 10, 20);
INSERT INTO `accounts_bloguser_user_permissions` (`id`, `bloguser_id`, `permission_id`) VALUES (330, 10, 24);
INSERT INTO `accounts_bloguser_user_permissions` (`id`, `bloguser_id`, `permission_id`) VALUES (331, 10, 28);
INSERT INTO `accounts_bloguser_user_permissions` (`id`, `bloguser_id`, `permission_id`) VALUES (332, 10, 32);
INSERT INTO `accounts_bloguser_user_permissions` (`id`, `bloguser_id`, `permission_id`) VALUES (333, 10, 36);
INSERT INTO `accounts_bloguser_user_permissions` (`id`, `bloguser_id`, `permission_id`) VALUES (334, 10, 40);
INSERT INTO `accounts_bloguser_user_permissions` (`id`, `bloguser_id`, `permission_id`) VALUES (335, 10, 44);
INSERT INTO `accounts_bloguser_user_permissions` (`id`, `bloguser_id`, `permission_id`) VALUES (336, 10, 48);
INSERT INTO `accounts_bloguser_user_permissions` (`id`, `bloguser_id`, `permission_id`) VALUES (337, 10, 52);
INSERT INTO `accounts_bloguser_user_permissions` (`id`, `bloguser_id`, `permission_id`) VALUES (338, 10, 53);
INSERT INTO `accounts_bloguser_user_permissions` (`id`, `bloguser_id`, `permission_id`) VALUES (339, 10, 56);
INSERT INTO `accounts_bloguser_user_permissions` (`id`, `bloguser_id`, `permission_id`) VALUES (340, 10, 60);
INSERT INTO `accounts_bloguser_user_permissions` (`id`, `bloguser_id`, `permission_id`) VALUES (341, 10, 64);
INSERT INTO `accounts_bloguser_user_permissions` (`id`, `bloguser_id`, `permission_id`) VALUES (342, 10, 68);
INSERT INTO `accounts_bloguser_user_permissions` (`id`, `bloguser_id`, `permission_id`) VALUES (343, 10, 72);
INSERT INTO `accounts_bloguser_user_permissions` (`id`, `bloguser_id`, `permission_id`) VALUES (345, 11, 4);
INSERT INTO `accounts_bloguser_user_permissions` (`id`, `bloguser_id`, `permission_id`) VALUES (346, 11, 8);
INSERT INTO `accounts_bloguser_user_permissions` (`id`, `bloguser_id`, `permission_id`) VALUES (347, 11, 12);
INSERT INTO `accounts_bloguser_user_permissions` (`id`, `bloguser_id`, `permission_id`) VALUES (348, 11, 16);
INSERT INTO `accounts_bloguser_user_permissions` (`id`, `bloguser_id`, `permission_id`) VALUES (349, 11, 17);
INSERT INTO `accounts_bloguser_user_permissions` (`id`, `bloguser_id`, `permission_id`) VALUES (350, 11, 20);
INSERT INTO `accounts_bloguser_user_permissions` (`id`, `bloguser_id`, `permission_id`) VALUES (351, 11, 24);
INSERT INTO `accounts_bloguser_user_permissions` (`id`, `bloguser_id`, `permission_id`) VALUES (352, 11, 28);
INSERT INTO `accounts_bloguser_user_permissions` (`id`, `bloguser_id`, `permission_id`) VALUES (353, 11, 32);
INSERT INTO `accounts_bloguser_user_permissions` (`id`, `bloguser_id`, `permission_id`) VALUES (354, 11, 36);
INSERT INTO `accounts_bloguser_user_permissions` (`id`, `bloguser_id`, `permission_id`) VALUES (355, 11, 40);
INSERT INTO `accounts_bloguser_user_permissions` (`id`, `bloguser_id`, `permission_id`) VALUES (356, 11, 44);
INSERT INTO `accounts_bloguser_user_permissions` (`id`, `bloguser_id`, `permission_id`) VALUES (357, 11, 48);
INSERT INTO `accounts_bloguser_user_permissions` (`id`, `bloguser_id`, `permission_id`) VALUES (358, 11, 52);
INSERT INTO `accounts_bloguser_user_permissions` (`id`, `bloguser_id`, `permission_id`) VALUES (359, 11, 53);
INSERT INTO `accounts_bloguser_user_permissions` (`id`, `bloguser_id`, `permission_id`) VALUES (360, 11, 56);
INSERT INTO `accounts_bloguser_user_permissions` (`id`, `bloguser_id`, `permission_id`) VALUES (361, 11, 60);
INSERT INTO `accounts_bloguser_user_permissions` (`id`, `bloguser_id`, `permission_id`) VALUES (362, 11, 64);
INSERT INTO `accounts_bloguser_user_permissions` (`id`, `bloguser_id`, `permission_id`) VALUES (363, 11, 68);
INSERT INTO `accounts_bloguser_user_permissions` (`id`, `bloguser_id`, `permission_id`) VALUES (364, 11, 72);
INSERT INTO `accounts_bloguser_user_permissions` (`id`, `bloguser_id`, `permission_id`) VALUES (366, 12, 4);
INSERT INTO `accounts_bloguser_user_permissions` (`id`, `bloguser_id`, `permission_id`) VALUES (369, 12, 16);
INSERT INTO `accounts_bloguser_user_permissions` (`id`, `bloguser_id`, `permission_id`) VALUES (370, 12, 20);
INSERT INTO `accounts_bloguser_user_permissions` (`id`, `bloguser_id`, `permission_id`) VALUES (371, 12, 24);
INSERT INTO `accounts_bloguser_user_permissions` (`id`, `bloguser_id`, `permission_id`) VALUES (372, 12, 28);
INSERT INTO `accounts_bloguser_user_permissions` (`id`, `bloguser_id`, `permission_id`) VALUES (373, 12, 32);
INSERT INTO `accounts_bloguser_user_permissions` (`id`, `bloguser_id`, `permission_id`) VALUES (374, 12, 36);
INSERT INTO `accounts_bloguser_user_permissions` (`id`, `bloguser_id`, `permission_id`) VALUES (375, 12, 40);
INSERT INTO `accounts_bloguser_user_permissions` (`id`, `bloguser_id`, `permission_id`) VALUES (376, 12, 44);
INSERT INTO `accounts_bloguser_user_permissions` (`id`, `bloguser_id`, `permission_id`) VALUES (377, 12, 45);
INSERT INTO `accounts_bloguser_user_permissions` (`id`, `bloguser_id`, `permission_id`) VALUES (378, 12, 46);
INSERT INTO `accounts_bloguser_user_permissions` (`id`, `bloguser_id`, `permission_id`) VALUES (379, 12, 48);
INSERT INTO `accounts_bloguser_user_permissions` (`id`, `bloguser_id`, `permission_id`) VALUES (380, 12, 52);
INSERT INTO `accounts_bloguser_user_permissions` (`id`, `bloguser_id`, `permission_id`) VALUES (381, 12, 53);
INSERT INTO `accounts_bloguser_user_permissions` (`id`, `bloguser_id`, `permission_id`) VALUES (382, 12, 56);
INSERT INTO `accounts_bloguser_user_permissions` (`id`, `bloguser_id`, `permission_id`) VALUES (383, 12, 60);
INSERT INTO `accounts_bloguser_user_permissions` (`id`, `bloguser_id`, `permission_id`) VALUES (384, 12, 64);
INSERT INTO `accounts_bloguser_user_permissions` (`id`, `bloguser_id`, `permission_id`) VALUES (385, 12, 68);
INSERT INTO `accounts_bloguser_user_permissions` (`id`, `bloguser_id`, `permission_id`) VALUES (386, 12, 72);
COMMIT;

-- ----------------------------
-- Table structure for auth_group
-- ----------------------------
DROP TABLE IF EXISTS `auth_group`;
CREATE TABLE `auth_group` (
  `id` int NOT NULL AUTO_INCREMENT,
  `name` varchar(150) NOT NULL,
  PRIMARY KEY (`id`),
  UNIQUE KEY `name` (`name`)
) ENGINE=InnoDB AUTO_INCREMENT=3 DEFAULT CHARSET=utf8mb4 COLLATE=utf8mb4_0900_ai_ci;

-- ----------------------------
-- Records of auth_group
-- ----------------------------
BEGIN;
INSERT INTO `auth_group` (`id`, `name`) VALUES (1, 'user_admin|管理用户');
INSERT INTO `auth_group` (`id`, `name`) VALUES (2, 'user_common|普通用户');
COMMIT;

-- ----------------------------
-- Table structure for auth_group_permissions
-- ----------------------------
DROP TABLE IF EXISTS `auth_group_permissions`;
CREATE TABLE `auth_group_permissions` (
  `id` bigint NOT NULL AUTO_INCREMENT,
  `group_id` int NOT NULL,
  `permission_id` int NOT NULL,
  PRIMARY KEY (`id`),
  UNIQUE KEY `auth_group_permissions_group_id_permission_id_0cd325b0_uniq` (`group_id`,`permission_id`),
  KEY `auth_group_permissio_permission_id_84c5c92e_fk_auth_perm` (`permission_id`),
  CONSTRAINT `auth_group_permissio_permission_id_84c5c92e_fk_auth_perm` FOREIGN KEY (`permission_id`) REFERENCES `auth_permission` (`id`),
  CONSTRAINT `auth_group_permissions_group_id_b120cbf9_fk_auth_group_id` FOREIGN KEY (`group_id`) REFERENCES `auth_group` (`id`)
) ENGINE=InnoDB AUTO_INCREMENT=27 DEFAULT CHARSET=utf8mb4 COLLATE=utf8mb4_0900_ai_ci;

-- ----------------------------
-- Records of auth_group_permissions
-- ----------------------------
BEGIN;
INSERT INTO `auth_group_permissions` (`id`, `group_id`, `permission_id`) VALUES (23, 1, 29);
INSERT INTO `auth_group_permissions` (`id`, `group_id`, `permission_id`) VALUES (24, 1, 33);
INSERT INTO `auth_group_permissions` (`id`, `group_id`, `permission_id`) VALUES (25, 1, 37);
INSERT INTO `auth_group_permissions` (`id`, `group_id`, `permission_id`) VALUES (26, 1, 41);
INSERT INTO `auth_group_permissions` (`id`, `group_id`, `permission_id`) VALUES (22, 1, 45);
INSERT INTO `auth_group_permissions` (`id`, `group_id`, `permission_id`) VALUES (21, 1, 46);
INSERT INTO `auth_group_permissions` (`id`, `group_id`, `permission_id`) VALUES (1, 2, 4);
INSERT INTO `auth_group_permissions` (`id`, `group_id`, `permission_id`) VALUES (2, 2, 8);
INSERT INTO `auth_group_permissions` (`id`, `group_id`, `permission_id`) VALUES (3, 2, 12);
INSERT INTO `auth_group_permissions` (`id`, `group_id`, `permission_id`) VALUES (4, 2, 16);
INSERT INTO `auth_group_permissions` (`id`, `group_id`, `permission_id`) VALUES (5, 2, 20);
INSERT INTO `auth_group_permissions` (`id`, `group_id`, `permission_id`) VALUES (6, 2, 24);
INSERT INTO `auth_group_permissions` (`id`, `group_id`, `permission_id`) VALUES (7, 2, 28);
INSERT INTO `auth_group_permissions` (`id`, `group_id`, `permission_id`) VALUES (8, 2, 32);
INSERT INTO `auth_group_permissions` (`id`, `group_id`, `permission_id`) VALUES (9, 2, 36);
INSERT INTO `auth_group_permissions` (`id`, `group_id`, `permission_id`) VALUES (10, 2, 40);
INSERT INTO `auth_group_permissions` (`id`, `group_id`, `permission_id`) VALUES (11, 2, 44);
INSERT INTO `auth_group_permissions` (`id`, `group_id`, `permission_id`) VALUES (12, 2, 48);
INSERT INTO `auth_group_permissions` (`id`, `group_id`, `permission_id`) VALUES (13, 2, 52);
INSERT INTO `auth_group_permissions` (`id`, `group_id`, `permission_id`) VALUES (20, 2, 53);
INSERT INTO `auth_group_permissions` (`id`, `group_id`, `permission_id`) VALUES (14, 2, 56);
INSERT INTO `auth_group_permissions` (`id`, `group_id`, `permission_id`) VALUES (15, 2, 60);
INSERT INTO `auth_group_permissions` (`id`, `group_id`, `permission_id`) VALUES (16, 2, 64);
INSERT INTO `auth_group_permissions` (`id`, `group_id`, `permission_id`) VALUES (17, 2, 68);
INSERT INTO `auth_group_permissions` (`id`, `group_id`, `permission_id`) VALUES (18, 2, 72);
COMMIT;

-- ----------------------------
-- Table structure for auth_permission
-- ----------------------------
DROP TABLE IF EXISTS `auth_permission`;
CREATE TABLE `auth_permission` (
  `id` int NOT NULL AUTO_INCREMENT,
  `name` varchar(255) NOT NULL,
  `content_type_id` int NOT NULL,
  `codename` varchar(100) NOT NULL,
  PRIMARY KEY (`id`),
  UNIQUE KEY `auth_permission_content_type_id_codename_01ab375a_uniq` (`content_type_id`,`codename`),
  CONSTRAINT `auth_permission_content_type_id_2f476e4b_fk_django_co` FOREIGN KEY (`content_type_id`) REFERENCES `django_content_type` (`id`)
) ENGINE=InnoDB AUTO_INCREMENT=77 DEFAULT CHARSET=utf8mb4 COLLATE=utf8mb4_0900_ai_ci;

-- ----------------------------
-- Records of auth_permission
-- ----------------------------
BEGIN;
INSERT INTO `auth_permission` (`id`, `name`, `content_type_id`, `codename`) VALUES (1, 'Can add log entry', 1, 'add_logentry');
INSERT INTO `auth_permission` (`id`, `name`, `content_type_id`, `codename`) VALUES (2, 'Can change log entry', 1, 'change_logentry');
INSERT INTO `auth_permission` (`id`, `name`, `content_type_id`, `codename`) VALUES (3, 'Can delete log entry', 1, 'delete_logentry');
INSERT INTO `auth_permission` (`id`, `name`, `content_type_id`, `codename`) VALUES (4, 'Can view log entry', 1, 'view_logentry');
INSERT INTO `auth_permission` (`id`, `name`, `content_type_id`, `codename`) VALUES (5, 'Can add permission', 2, 'add_permission');
INSERT INTO `auth_permission` (`id`, `name`, `content_type_id`, `codename`) VALUES (6, 'Can change permission', 2, 'change_permission');
INSERT INTO `auth_permission` (`id`, `name`, `content_type_id`, `codename`) VALUES (7, 'Can delete permission', 2, 'delete_permission');
INSERT INTO `auth_permission` (`id`, `name`, `content_type_id`, `codename`) VALUES (8, 'Can view permission', 2, 'view_permission');
INSERT INTO `auth_permission` (`id`, `name`, `content_type_id`, `codename`) VALUES (9, 'Can add group', 3, 'add_group');
INSERT INTO `auth_permission` (`id`, `name`, `content_type_id`, `codename`) VALUES (10, 'Can change group', 3, 'change_group');
INSERT INTO `auth_permission` (`id`, `name`, `content_type_id`, `codename`) VALUES (11, 'Can delete group', 3, 'delete_group');
INSERT INTO `auth_permission` (`id`, `name`, `content_type_id`, `codename`) VALUES (12, 'Can view group', 3, 'view_group');
INSERT INTO `auth_permission` (`id`, `name`, `content_type_id`, `codename`) VALUES (13, 'Can add content type', 4, 'add_contenttype');
INSERT INTO `auth_permission` (`id`, `name`, `content_type_id`, `codename`) VALUES (14, 'Can change content type', 4, 'change_contenttype');
INSERT INTO `auth_permission` (`id`, `name`, `content_type_id`, `codename`) VALUES (15, 'Can delete content type', 4, 'delete_contenttype');
INSERT INTO `auth_permission` (`id`, `name`, `content_type_id`, `codename`) VALUES (16, 'Can view content type', 4, 'view_contenttype');
INSERT INTO `auth_permission` (`id`, `name`, `content_type_id`, `codename`) VALUES (17, 'Can add session', 5, 'add_session');
INSERT INTO `auth_permission` (`id`, `name`, `content_type_id`, `codename`) VALUES (18, 'Can change session', 5, 'change_session');
INSERT INTO `auth_permission` (`id`, `name`, `content_type_id`, `codename`) VALUES (19, 'Can delete session', 5, 'delete_session');
INSERT INTO `auth_permission` (`id`, `name`, `content_type_id`, `codename`) VALUES (20, 'Can view session', 5, 'view_session');
INSERT INTO `auth_permission` (`id`, `name`, `content_type_id`, `codename`) VALUES (21, 'Can add site', 6, 'add_site');
INSERT INTO `auth_permission` (`id`, `name`, `content_type_id`, `codename`) VALUES (22, 'Can change site', 6, 'change_site');
INSERT INTO `auth_permission` (`id`, `name`, `content_type_id`, `codename`) VALUES (23, 'Can delete site', 6, 'delete_site');
INSERT INTO `auth_permission` (`id`, `name`, `content_type_id`, `codename`) VALUES (24, 'Can view site', 6, 'view_site');
INSERT INTO `auth_permission` (`id`, `name`, `content_type_id`, `codename`) VALUES (25, 'Can add 网站配置', 7, 'add_blogsettings');
INSERT INTO `auth_permission` (`id`, `name`, `content_type_id`, `codename`) VALUES (26, 'Can change 网站配置', 7, 'change_blogsettings');
INSERT INTO `auth_permission` (`id`, `name`, `content_type_id`, `codename`) VALUES (27, 'Can delete 网站配置', 7, 'delete_blogsettings');
INSERT INTO `auth_permission` (`id`, `name`, `content_type_id`, `codename`) VALUES (28, 'Can view 网站配置', 7, 'view_blogsettings');
INSERT INTO `auth_permission` (`id`, `name`, `content_type_id`, `codename`) VALUES (29, 'Can add 友情链接', 8, 'add_links');
INSERT INTO `auth_permission` (`id`, `name`, `content_type_id`, `codename`) VALUES (30, 'Can change 友情链接', 8, 'change_links');
INSERT INTO `auth_permission` (`id`, `name`, `content_type_id`, `codename`) VALUES (31, 'Can delete 友情链接', 8, 'delete_links');
INSERT INTO `auth_permission` (`id`, `name`, `content_type_id`, `codename`) VALUES (32, 'Can view 友情链接', 8, 'view_links');
INSERT INTO `auth_permission` (`id`, `name`, `content_type_id`, `codename`) VALUES (33, 'Can add 侧边栏', 9, 'add_sidebar');
INSERT INTO `auth_permission` (`id`, `name`, `content_type_id`, `codename`) VALUES (34, 'Can change 侧边栏', 9, 'change_sidebar');
INSERT INTO `auth_permission` (`id`, `name`, `content_type_id`, `codename`) VALUES (35, 'Can delete 侧边栏', 9, 'delete_sidebar');
INSERT INTO `auth_permission` (`id`, `name`, `content_type_id`, `codename`) VALUES (36, 'Can view 侧边栏', 9, 'view_sidebar');
INSERT INTO `auth_permission` (`id`, `name`, `content_type_id`, `codename`) VALUES (37, 'Can add 标签', 10, 'add_tag');
INSERT INTO `auth_permission` (`id`, `name`, `content_type_id`, `codename`) VALUES (38, 'Can change 标签', 10, 'change_tag');
INSERT INTO `auth_permission` (`id`, `name`, `content_type_id`, `codename`) VALUES (39, 'Can delete 标签', 10, 'delete_tag');
INSERT INTO `auth_permission` (`id`, `name`, `content_type_id`, `codename`) VALUES (40, 'Can view 标签', 10, 'view_tag');
INSERT INTO `auth_permission` (`id`, `name`, `content_type_id`, `codename`) VALUES (41, 'Can add 分类', 11, 'add_category');
INSERT INTO `auth_permission` (`id`, `name`, `content_type_id`, `codename`) VALUES (42, 'Can change 分类', 11, 'change_category');
INSERT INTO `auth_permission` (`id`, `name`, `content_type_id`, `codename`) VALUES (43, 'Can delete 分类', 11, 'delete_category');
INSERT INTO `auth_permission` (`id`, `name`, `content_type_id`, `codename`) VALUES (44, 'Can view 分类', 11, 'view_category');
INSERT INTO `auth_permission` (`id`, `name`, `content_type_id`, `codename`) VALUES (45, 'Can add 文章', 12, 'add_article');
INSERT INTO `auth_permission` (`id`, `name`, `content_type_id`, `codename`) VALUES (46, 'Can change 文章', 12, 'change_article');
INSERT INTO `auth_permission` (`id`, `name`, `content_type_id`, `codename`) VALUES (47, 'Can delete 文章', 12, 'delete_article');
INSERT INTO `auth_permission` (`id`, `name`, `content_type_id`, `codename`) VALUES (48, 'Can view 文章', 12, 'view_article');
INSERT INTO `auth_permission` (`id`, `name`, `content_type_id`, `codename`) VALUES (49, 'Can add 用户', 13, 'add_bloguser');
INSERT INTO `auth_permission` (`id`, `name`, `content_type_id`, `codename`) VALUES (50, 'Can change 用户', 13, 'change_bloguser');
INSERT INTO `auth_permission` (`id`, `name`, `content_type_id`, `codename`) VALUES (51, 'Can delete 用户', 13, 'delete_bloguser');
INSERT INTO `auth_permission` (`id`, `name`, `content_type_id`, `codename`) VALUES (52, 'Can view 用户', 13, 'view_bloguser');
INSERT INTO `auth_permission` (`id`, `name`, `content_type_id`, `codename`) VALUES (53, 'Can add 评论', 14, 'add_comment');
INSERT INTO `auth_permission` (`id`, `name`, `content_type_id`, `codename`) VALUES (54, 'Can change 评论', 14, 'change_comment');
INSERT INTO `auth_permission` (`id`, `name`, `content_type_id`, `codename`) VALUES (55, 'Can delete 评论', 14, 'delete_comment');
INSERT INTO `auth_permission` (`id`, `name`, `content_type_id`, `codename`) VALUES (56, 'Can view 评论', 14, 'view_comment');
INSERT INTO `auth_permission` (`id`, `name`, `content_type_id`, `codename`) VALUES (57, 'Can add oauth配置', 15, 'add_oauthconfig');
INSERT INTO `auth_permission` (`id`, `name`, `content_type_id`, `codename`) VALUES (58, 'Can change oauth配置', 15, 'change_oauthconfig');
INSERT INTO `auth_permission` (`id`, `name`, `content_type_id`, `codename`) VALUES (59, 'Can delete oauth配置', 15, 'delete_oauthconfig');
INSERT INTO `auth_permission` (`id`, `name`, `content_type_id`, `codename`) VALUES (60, 'Can view oauth配置', 15, 'view_oauthconfig');
INSERT INTO `auth_permission` (`id`, `name`, `content_type_id`, `codename`) VALUES (61, 'Can add oauth用户', 16, 'add_oauthuser');
INSERT INTO `auth_permission` (`id`, `name`, `content_type_id`, `codename`) VALUES (62, 'Can change oauth用户', 16, 'change_oauthuser');
INSERT INTO `auth_permission` (`id`, `name`, `content_type_id`, `codename`) VALUES (63, 'Can delete oauth用户', 16, 'delete_oauthuser');
INSERT INTO `auth_permission` (`id`, `name`, `content_type_id`, `codename`) VALUES (64, 'Can view oauth用户', 16, 'view_oauthuser');
INSERT INTO `auth_permission` (`id`, `name`, `content_type_id`, `codename`) VALUES (65, 'Can add 命令', 17, 'add_commands');
INSERT INTO `auth_permission` (`id`, `name`, `content_type_id`, `codename`) VALUES (66, 'Can change 命令', 17, 'change_commands');
INSERT INTO `auth_permission` (`id`, `name`, `content_type_id`, `codename`) VALUES (67, 'Can delete 命令', 17, 'delete_commands');
INSERT INTO `auth_permission` (`id`, `name`, `content_type_id`, `codename`) VALUES (68, 'Can view 命令', 17, 'view_commands');
INSERT INTO `auth_permission` (`id`, `name`, `content_type_id`, `codename`) VALUES (69, 'Can add 邮件发送log', 18, 'add_emailsendlog');
INSERT INTO `auth_permission` (`id`, `name`, `content_type_id`, `codename`) VALUES (70, 'Can change 邮件发送log', 18, 'change_emailsendlog');
INSERT INTO `auth_permission` (`id`, `name`, `content_type_id`, `codename`) VALUES (71, 'Can delete 邮件发送log', 18, 'delete_emailsendlog');
INSERT INTO `auth_permission` (`id`, `name`, `content_type_id`, `codename`) VALUES (72, 'Can view 邮件发送log', 18, 'view_emailsendlog');
COMMIT;

-- ----------------------------
-- Table structure for blog_article
-- ----------------------------
DROP TABLE IF EXISTS `blog_article`;
CREATE TABLE `blog_article` (
  `id` int NOT NULL AUTO_INCREMENT,
  `created_time` datetime(6) NOT NULL,
  `last_mod_time` datetime(6) NOT NULL,
  `title` varchar(200) NOT NULL,
  `body` longtext NOT NULL,
  `pub_time` datetime(6) NOT NULL,
  `status` varchar(1) NOT NULL,
  `comment_status` varchar(1) NOT NULL,
  `type` varchar(1) NOT NULL,
  `views` int unsigned NOT NULL,
  `article_order` int NOT NULL,
  `show_toc` tinyint(1) NOT NULL,
  `author_id` bigint NOT NULL,
  `category_id` int NOT NULL,
  PRIMARY KEY (`id`),
  UNIQUE KEY `title` (`title`),
  KEY `blog_article_author_id_905add38_fk_accounts_bloguser_id` (`author_id`),
  KEY `blog_article_category_id_7e38f15e_fk_blog_category_id` (`category_id`),
  CONSTRAINT `blog_article_author_id_905add38_fk_accounts_bloguser_id` FOREIGN KEY (`author_id`) REFERENCES `accounts_bloguser` (`id`),
  CONSTRAINT `blog_article_category_id_7e38f15e_fk_blog_category_id` FOREIGN KEY (`category_id`) REFERENCES `blog_category` (`id`),
  CONSTRAINT `blog_article_chk_1` CHECK ((`views` >= 0))
) ENGINE=InnoDB AUTO_INCREMENT=45 DEFAULT CHARSET=utf8mb4 COLLATE=utf8mb4_0900_ai_ci;

-- ----------------------------
-- Records of blog_article
-- ----------------------------
BEGIN;
INSERT INTO `blog_article` (`id`, `created_time`, `last_mod_time`, `title`, `body`, `pub_time`, `status`, `comment_status`, `type`, `views`, `article_order`, `show_toc`, `author_id`, `category_id`) VALUES (22, '2023-03-04 14:17:21.074534', '2023-05-04 14:17:21.074541', '初识Django（一）：Django简介', '本文中的Django指的是Python Web框架Django。\r\n\r\n# Django是什么？\r\nDjango首先是个Python编写的Web框架。Django最初是被开发来用于管理劳伦斯出版集团旗下的一些以新闻内容为主的网站的，即是CMS（内容管理系统）软件。Django采用MTV框架（即模型Model、模版Template、视图View），同时也遵循MVC。所以，利用Django内置的几个App能很快速地完成一个带有管理系统的新闻网站。Django于2005年7月在BSD许可证下发布。\r\n\r\n这套框架是以比利时的吉普赛爵士吉他手Django Reinhardt来命名的。\r\n\r\nDjango的官网是[The web framework for perfectionists with deadlines | Django](https://www.djangoproject.com \"The web framework for perfectionists with deadlines | Django\")，上面有很直观的教程，建议想要学习Django的各位先行观看。\r\n\r\n## Django的特点\r\n- 即插即用\r\n\r\n- **DRY**（Do Not Repeat Yourself）原则\r\n\r\n- 自带一个绑定操作数据库的功能（Models），但是线程不安全而且不容易同步。\r\n\r\n- 事实上，我认为Django对MVC的贯彻比JSP还要彻底一些。Django的模版语言很美观，杜绝了累赘的代码，而将其全部交给后端。\r\n\r\n## Django中的术语\r\n\r\n- **app** 即应用。App从属于Django工程，Django本身负责Web的基本操作，而app提供了各种各样的扩展功能。就像游戏本体和DLC。Django中自带了一些用于管理的app，其他app则需要编程者自己创建编写。\r\n\r\n- **template** 模版。是MTV中负责前端的一环。模版由普通的html文件和Django的模版语言、过滤器一起写成。每当前端发起一次请求，后端就会带着参数渲染模版为普通html文件然后返回给前端。模版实现了Django前端页面的高复用性。\r\n\r\n- **model** 模型。模型可以看做Django对数据库的对象化处理。Django app中有一个模型文件models.py，编程者可以在文件里编写各种模型类，然后通过manage.py的命令将其转化成数据库文件，在此之后就可以使用形象的python代码而非直接使用数据库操作语句对数据进行格式化长久的增删改查。\r\n\r\n- **view** 视图。视图是一个**类或方法**（函数），定义在后端的views.py文件中，负责处理前端的请求并且发出相应。视图可以返回渲染过的模版。视图是Django之所以成为“动态”的根源。视图必须返回HttpResponse。\r\n\r\n**如果有其他不能理解的词汇请参考Django官方文档，如果是关于setting.py里定义的参数我后面会讲。**\r\n\r\n## Django环境安装和工程创建/常用命令\r\n环境Django 3.0.3/python 3.6.6\r\n\r\n1. 安装Django\r\n首先你需要在电脑上安装一个Python并配置好环境。\r\n使用pip命令下载Django包：pip install Django （如果报错超时可以重试）\r\n如pip下载不成功，可以手动下载gz压缩包，解压之后在其setup.py目录下启动cmd输入：python setup.py install\r\n1. 建立工程\r\n不推荐使用VS自带的模版创建Django工程，我们从命令行创建。\r\n启动命令提示符用cd命令跳转到你选定的工程文件夹，或者直接在文件夹下Shift右键选择“在此处打开PowerShell”。\r\n输入django-admin startproject [你的工程名]\r\n1. 工程下建立app\r\n在manage.py文件目录下（它在Django工程的目录下）打开cmd，输入：python manage.py startapp [你的app名]\r\n\r\n**#其余常用命令**（均在manage.py文件目录下cmd运行。）\r\n\r\n- `python manage.py runserver` [ip地址]:[端口号] 运行工程\r\n\r\n- `python manage.py shell` 开启shell模式\r\n\r\n- `python manage.py makemigrations` [app名 不写默认全局] 将models.py的改动迁移记录到migrations文件夹下。\r\n\r\n- `python manage.py migrate` [app名 不写默认全局] 将migrations下的记录应用到数据库上。这句命令通常和上一句一起使用\r\n\r\n## Django HelloWorld\r\n惯例在此。\r\n\r\n## 1. 建立工程和app\r\n现在工程的目录结构如下：\r\n\r\n    \r\n    djangoexample\r\n    │ manage.py\r\n    │\r\n     |─djangoexample\r\n    │ │ asgi.py\r\n    │ │ settings.py\r\n    │ │ urls.py\r\n    │ │ wsgi.py\r\n    │ │ __init__.py\r\n    │ │\r\n    │ └─__pycache__\r\n    │ settings.cpython-36.pyc\r\n    │ __init__.cpython-36.pyc\r\n    │\r\n    └─helloworld\r\n    │ admin.py\r\n    │ apps.py\r\n    │ models.py\r\n    │ tests.py\r\n    │ views.py\r\n    │ __init__.py\r\n    │\r\n    └─migrations\r\n    __init__.py \r\n\r\n在settings.py文件里的INSTALLED_APPS里添加“helloworld.apps.HelloworldConfig”（是所添加app目录下apps.py文件里的类名的引用）。\r\n\r\n## 2. 编写视图，添加路径\r\n\r\n在app下的views.py文件内添加以下代码：\r\n\r\n```python\r\nfrom django.http import HttpResponse\r\ndef Helloworld(request):\r\n    return HttpResponse(\"Hello World!\")\r\n```\r\n 在工程文件夹下的urls.py文件修改为：\r\n```python\r\nfrom django.urls import path\r\nfrom helloworld import views\r\nurlpatterns = [\r\n    #path(\'admin/\', admin.site.urls),\r\n    path(\'\',views.Helloworld),\r\n]\r\n```\r\n## 3. 保存并运行\r\nCmd下运行命令：\r\n`python manage.py runserver 127.0.0.1:8000`\r\n当返回包括以下的字样，表示运行成功，可以在本地的浏览器上访问：\r\n> Django version 3.0.3, using settings \'djangoexample.settings\'\r\nStarting development server at http://127.0.0.1:8000/\r\nQuit the server with CTRL-BREAK.\r\n\r\n打开浏览器，输入：127.0.0.1:8000，显示如下：\r\n[![Hello World!](https://img-blog.csdnimg.cn/img_convert/cb7e8d29c7eba261792882f4d5d0eccf.png \"Hello World!\")](https://img-blog.csdnimg.cn/img_convert/cb7e8d29c7eba261792882f4d5d0eccf.png \"Hello World!\")', '2023-03-08 14:11:00.000000', 'p', 'o', 'a', 910, 0, 1, 3, 6);
INSERT INTO `blog_article` (`id`, `created_time`, `last_mod_time`, `title`, `body`, `pub_time`, `status`, `comment_status`, `type`, `views`, `article_order`, `show_toc`, `author_id`, `category_id`) VALUES (23, '2023-03-05 14:42:29.738278', '2023-05-04 14:42:29.738287', '初识Django（二）：Apache+mod_wsgi部署Django', '> 如果你只在开发环境部署Django，你可以跳过这个部分，但是如果你要在生产环境部署Django并且将它真正面向网络开放，你最好先看看这篇文章。你可以只看注意事项，最后部署时再仔细研究，但我希望通过这篇文章你能知道Apache下的Django需要注意哪些内容。同时，Django不止能通过Apache部署，Nginx+nWSGI也是个好方法，但是我只会讲到Apache。\r\n\r\n# Apache和mod_wsgi介绍\r\n## 1 它们是什么？\r\nApache是一个Web服务器软件，而mod_wsgi是一个连接Python和Apache的模块。\r\n\r\n## 2 为什么要使用它们\r\n我们知道，Django自带一个小型的开发服务器runserver，那么为什么不直接使用它呢？\r\n> “Now’s a good time to note: don’t use this server in anything resembling a production environment. It’s intended only for use while developing. (We’re in the business of making Web frameworks, not Web servers.)” ——来自Django的官方网站\r\n“DO NOT USE THIS SERVER IN A PRODUCTION SETTING. It has not gone through security audits or performance tests.” ——也是来自Django的官方网站\r\n\r\n综上所述，runserver并没有经过性能和安全测试，而且开发者也不是这方面的专家。如果你要真正部署你的Web服务，用这样的未经测试的服务器显然是不够的。而且在关掉setting文件里的DEBUG时，runserver将会停止静态文件服务（如果命令行运行时添加—insecure则不会），而打开DEBUG会将错误信息直接显示给客户端，显然这是**极其不安全**的（而且，django自带的服务器也很慢）。\r\n\r\n# Apache与mod_wsgi的安装\r\n## 0. 注意事项\r\n- 如果pip命令不能安装mod_wsgi，就要通过直接下载文件安装（如果你使用的网络跟我的一样糟糕的话- -，以后你会习惯的），记得检查whl文件的版本（我记得版本不对会有报错来着，但是以防万一还是看看吧）\r\n\r\n- 安装whl文件的时候不要贪方便改名，虽然是常识但是我怕有人真干这种事\r\n\r\n- Apache的位数要和Python的位数一致\r\n\r\n## 1. Apache下载与安装\r\n[Apache Haus Downloads](https://www.apachehaus.com/cgi-bin/download.plx \"Apache Haus Downloads\") 官网下载\r\n![箭头所指的是位数版本和镜像链接 点开就会开始下载](https://img-blog.csdnimg.cn/img_convert/a18be5cfd8b4330cf2b4bc00875a752c.png \"箭头所指的是位数版本和镜像链接 点开就会开始下载\")\r\n> 箭头所指的是位数版本和镜像链接 点开就会开始下载\r\n\r\n下载完毕之后，直接解压到你要存放的目录下就行了，然后打开conf文件夹下的httpd.conf，待会要修改这个文件。\r\n\r\n## 2. mod_wsgi 安装\r\n有条件的可以直接pip，没有条件的可以打电话投诉运营商然后下载whl文件手动安装。\r\n\r\n[http://www.lfd.uci.edu/~gohlke/pythonlibs/ ](http://www.lfd.uci.edu/~gohlke/pythonlibs/  \"http://www.lfd.uci.edu/~gohlke/pythonlibs/ \")这个网站可以下载很多Python模块，建议收藏\r\n\r\n下载完毕后复制文件到Python目录下的Scripts文件夹内，并在此处运行cmd，输入 pip install “你的whl文件名” 在提示安装成功之后输入 mod_wsgi-express module-config 然后将返回的三行内容复制粘贴到刚才打开的httpd.conf文件下方。\r\n\r\n## 3. 修改httpd.conf文件\r\n在conf文件最下方加上以下内容：\r\n> django工程下的wsgi.py路径\r\nWSGIScriptAlias / 工程路径\\wsgi.py\r\ndjango工程路径\r\nWSGIPythonPath 工程路径\r\ndjango工程下的wsgi路径\r\n<Directory 工程路径>\r\n<Files wsgi.py>\r\nRequire all granted\r\n</Files>\r\n</Directory>\r\n静态文件路径\r\nAlias /static 工程路径\\静态文件夹，默认是static，在setting.py里设置\r\n<Directory 工程路径\\静态文件夹>\r\nAllowOverride None\r\nOptions None\r\nRequire all granted\r\n</Directory>\r\n\r\n找到**Define SRVROOT**，把后面的部分改成Apache的安装目录。\r\n\r\n## 4. 收集工程静态文件\r\n本步骤需要在项目建立完成后执行。\r\n\r\n在django项目的settings.py文件中添加 STATIC_ROOT = os.path.join(BASE_DIR, \'static\')\r\n\r\n在django项目下运行cmd，输入命令python manage.py collectstatic，将静态文件收集到静态文件夹里。\r\n\r\n## 安装并运行Apache服务\r\n1. cd到apache安装目录下的bin文件夹，或者直接在bin下打开cmd。\r\n2. 输入命令httpd.exe -k install -n \"你服务器的名字，也是windows服务里显示的名字\" 安装服务\r\n3. 输入命令： httpd.exe -k start -n \"安装的服务的名字\" 启动服务、httpd.exe -k stop -n \"安装的服务的名字\" 停止服务、httpd -t 当你修改配置文件httpd.conf时检查配置\r\n## 注意事项\r\n- Apache运行的Django工程的工作目录是Apache的目录，也就是如果你要直接引用文件，最好把Django项目本身的目录静态存储起来。\r\n\r\n- 记得关掉settings.py里的DEBUG。\r\n\r\n- Apache安装的服务作为windows服务运行，只要你把它设置开启，并且你的服务器是开着的，你的Web项目就在运行中。', '2023-03-10 14:40:00.000000', 'p', 'o', 'a', 591, 0, 1, 3, 6);
INSERT INTO `blog_article` (`id`, `created_time`, `last_mod_time`, `title`, `body`, `pub_time`, `status`, `comment_status`, `type`, `views`, `article_order`, `show_toc`, `author_id`, `category_id`) VALUES (24, '2023-03-06 14:52:57.635467', '2023-05-04 14:52:57.635475', '初识Django（三）：Settings.py', '**如果你学习Django只是为了交期末作业，这部分可以跳过。**\r\n\r\n你可以打开教程一里创建的工程，settings.py文件在工程文件夹的同名子文件夹下。以下部分是我在settings.py文件里写的注解，可以帮助你理解这个文件里定义的参数的用途。\r\n\r\n```python\r\n\"\"\"\r\nDjango settings for djangoexample project.\r\nGenerated by \'django-admin startproject\' using Django 3.0.3.\r\nFor more information on this file, see\r\nhttps://docs.djangoproject.com/en/3.0/topics/settings/\r\nFor the full list of settings and their values, see\r\nhttps://docs.djangoproject.com/en/3.0/ref/settings/\r\n\"\"\"\r\n \r\nimport os\r\n \r\n# Build paths inside the project like this: os.path.join(BASE_DIR, ...)\r\n \r\nBASE_DIR = os.path.dirname(os.path.dirname(os.path.abspath(__file__)))\r\n \r\n定义了整个工程的路径\r\n \r\n# Quick-start development settings - unsuitable for production\r\n \r\n# See https://docs.djangoproject.com/en/3.0/howto/deployment/checklist/\r\n \r\n# SECURITY WARNING: keep the secret key used in production secret!\r\n \r\nSECRET_KEY = \'*y&xth&0%@=#rrqy2xu+uxib5wuewm)@bucdr64u+ht!pgrhcx\'\r\n \r\n定义了一个随机字符串，按照英文注释应该是密钥\r\n \r\n# SECURITY WARNING: don\'t run with debug turned on in production!\r\n \r\nDEBUG = True\r\n \r\nDEBUG模式的开关，打开DEBUG模式runserver就会提供静态文件服务，出错时也会将错误信息直接发给客户端\r\n \r\nALLOWED_HOSTS = []\r\n \r\nHost白名单列表，也就是只有在这个列表里的主机才能正常访问这个网站，如果不设置或者设置为’*’则是所有主机都能访问。\r\n \r\n# Application definition\r\n \r\nINSTALLED_APPS = [\r\n \r\n\'django.contrib.admin\',\r\n \r\n\'django.contrib.auth\',\r\n \r\n\'django.contrib.contenttypes\',\r\n \r\n\'django.contrib.sessions\',\r\n \r\n\'django.contrib.messages\',\r\n \r\n\'django.contrib.staticfiles\',\r\n \r\n]\r\n \r\n这个参数列表包括了本项目运行的所有应用。也就是如果你从命令行创建一个应用，应用的名字会出现在这里。\r\n \r\nMIDDLEWARE = [\r\n \r\n\'django.middleware.security.SecurityMiddleware\',\r\n \r\n\'django.contrib.sessions.middleware.SessionMiddleware\',\r\n \r\n\'django.middleware.common.CommonMiddleware\',\r\n \r\n\'django.middleware.csrf.CsrfViewMiddleware\',\r\n \r\n\'django.contrib.auth.middleware.AuthenticationMiddleware\',\r\n \r\n\'django.contrib.messages.middleware.MessageMiddleware\',\r\n \r\n\'django.middleware.clickjacking.XFrameOptionsMiddleware\',\r\n \r\n]\r\n \r\n这个参数列表包括了本项目注册的所有中间件\r\n \r\nROOT_URLCONF = \'djangoexample.urls\'\r\n \r\n这个参数指向项目的主URL文件\r\n \r\nTEMPLATES = [\r\n \r\n{\r\n \r\n\'BACKEND\': \'django.template.backends.django.DjangoTemplates\',\r\n \r\n\'DIRS\': [],\r\n \r\n\'APP_DIRS\': True,\r\n \r\n\'OPTIONS\': {\r\n \r\n\'context_processors\': [\r\n \r\n\'django.template.context_processors.debug\',\r\n \r\n\'django.template.context_processors.request\',\r\n \r\n\'django.contrib.auth.context_processors.auth\',\r\n \r\n\'django.contrib.messages.context_processors.messages\',\r\n \r\n],\r\n \r\n},\r\n \r\n},\r\n \r\n]\r\n \r\n关于模版文件处理的列表\r\n \r\nWSGI_APPLICATION = \'djangoexample.wsgi.application\'\r\n \r\n指向与服务器软件交互的Application\r\n \r\n# Database\r\n \r\n# https://docs.djangoproject.com/en/3.0/ref/settings/#databases\r\n \r\nDATABASES = {\r\n \r\n\'default\': {\r\n \r\n\'ENGINE\': \'django.db.backends.sqlite3\',\r\n \r\n\'NAME\': os.path.join(BASE_DIR, \'db.sqlite3\'),\r\n \r\n}\r\n \r\n}\r\n \r\n关于数据库的定义列表，在此绑定数据库，以使用Django自带的Models与数据库交互。Django默认使用的数据库是sqlite。\r\n \r\n# Password validation\r\n \r\n# https://docs.djangoproject.com/en/3.0/ref/settings/#auth-password-validators\r\n \r\nAUTH_PASSWORD_VALIDATORS = [\r\n \r\n{\r\n \r\n\'NAME\': \'django.contrib.auth.password_validation.UserAttributeSimilarityValidator\',\r\n \r\n},\r\n \r\n{\r\n \r\n\'NAME\': \'django.contrib.auth.password_validation.MinimumLengthValidator\',\r\n \r\n},\r\n \r\n{\r\n \r\n\'NAME\': \'django.contrib.auth.password_validation.CommonPasswordValidator\',\r\n \r\n},\r\n \r\n{\r\n \r\n\'NAME\': \'django.contrib.auth.password_validation.NumericPasswordValidator\',\r\n \r\n},\r\n \r\n]\r\n \r\n关于Django密码系统的定义\r\n \r\n# Internationalization\r\n \r\n# https://docs.djangoproject.com/en/3.0/topics/i18n/\r\n \r\nLANGUAGE_CODE = \'en-us\'\r\n \r\n语言，如果要设置为中文就把参数改成zh-hans\r\n \r\nTIME_ZONE = \'UTC\'\r\n \r\n时区，与model有关。可以设置成中国的时区，比如Asia/Shanghai\r\n \r\nUSE_I18N = True\r\n \r\nInternationalization，也就是国际化，提供文本翻译的模块的开关\r\n \r\nUSE_L10N = True\r\n \r\n我没用过这个变量，摘抄了别人的：如果USE_L10N设置为True，则区域设置指定的格式具有更高的优先级 ；admin 的时候想显示格式化时间，必须把 USE_L10N = False\r\n \r\nUSE_TZ = True\r\n \r\n当这个开关打开时，使用标准时区存储，渲染时再按照时区渲染。也就是国际化。\r\n \r\n# Static files (CSS, JavaScript, Images)\r\n \r\n# https://docs.djangoproject.com/en/3.0/howto/static-files/\r\n \r\nSTATIC_URL = \'/static/\'\r\n \r\n设置｛%static‘’%｝替换的URL前缀，也就是静态文件的url参数。你可能会奇怪为什么要在这里这么设置，看到Apache和Django是怎么连接的你就会明白。\r\n\r\n\r\n```', '2023-03-12 14:52:00.000000', 'p', 'o', 'a', 76, 0, 0, 3, 6);
INSERT INTO `blog_article` (`id`, `created_time`, `last_mod_time`, `title`, `body`, `pub_time`, `status`, `comment_status`, `type`, `views`, `article_order`, `show_toc`, `author_id`, `category_id`) VALUES (25, '2023-03-07 15:06:03.363023', '2023-05-04 15:06:03.363042', '初识Django（四）：工程文件功能说明', '## 工程文件总览\r\n打开我们在教程一里创建的带app“helloworld”的Django工程“djangoexample”：\r\n    \r\n    djangoexample\r\n    │ manage.py\r\n    │\r\n     |─djangoexample\r\n    │ │ asgi.py\r\n    │ │ settings.py\r\n    │ │ urls.py\r\n    │ │ wsgi.py\r\n    │ │ __init__.py\r\n    │ │\r\n    │ └─__pycache__\r\n    │ settings.cpython-36.pyc\r\n    │ __init__.cpython-36.pyc\r\n    │\r\n    └─helloworld\r\n    │ admin.py\r\n    │ apps.py\r\n    │ models.py\r\n    │ tests.py\r\n    │ views.py\r\n    │ __init__.py\r\n    │\r\n    └─migrations\r\n    __init__.py\r\n	\r\n\r\n## 工程文件夹djangoexample文件解析\r\n文件**manage.py**：在与其同级的位置打开cmd，输入manage.py+命令，可以对工程进行一系列操作。\r\n> “In addition, manage.py is automatically created in each Django project. It does the same thing as django-admin but also sets the DJANGO_SETTINGS_MODULE environment variable so that it points to your project’s settings.py file.”——Django官方文档\r\n\r\n说明manage.py与django-admin是等价的，并且其中存储了指向工程设置文件的常量（默认为settings.py）。\r\n\r\n**文件夹djangoexample**：工程子文件夹\r\n\r\n**文件夹helloworld**：app文件夹\r\n\r\n**文件夹migrations**：执行manage.py makemigrations后生成的文件放在这里，这个命令和模型到数据库之间的转换有关。\r\n\r\n## 工程子文件夹djangoexample文件解析\r\n文件**asgi.py**：存储asgi设定的文件，如果使用ASGI部署django会用到，一般情况下不需要更改。\r\n\r\n文件**settings.py**：默认的工程设置文件。\r\n\r\n文件**urls.py**：默认的主url文件，定义了映射url到视图的列表Urlpatterns。\r\n\r\n文件**wsgi.py**：存储wsgi设定的文件，如果使用WSGI部署django会用到，一般不需要更改。\r\n\r\n## 应用子文件夹helloworld文件解析\r\n文件**admin.py**：与前端管理系统admin有关，本教程不对此进行讲解。\r\n\r\n文件**apps.py**：关于应用的配置在这里设置。\r\n\r\n文件**models.py**：模型（model）相关的定义放在这里。\r\n\r\n文件**tests.py**：关于django自动化测试的文件，本教程不对此进行讲解。\r\n\r\n文件**views.py**：视图（view）相关的定义放在这里。', '2023-03-13 15:05:00.000000', 'p', 'o', 'a', 184, 0, 1, 3, 6);
INSERT INTO `blog_article` (`id`, `created_time`, `last_mod_time`, `title`, `body`, `pub_time`, `status`, `comment_status`, `type`, `views`, `article_order`, `show_toc`, `author_id`, `category_id`) VALUES (26, '2023-03-08 15:13:51.447653', '2023-05-04 15:13:51.447660', '初识Django（五）：视图与UrlPattern', '阅读本文之前请先对Http有一定了解（get/post，状态码）。如果不知道从哪里学起可以先搜一下爬虫教程，看完就会了。有时候我会把函数写成方法，请明白这两个东西在这个教程里是等价的。\r\n\r\n# 视图 文件解析\r\n视图即是view，Django MTV模式里的V。视图在框架中承担着接收请求并构造回应的任务。\r\n\r\n打开工程所属的app下的views.py：\r\n\r\n```python\r\nfrom django.shortcuts import render\r\n \r\n## 从django.shortcuts导入render方法\r\n \r\nfrom django.http import HttpResponse\r\n \r\n## 从django.http导入HttpResponse类\r\n \r\n# Create your views here.\r\n \r\n## 注释告诉我们从这里创建视图\r\n\r\n```\r\n## 1. django.shortcuts.render方法\r\nrender方法结合一个给定的模板（template）和一个给定的上下文字典, 并返回一个渲染后的HttpResponse对象。这个方法连接了MTV模式中的T（template）和V（view）。\r\n\r\nrender方法里引用的template文件一般默认在app目录下的templates文件夹下。也就是django会依次寻找所有app下的templates文件夹下路径，并与你写的相对路径做对比。\r\n\r\n> **render(request, template_name, context=None, content_type=None, status=None, using =None )\r\n**\r\n\r\n- **request**：与相应相对的请求对象，一般为HttpRequest对象\r\n- **template_name**：要渲染并返回的模版的名字\r\n- **context**：可为空，期望对象为字典，参与对模版的渲染\r\n- **content_type**：默认为text/html，指定渲染出的模版的类型\r\n- **status**：默认为200，此相应的http状态码\r\n- **using**：可为空，指定用来渲染模版的引擎\r\n\r\n## 2. django.http.HttpResponse类\r\n顾名思义是后端返回给前端的对象。在views.py里定义的函数，无论是FBV还是CBV都要返回HttpResponse对象，可以由render方法生成，也可以直接构造对象返回。\r\n\r\n**HttpResponse类的常用属性：**\r\n\r\n- **content**：响应内容\r\n- **charset**：响应内容的编码\r\n- **status_code**：响应的状态码\r\n\r\n## 3. django.http.HttpRequest类\r\n和HttpResponse相对，是前端传给后端的对象，一般由django自动生成。视图从request中获取请求参数和头部内容等，然后生成HttpRequest对象，返回给前端。这实际上就是Http协议的原理（往大一点可不可以说是任何网络通信的原理？不过这方面我了解的很少），发起请求然后接收响应，让浏览器解析显示出来。如果你是用户，那你只要关心点击哪个链接会得到想要的结果；但现在你是服务端，你要关注的就是：用户端发出的请求你需要用上哪些？你通过什么样的运算生成用户端所期望的响应？而怎么发送，怎么接收，这些是django操心的事情。\r\n\r\n**HttpRequest类的常用属性：**\r\n\r\n- **path_info**：用户访问的url（不包括域名）\r\n- **method**：请求使用的HTTP方法的大写\r\n- **GET**：如果请求使用的方法是get，这个属性是get所有参数的字典\r\n- **POST**：如果请求使用的方法是post，这个属性是post所有参数的字典\r\n- **META**：请求头\r\n- **FILES**：如果提交的表单中包含文件，这个属性是post中文件的字典，其key为表单中的name属性，value为文件本身\r\n\r\n## #重定向\r\n在django中的重定向调用django.shortcuts.redirect方法，或者直接构造一个HttpReponseRedirect对象返回（HttpResponseRedirect类是HttpResponse的子类）。\r\n\r\n示例：\r\n```python\r\nfrom django.shortcuts import redirect\r\n \r\ndef 重定向函数(request):\r\n \r\n    return redirect(\"你要重定向的链接\")\r\n \r\n \r\nfrom django.http import HttpResponseRedirect\r\n \r\ndef 重定向函数(request):\r\n \r\n    return HttpResponseRedirect(\"你要重定向的链接\")\r\n```\r\n# 建立视图\r\nDjango的视图分为视图类（class based view，CBV）和视图函数（function based view，FBV），他们主要接收POST和GET请求（有一个误区是GET其实也可以接受参数，不过是传递的方式不一样）。前面说过视图接受HttpRequest并返回HttpResponse，那么视图类和视图函数就是视图功能的具体实现。\r\n\r\n## 例1 视图类：\r\n\r\n> 创建的视图类继承django.views.View类。\r\n\r\n```python\r\nfrom django.views import View\r\n \r\nclass 视图类名(View):\r\n \r\n    def get(self,request):\r\n \r\n        pass\r\n \r\n    def post(self,request,[post参数..]):\r\n \r\n        pass\r\n```\r\nget请求与post请求分别由CBV下的两个同名成员方法处理。至于post参数如何传递，请往下看。\r\n\r\n## 例2 视图函数：\r\n\r\n```python\r\ndef 视图函数名(request,[post参数..]):\r\n \r\n    if(request.method==\"GET\"):\r\n \r\n        pass\r\n \r\n    elif(request.method==\"POST\"):\r\n \r\n        pass\r\n```\r\n在FBV里，区分get和post请求主要是通过系统传来的HttpRequest的method属性。\r\n\r\n# UrlPattern 文件解析\r\nUrlPattern指的是项目文件夹下urls.py里定义的一个列表。这个列表决定了客户端访问的url会被映射到哪一个视图处理函数（类）上。\r\n\r\ndjango自动创建的urls.py里的举例：\r\n> Examples:\r\nFunction views\r\nAdd an import:  from my_app import views\r\nAdd a URL to urlpatterns:  path(\'\', views.home, name=\'home\')\r\nClass-based views\r\nAdd an import:  from other_app.views import Home\r\nAdd a URL to urlpatterns:  path(\'\', Home.as_view(), name=\'home\')\r\nIncluding another URLconf\r\nImport the include() function: from django.urls import include, path\r\nAdd a URL to urlpatterns:  path(\'blog/\', include(\'blog.urls\'))\r\n\r\n## 1. django.urls.path方法\r\npath(route,view,[name])\r\n\r\n- **route**：路由，是一个字符串，用来匹配用户访问的url。串中用<>括起来的部分可以作为参数传递到视图\r\n- **view**：处理链接的视图类的as_view方法或视图函数\r\n- **name**：别名，可选，这个参数起到代替直接的url被引用的作用，也就是说，即使更改了route本身，只要后端引用的name不变，后端就不需要额外的更改。\r\n\r\n## 2. django.urls.re_path方法\r\n`re_path(route,view,[name])`\r\n\r\n- 其他参数跟path的一样，route从字符串变成正则表达式\r\n\r\n## # django.urls.include方法\r\n根据上面django内置的例子，include方法用于在path方法中包括另一个URLConf，也就是另一个url文件。父URLConf的path过滤了第一个router，然后将请求url转交给include指向的子URLConf。\r\n\r\n**include(urlconf)**\r\n\r\n- urlconf：指向的子URL文件\r\n\r\n\r\n# url与view的配合例子\r\n## 例1 视图类与字符串pattern的url带参get、post：\r\n\r\n示例项目根路径下urls.py：\r\n```python\r\nfrom helloworld import views\r\n \r\nurlpatterns = [\r\n \r\npath(\"firsturl/<arg1>\",views.First.as_view())\r\n \r\n]\r\n```\r\n子app helloworld下views.py：\r\n```python\r\nclass First(View):\r\n \r\ndef get(self,request,arg1):\r\n \r\n    return HttpResponse(\"收到了\"+arg1)\r\n \r\ndef post(self,request,arg1):\r\n \r\n    return render(request,\"我的html.html\",{\"arg1\":arg1})\r\n```\r\n由于模版的编写不在本文范围内就不展示了。项目下打开命令行runserver在127.0.0.1:8000下运行django，输入127.0.0.1:8000/firsturl/1，可以收到页面显示的“收到了1”。由于post请求不好在浏览器直接实现就不表。\r\n\r\n## 例2 视图函数与post接受表单：\r\n\r\n示例项目根路径下urls.py的urlpatterns添加一行：\r\n```python\r\npath(\"secondurl\",views.Second.as_view())\r\n```\r\n 子app helloworld下views.py：\r\n```python\r\ndef second(request):\r\n \r\n    if(request.method==\"GET\"):\r\n \r\n        return render(request,\"我的html.html\")\r\n \r\n    if(request.method==\"POST\"):\r\n \r\n        return HttpResponse(\"收到了\"+request.POST[\"submit1\"])\r\n```\r\n子app helloworld下文件夹templates下我的html.html：\r\n```html\r\n<!doctype html>\r\n \r\n<html>\r\n \r\n<head></head>\r\n \r\n<body>\r\n \r\n<form method=\"post\">\r\n \r\n｛% csrf_token %｝<!--因为我们设置里默认启用中间件django.middleware.csrf.CsrfViewMiddleware-->\r\n \r\n请输入：<input name=\"submit1\">\r\n \r\n</form>\r\n \r\n</body>\r\n \r\n</html>\r\n```\r\n是不是觉得它跟普通的html文件有所不同？这是因为它使用了django的模版语言，这个内容我们在下一部分会讲解。项目下打开命令行runserver在127.0.0.1:8000下运行django，输入127.0.0.1:8000/secondurl，可以看到一个输入框，输入一然后enter提交（在这里浏览器对本页面发送了POST请求），可以看到浏览器显示“收到了1”。', '2023-03-14 15:13:00.000000', 'p', 'o', 'a', 85, 0, 1, 3, 6);
INSERT INTO `blog_article` (`id`, `created_time`, `last_mod_time`, `title`, `body`, `pub_time`, `status`, `comment_status`, `type`, `views`, `article_order`, `show_toc`, `author_id`, `category_id`) VALUES (27, '2023-03-09 15:28:32.039074', '2023-05-04 15:28:32.039090', '初识Django（六）：模版语言', '其实我接触过的web框架也就Java下的servlet、spring和Python下的web.py和django、flask，但是他们都有类似模版语言的存在，有的是像Django一样专门的创造，有的是简单的在html文档里嵌入编程语句。但是毋庸置疑，这些“模版语言”是让html文件变得动态的根源。\r\n\r\n# 模版语言定义（Django Template Language, DTL）\r\nDjango的模版语言十分简明，很容易就能学会。我们用几个判断句来给模版语言定义。\r\n\r\n1. 所有使用了模版语言的html文件被我们称为模版。\r\n\r\n2. 在模版语言中，｛% 语句 %｝、｛｛ 输出 ｝｝、｛# 注释 #｝。也就是说前者括号内的内容会被django执行，后者直接被运算后写在文件的相应位置上。\r\n\r\n3. 在模版语言中，我们的变量可以使用|（过滤器）和.运算符，我们的语句可以用来载入内容或使用for/if/block/extends/url等标签。不能直接运行python语言，这点要谨记。\r\n\r\n# ｛｛ 输出 ｝｝\r\n## 1. View与Template的交互\r\n模版由视图渲染并传给客户端，使用render函数。当模版中需要数据时，我们向render函数传入同键名的字典。render函数的介绍在上一部分。\r\n\r\n## 2. 运算符\r\nDTL中的点运算符按照**字典->对象->列表/元组**查询，当以上查询都不成立的时候返回**空字符串**。也就是说，如果你在前端传入了一个数组a=[1,2,…]，前端模版内你对其的访问应为a.1、a.2…\r\n\r\n### 例1 view传值：\r\n\r\n示例项目根路径下urls.py里urlpatterns添加：\r\n```python\r\npath(\"thirdurl\",views.third)\r\n```\r\n子app helloworld下views.py：\r\n```python\r\ndef third(request):\r\n \r\n    if(request.method==\"GET\"):\r\n \r\n        dictionary=｛\"key1\":\"1\",\"key2\":[1,2,3,4],\"key3\":｛\"a\":\"a\",\"b\":\"b\"｝｝\r\n \r\n        return render(request,\"我的html.html\",dictionary)\r\n```\r\n子app helloworld下文件夹templates下我的html.html：\r\n```html\r\n<!doctype html>\r\n \r\n<html>\r\n \r\n<head></head>\r\n \r\n<body>\r\n \r\n｛｛key1｝｝\r\n \r\n｛｛key2.0｝｝\r\n \r\n｛｛key3.a｝｝\r\n \r\n</body>\r\n \r\n</html>\r\n```\r\n项目下打开命令行runserver在127.0.0.1:8000下运行django，输入127.0.0.1:8000/thirdurl，可以看到返回了1 1 a。\r\n\r\n## 3. 运算符与过滤器\r\n过滤器可以被视为专门用来处理模版数据的python函数，在模版中，我们通过|运算符使用过滤器。Django内置了很多过滤器，这些可以在网上搜到，我们也可以自己制作过滤器。\r\n\r\n- 过滤器在使用之前需要使用｛% load 过滤器文件名 %｝导入。\r\n\r\n- 过滤器文件默认放在app目录下templatetags文件夹下。\r\n\r\n- 过滤器文件中定义的函数即是过滤器，函数前要加上@register.filter(name=\"过滤器在模版中的名字\")，整个文件前要加上两行：from django import template register=template.Library()。\r\n\r\n### 例2 使用django自带的过滤器：\r\n\r\n示例项目根路径下urls.py里urlpatterns添加：\r\n```python\r\npath(\"fourthurl\",views.fourth)\r\n```\r\n子app helloworld下views.py：\r\n```python\r\ndef fourth(request):\r\n \r\n    if(request.method==\"GET\"):\r\n \r\n        dictionary=｛\"key1\":\"1\"｝\r\n \r\n        return render(request,\"我的html.html\",dictionary)\r\n```\r\n子app helloworld下文件夹templates下我的html.html：\r\n```html\r\n<!doctype html>\r\n \r\n<html>\r\n \r\n<head></head>\r\n \r\n<body>\r\n \r\n｛｛key1.1|default:\"不存在\"｝｝\r\n \r\n</body>\r\n \r\n</html>\r\n```\r\n过滤器default为django自带的过滤器，功能为在返回空串时替代为后面的字符串。这个过滤器不需要导入（但是不是所有自带的过滤器都不要）。项目下打开命令行runserver在127.0.0.1:8000下运行django，输入127.0.0.1:8000/thirdurl，可以看到返回了“不存在”，因为key1.1找不到值。\r\n\r\n### 例3 一个小例子，自建过滤器：\r\n\r\n子app helloworld下文件夹templatetags文件夹下建立block1.py：\r\n```python\r\nfrom django import template\r\n \r\nregister=template.Library()\r\n \r\n@register.filter(name=\"_reverse\")#这个过滤器翻转list\r\n \r\ndef _reverse(arg):\r\n \r\n    return reversed(arg)\r\n```\r\n在模版文件中这么引用：\r\n```html\r\n<!doctype html>\r\n \r\n<html>\r\n \r\n<head></head>\r\n \r\n<body>\r\n \r\n｛% load block1 %｝\r\n \r\n｛｛arg1|_reverse｝｝\r\n \r\n</body>\r\n \r\n</html>\r\n```\r\n# ｛% 语句 %｝\r\n## 1 load语句\r\nload语句用来载入自定义标签或过滤器文件，比如大名鼎鼎的｛% load static %｝。\r\n\r\n## # load static与 static ‘’\r\n**｛% load static %｝载入了static标签，｛% static ‘文件路径’ %｝用于加载静态文件。\r\n**\r\n\r\n很多人把static标签说的玄之又玄，其实不然。在没有额外设置的情况下，django会去app目录下的static目录下寻找static引号里字符串为路径的文件。（关于这些静态文件存放请参考我之前讲的模版文件的存放，请仔细思考django寻找文件的顺序和文件的储存顺序，如果你直接随意存储文件，当其重名时django只会返回第一个查找的，这里没有对于app的就近原则）\r\n\r\n- 如果想要修改static目录的名字，请修改settings.py文件下的STATIC_URL。（根据url的解析规则你应该能意会这个变量定义了什么）\r\n\r\n- 如果你的static不想放在app目录下，可以在settings.py文件下添加STATICFILES_DIRS变量，将其值设为你设定的static文件夹，例如STATICFILES_DIRS= (os.path.join(BASE_DIR, \"static\"),)，则静态文件夹为项目目录下的static文件夹。\r\n\r\n## 2 for语句和if语句\r\nDTL中的for语句和if语句的使用与python中相同，但是书写方式有所不同。\r\n\r\n**｛% for 表达式 %｝内容｛% endfor %｝ for语句\r\n**\r\n**｛% if 表达式 %｝内容｛% endif %｝ if语句\r\n**\r\n\r\n你可能注意到了两个语句之间我写的是内容而不是语句，事实上里面也可以写html标签。不要想当然。\r\n\r\n## 3 block语句\r\nblock语句扩住的内容可以被覆写。我们通过引用模版并覆写其中的block完成模版代码的重用，如果不覆写块中的内容就是父模版中块的内容。（可以想象一个父类和重写父类方法的子类）**这个特性可以很好的用于节省模版的编写时间，也可以让模版层次分明。**\r\n\r\n**｛% block 名称 %｝内容｛% endblock 名称 %｝ block语句\r\n**\r\n\r\n**｛% extends ‘模版文件名称’ %｝ 引用模版文件\r\n**\r\n\r\n### 例4 覆写block及引用static\r\n\r\n项目app helloworld目录下模版文件夹下新建 父模版.html：\r\n```html\r\n<!doctype html>\r\n \r\n<html>\r\n \r\n<head></head>\r\n \r\n<body>\r\n \r\n｛% block myblock1 %｝\r\n \r\n <p>父内容</p>\r\n \r\n｛% endblock myblock1 %｝\r\n \r\n</body>\r\n \r\n</html>\r\n```\r\n同目录新建 子模版.html：\r\n```html\r\n% extends ‘父模版.html’ %｝\r\n \r\n｛% block myblock1 %｝\r\n \r\n<p>子内容</p>\r\n \r\n｛% endblock myblock1 %｝\r\n```\r\n很明显，如果你的项目渲染了子模版，那么会出现“子内容”。\r\n\r\n# ｛# 注释 #｝\r\n关于这个注释只有一个需要注意的。Html文件的注释还会出现在文件内，只不过不被呈现出来，而DTL的注释在渲染模版的时候就会被剔除。\r\n\r\n# 关于DTL的一些思考\r\n相比于直接在模版文件中嵌入python语句，DTL显得更加高明。因为它不但简洁，而且从框架编写者的方面就严格遵循了MTV模式，不需要使用框架者特意去注意这些。这就像“带上脚镣的舞蹈”，是有限制的自由，但是也更美。\r\n\r\nTips：本文里涉及DTL的语句和标签是等价的。', '2023-03-15 15:28:00.000000', 'p', 'o', 'a', 6162, 2, 1, 3, 6);
INSERT INTO `blog_article` (`id`, `created_time`, `last_mod_time`, `title`, `body`, `pub_time`, `status`, `comment_status`, `type`, `views`, `article_order`, `show_toc`, `author_id`, `category_id`) VALUES (28, '2023-03-11 15:38:28.384203', '2023-05-04 15:38:28.384211', '初识Django（七）：Model（模型）总述', '> 注：以下的属性/函数列表都是选的一些常用的，还有其他属性/函数，请另外查找资料。\r\n\r\n# 模型（Model）简介\r\nDjango中的模型类可以看做对数据库中的表的另一种显示方法。与直接创建并操作数据库不同，django提供了另外一种更简单的方式在后端对数据进行操作，也就是：**django提供了一系列函数让你在直接操作数据，而不需要关注数据库方面的内容**，这种方法被称为**对象关系映射**（Object Relational Mapping，ORM）。（但是我们还需要注意的是，django的model并没有它介绍的这么精密，有些操作仍然需要我们直接在数据库进行，比如说django不会关注model类里改变的列，也没办法在model里对表重命名，所以还是学学SQL语句吧，不会吃亏的）\r\n\r\n使用模型类还有一个额外的好处，那就是：你大体上不需要关注你使用的数据库的类型，只需要在settings.py（你使用的django项目的设置文件）中绑定数据库就行了，可以是MySQL，Oracle，也可以使用django自带的数据库Sqlite。（还有一个需要注意的点，不是所有SQL语句都对sqlite数据库有效，比如重命名列，但是我仍然认为使用sqlite有很多好处，利大于弊）\r\n\r\n总而言之，Model是一个有关数据库与django交互的类。\r\n\r\n# 绑定数据库\r\n很多人应该都习惯用MySQL了，所以我把绑定数据库提到最前讲。\r\n\r\n打开项目的设置文件，找到DATABASES：\r\n```python\r\nDATABASES = {\r\n \r\n    \'default\': {#数据库在代码中的名字\r\n \r\n        \'ENGINE\': \'django.db.backends.sqlite3\',#解析数据库的引擎，目前我知道的是它支持sqlite，MySQL，oracle，postgresql\r\n \r\n        \'NAME\': os.path.join(BASE_DIR, \'db.sqlite3\'),#数据库文件的位置\r\n \r\n    }\r\n \r\n}\r\n```\r\n这是django自带的sqlite数据库的设置，如果你要绑定MySQL，还需要添加一些。并且，ORM并不会创建数据库文件，数据库文件需要你自己创建并添加位置到设置文件，但是ORM可以为你在数据库文件中创建表格并对数据进行操作。你可以在DATABASE中添加这样的对象（实际情况根据你自己的数据库更改）：\r\n\r\n# Model类的定义及使用\r\n```python\r\n\'sql\': \r\n \r\n{ \r\n \r\n    \'ENGINE\': \'django.db.backends.mysql\',\r\n \r\n    \'NAME\': \'mysql_name\', \r\n \r\n    \'HOST\': \'127.0.0.1\', # 数据库地址\r\n \r\n    \'PORT\': 1111, # 端口 \r\n \r\n    \'USER\': \'root\',  # 数据库用户名\r\n \r\n    \'PASSWORD\': \'123456\', # 数据库密码\r\n \r\n}\r\n```\r\n## 1 Model类定义\r\n首先，Model类依附于app而存在，这应该不难理解。同时我们再回想一下http协议的本质——数据的传递。我们的界面无论写的多么美观，其核心就是传递数据，不是么？所以我认为Model类是app的重中之重。\r\n\r\nModel类默认定义在app目录下的models.py文件里，一个Model类对应着一张SQL表，类里的每一个由models.xxxxField()函数赋值的类属性都对应着表里的一个字段，而赋值的函数不同，也表明了字段类型的不同。常用的字段类型函数如下：\r\n\r\n- **IntegerField()**：整数\r\n- **CharField(max_length=最大长度)**：字符串\r\n- **DateField()**：日期，设置auto_now_add=True则其自动为创建时间，设置auto_now=True则其为最后一次修改后保存的时间。（很推荐设置这个，django内置的时间转换让其十分方便，如果想深入了解请看前面关于settings.py的讲解。）\r\n\r\n还有一些字段函数通用参数：\r\n\r\n- **null**：是否允许为None\r\n- **blank**：是否允许为空\r\n- **db_column**：如果存在则替换属性名作为列名，不存在则属性名为列名\r\n- **db_index**：是否创建索引\r\n- **default**：默认取值\r\n- **primary_key**：是否为主键\r\n- **unique**：取值是否唯一\r\n\r\n\\#关于Model的内部类Meta，它可以用于存储一些描述Model行为的属性：\r\n\r\n- **abstract**：是否为抽象类（也就是不创建表）\r\n- **app_label**：如果你的Model并不定义在models.py里，你需要设置其指向此Model的app\r\n- **db_table**：与上文的db_column类似，存在则替换Model类名作为表名\r\n- **ordering**：排序依据，可为[‘属性名’]（按此属性正序），[-‘属性名’]（按此属性倒序），[?’属性名’]（按此属性随机排序，这是谁想的，小天才）\r\n\r\n最后还有一个值得注意的是，Model类生成的表默认会有一个从1自增长的整数字段id，但是其经常会失去“自增长”的功能，需要你自己赋值（存疑）。\r\n\r\n### 例1 定义一个描述文章的Model类：\r\n```python\r\nclass Article(models.Model):\r\n \r\n# Article表 docname文章名 datecreate创建日期 datelast最后一次修改日期 id文章id \r\n \r\n    docname=models.CharField(max_length=40,blank=False)\r\n \r\n    datecreate=models.DateTimeField(auto_now_add=True)#设置datecreate字段为创建日期\r\n \r\n    datelast=models.DateTimeField(auto_now=True)#设置datelast为最后一次修改日期\r\n \r\n    objects=models.Manager()\r\n \r\n    class Meta():#倒序排列\r\n \r\n        ordering=(\'-datecreate\',)\r\n \r\n        #id=models.AutoField(primary_key=True) id会被自动创建\r\n \r\n        def __str__(self):#返回描述信息\r\n \r\n            return self.docname\r\n```\r\n## 2 Model建立数据库表\r\n首先我们要让django根据Model类创建migrations文件。manage.py目录下打开cmd，输入**python manage.py makemigrations**，然后django会列出创建的表，打开应用目录下migrations文件夹可以看到多出了几个描述数据库的文件。然后原位置cmd输入**python manage.py migrate**，将migrations文件里的变化修改到数据库文件内，至此，数据库对应的表已经建立完毕。\r\n\r\n## 3 Model类数据的增删查改\r\n我使用的是manage.py shell在后台修改数据，听说django自带的app admin可以实现在前端修改数据，但是我觉得不太安全而且有些额外的麻烦，所以我们不讲这段。\r\n\r\nmanage.py目录下打开cmd，输入**python manage.py shell**打开shell，然后我们可以平时编程一样输入，关于Model类的增删查改函数如下（他们也可以用于视图传递数据到模版）：\r\n\r\n- Model类.objects.create(字段属性=初值…)：创建类\r\n- Model类.objects.get(条件1，…)：获取一个Model对象，符合所有条件（结果大于或者小于一都会报错）\r\n- Model类.objects.filter(条件1，…)：返回一个符合所有条件的对象的列表\r\n- Model对象.delete()：删除此对象\r\n- Model对象.属性=值：给Model对象赋值，也就是修改对象的字段值\r\n- Model对象.save()：如果之前修改了对象值就要使用save函数，它同时会更新对象的最后一次修改时间\r\n\r\nORM是支持模糊查询和切片的（请参考列表切片），如果需要模糊查询，你可以在作为条件的属性后面添加以下后缀：\r\n\r\n- __contains：包括\r\n- __gt：大于\r\n- __gte：大于等于\r\n- __le：小于\r\n- __startswith：以…开头\r\n\r\n# #多数据库使用\r\n在上面的绑定数据库中，你可以绑定一个及以上的数据库，但是如果绑定了一个以上的数据库，我们对ORM的使用也会发生变化，因为我们在操作之前得告诉django我们希望操作的是哪一个数据库。\r\n\r\n## 1 指定路由类\r\n假定你已经绑定了两个数据库default与mysql1。接下来，我们在项目的设置文件下添加DATABASE_ROUTERS项，并设定它的值为指向你项目下项目子文件夹下设置路由的文件（由你自己创建命名）下的路由类（自己命名）：\r\n```python\r\nDATABASE_ROUTERS=[\'djangoexample.MyRouters.MyRouter\']#指定路由类\r\n```\r\n例子里我在项目子文件夹“djangoexapmle”下创建了“MyRouters.py”，然后创建了类“MyRouter”作为路由类。\r\n\r\n## 2 多app设置路由\r\n如果你创建了多个app，并想为其分别指定不同的数据库，你可以在设置文件下添加DATABASE_APPS_MAPING：\r\n```python\r\nDATABASE_APPS_MAPPING={\r\n \r\n    \'app_name\' : \'database_name\',\r\n \r\n    \'app1\' : \'sql1\',\r\n \r\n    \'app2\' : \'sql2\',\r\n \r\n}\r\n```\r\n3 覆写路由类函数\r\n为什么是“覆写”呢？因为在路由类中，只有特定名称的函数才能发挥其作用，帮助django选择合适的数据库。\r\n\r\n主要使用的django路由函数有以下四个（django官网对我这的网络太慢了而且我英语不好就没上官网仔细找，粗略的看没看到）：\r\n\r\n- db_for_read(model,**hints)：Model对象读时使用的数据库，返回db的名字\r\n- db_for_write(model,**hints)：Model对象写时使用的数据库，返回db的名字\r\n- db_for_relation(obj1,obj2,**hints)：是否允许两个对象关联到数据库，返回布尔值\r\n- db_for_migrate(db,app,model_name=None,**hints)：对于某个app，是否允许其对次数据库db执行migrate命令，返回布尔值\r\n对于路由类的写法没有明确的规定，只要遵循规则返回就行。但是我还是给出一个我认为比较好的写法，就拿db_for_write函数举例（其实你粗略地写写覆盖db_for_read和db_for_write就行了）：\r\n```python\r\ndef db_for_read(self, model, **hints):#model是传入的model对象\r\n \r\n    if hasattr(model, \'_database\'):#这里判断model对象里是否有字段_database，也就是如果你要使用这种方式就要在声明此model类时添加属性_database，并指定其为要存放到的数据库名。\r\n \r\n        return model._database\r\n \r\n    return \'default\'#如果没有此字段就读取默认的数据库，需要自己取值\r\n```\r\n# 结语\r\n恭喜你学完了django的基础部分。学会了这些内容就已经足够部署一个基础的django应用到服务器了。如果你要学习ajax、中间件等更加深入的内容，请期待后续的教程。', '2023-03-16 15:37:00.000000', 'p', 'o', 'a', 107, 0, 1, 3, 6);
INSERT INTO `blog_article` (`id`, `created_time`, `last_mod_time`, `title`, `body`, `pub_time`, `status`, `comment_status`, `type`, `views`, `article_order`, `show_toc`, `author_id`, `category_id`) VALUES (29, '2023-03-12 15:52:13.312611', '2023-05-04 15:52:13.312620', '进阶Django（一）：Django与Ajax', '其实我倒是认为这教程不该放在django进阶里，毕竟这是一个比较独立的内容，包括cookie不该放在JSP教程里一样。但是这个教程的例子用的是django，所以暂时就先这样吧。\r\n\r\n# Ajax\r\n\r\nAjax即“Asynchronous Javascript And XML And HTML”，异步的Javascript与XML。Ajax可以在不重新加载整个网页的情况下，通过js与网页后端的交互，达成更新部分网页的技术。Ajax是异步的。Ajax是一种技术，而不是编程语言。\r\n\r\nAjax的优点：相对快速而且省资源。Ajax的缺点：对爬虫不友好。\r\n\r\nAjax的实现：js向页面后端发送ajax请求，后端返回组织过的数据，js根据数据更新部分网页。\r\n\r\n**在本文中，我们使用django和jQuery实现Ajax。**\r\n\r\n# JQuery\r\n\r\nJQuery是一个Javascript库，它“极大地简化了Javascript编程”（这句话我照抄的菜鸟教程，不过我对JS没有很深刻的了解，那就当是真的吧）。\r\n\r\n本文中需要使用的JQuery十分简单，而笔者的JS确实不行。所以建议读者先自学一会，请把JQuery的部分语法与CSS联系在一起。\r\n\r\n注：JQuery毕竟是个库，使用之前需要导入。一些网站会提供JQuery文件的公共引用地址，比如百度的[http://apps.bdimg.com/libs/jquery/1.6.4/jquery.js](http://apps.bdimg.com/libs/jquery/1.6.4/jquery.js \"http://apps.bdimg.com/libs/jquery/1.6.4/jquery.js\")。\r\n\r\n# Ajax前端实现：JQuery向后端发送ajax请求\r\n\r\n## JQuery的ajax函数\r\n\r\n实现Ajax请求的函数有很多，举例如下：\r\n\r\n- $.ajax({settings})：应该是最原始的ajax函数了，参数最多\r\n\r\n- $.get(url,data,func,dataType)：用get方式执行ajax请求\r\n\r\n- $.post(url,data,func,datatype)：用post方式执行ajax请求\r\n\r\n- $.getJSON(url,data,func)：可以看做dataType设置为JSON的$.get()\r\n\r\n- $.getScript(url,func)：用get发送ajax请求，并直接执行返回的js\r\n\r\n- $.load(url,data,func)：将返回的数据直接写入DOM，其HTTP方式由data存在与否决定，存在则是get，反之post\r\n\r\n可以看出除了第一个函数，后面的这些其实都属于对第一个函数的简化版本，所以我们直接讲$.ajax()。\r\n\r\n# $.ajax({settings})\r\n\r\n对于$.ajax()而言，其所有参数都是可选的。你可以通过$.ajaxSetup()设置这些可选参数的默认值，这里我们就先跳过，直接对$.ajax()函数设置参数。主要的参数如下：\r\n\r\n- **url**：默认为本页面，设置为接收ajax请求的url\r\n\r\n- **type**：默认为get，本次ajax请求采用的传递方式\r\n\r\n- **data**：要传递给后端的参数，可以为Object也可以为String\r\n\r\n- **dataType**：这个参数设定为JQuery希望后端返回的数据类型，如果不指定，JQuery会根据服务器返回的mime信息作为responseXML或者responseText传递\r\n\r\n- **beforeSend**：这是一个函数，在发送请求前调用，其接收的参数为XMLHttpRequest，也就是本次请求的XML序列。在此函数中如果返回false，将会终止本次ajax请求\r\n\r\n- **complete/success/error**：这是一个回调函数，在完成/发送成功/发送失败时被调用\r\n\r\n- **dataFilter**：这是一个函数，对后端返回的数据进行预处理\r\n\r\n由于ajax前端请求本质上还是个http请求，所以没什么好讲的，我就不举例了。本教程关于ajax的使用我会举一个完整的例子放在最后。\r\n\r\n# Ajax后端实现：Django读取并相应ajax请求\r\n\r\n之前我提过，ajax请求本质上还是http请求，所以view对ajax的接收也没有什么不同。**但是我们要返回一个能被Jquery以期望方式读取的数据格式**。可以返回JsonResponse，也可以通过HttpResponse（Json.dumps(data)）返回有结构的数据（当然你也可以直接返回一个文本）。\r\n\r\n注1：如果你的django项目启用了csrf验证，你接受ajax请求的视图函数前需要加上一个装饰器“@csrf_exempt”（引入：from django.views.decorators.csrf import csrf_exempt）。\r\n\r\n注2：如果你想直接把model对象集合传输给前端，使用JsonResponse(List(此集合.values()),safe=false)\r\n\r\n## 实例：ajax实现异步更新html\r\n\r\n都看到这里了，我默认你已经学会了django的基本操作，所以我只放出html编写和接受ajax的视图函数部分。\r\n\r\nHtml：\r\n```html\r\n<!doctype html>\r\n \r\n<html>\r\n \r\n<head>\r\n \r\n<script src=\"http://apps.bdimg.com/libs/jquery/1.6.4/jquery.js\" ></script>\r\n \r\n</head>\r\n \r\n<body>\r\n \r\n    <p id=\"p1\">点击以发送ajax</p>\r\n \r\n    <script>\r\n \r\n    $(\"p\").click(function(){\r\n \r\n        $.ajax({\r\n \r\n            url:\"/ajax\",\r\n \r\n            type:\"post\",\r\n \r\n            success:function(response){\r\n \r\n                var root=document.getElementById(\"p1\");//获取p \r\n \r\n                root.innerHTML=root.innerHTML+response;\r\n \r\n            }\r\n \r\n        })\r\n \r\n    })\r\n \r\n    </script>\r\n \r\n</body>\r\n \r\n</html>\r\n```\r\n\r\n**View：**\r\n\r\n```python\r\nfrom django.views.decorators.csrf import csrf_exempt\r\n \r\n@csrf_exempt\r\n \r\ndef ajax(request):\r\n \r\n    if(request.method==\"POST\"):\r\n \r\n        return HttpResponse(\"一个ajax的回复\")\r\n```', '2023-03-24 15:51:00.000000', 'p', 'o', 'a', 109, 0, 1, 3, 7);
INSERT INTO `blog_article` (`id`, `created_time`, `last_mod_time`, `title`, `body`, `pub_time`, `status`, `comment_status`, `type`, `views`, `article_order`, `show_toc`, `author_id`, `category_id`) VALUES (30, '2023-03-13 16:17:33.786645', '2023-05-04 16:17:33.786651', '进阶Django（二）：模型Migrate', 'Django的migrate功能，个人认为有点像git，应该都属于版本控制。\r\n\r\n# Migration记录\r\n\r\n你是否有一个疑问：为什么只是将Models提交到数据库中，却要经历两个命令makemigrations和migrate？在makemigrations命令中，django做了什么呢？\r\n\r\n实际上，只有在migrate命令中django才会将Model的改动提交给数据库，而在makemigrations命令中，django会将Model的改动写成一个py文件，存储在与model文件同目录的migrations文件夹下。\r\n\r\n在migrate命令中，django不仅将Model的改动写入数据库，还会将migrate记录一并写入数据库下的django_migrations表中。\r\n\r\n# Migrate相关命令\r\n\r\n首先，我在初步教程里提到的makemigrations命令和migrate命令，在后面不接其他参数的情况下，默认是对整个项目进行更新，但它们也可以进行局部更新，只更新某个app下的模型，或者更新到特定的记录，不一定是最新的，也可以回退。\r\n\r\n在django官方的文档中，写出了四条最常用的migrate命令，它们如下所示，也可以在命令行中使用-h命令查看这些命令的详细参数：\r\n\r\n- **makemigrations [可选 app名]**：根据改动制作migration文件。\r\n- **migrate [可选 app名] [可选 migration名]**：将migration提交到数据库。\r\n- **sqlmigrate （app名） （migration名，比如0001**）：展示此migration对应的SQL语句。\r\n- **showmigrations [可选 app名]**：展示目前存在的migrations文件。\r\n\r\n# Migrate回退和合并\r\n\r\n既然是版本控制，当然也会有回退和合并功能。\r\n\r\n## 1 回退\r\n很简单，只需要将migrate命令指定为你想要回退到的migration文件就行。回退完毕之后，数据库里的记录也会被抹除，只会保留migrations文件夹里对应的文件。\r\n\r\n## 2 合并\r\nDjango里没有内置的合并指令，如果想要合并migration文件，可以按照以下步骤执行（如果对这些命令的参数有疑问，请使用 **-h** 指令查看django本身对它们的说明）：\r\n\r\n1. 使用**migrate --fake [app名] zero**命令取消所有migration文件的记录，**fake**选项只修改migration文件不提交到数据库，**zero**指的是取消所有**migrations**的状态。\r\n2. 使用**showmigrations [app名]**命令查看目前的migrations，确认两件事情：要合并的app下的所有文件是否已经全部置空（也就是前面的**[x]**变成**[]**）；其他app下是否有置空的文件（这是因为外键），若有，则那个app也需要合并重置一次。\r\n3. 删除需要合并的时间段的migrations文件，及其**__pycache__**文件。\r\n4. **makemigrations**生成migration文件。\r\n5. 使用**migrate --fake -initial [app名]**命令，再生成提交。', '2023-03-26 16:14:00.000000', 'p', 'o', 'a', 105, 0, 1, 3, 7);
INSERT INTO `blog_article` (`id`, `created_time`, `last_mod_time`, `title`, `body`, `pub_time`, `status`, `comment_status`, `type`, `views`, `article_order`, `show_toc`, `author_id`, `category_id`) VALUES (31, '2023-03-14 16:20:31.547071', '2023-05-04 16:20:31.547080', '进阶Django（三）：模型外键、多对多关系、自关联外键及Meta类', '# 前言\r\n\r\n本文为Django框架下Model模块的进阶教程，承接的是本专栏的文章**《初识Django（七）：模型》**。本文主要介绍的是Model下外键（一对一、一对多）、多对多关系的使用和Meta类的使用，以及解决一些疑难问题。\r\n\r\n# 模型中的映射关系\r\n\r\n## 1 物理外键与逻辑外键\r\n\r\n外键是表中一个特殊的字段，被用于与其他表建立关系。\r\n\r\n外键分为物理外键与逻辑外键两种，物理外键在数据库中定义，其级联关系由数据库本身维护；而逻辑外键的关系由自定义的代码维护。由于物理外键会强制要求数据库在删除具有外键的记录时检查数据，在数据量大的情况下会造成数据库资源的浪费，加上mysql对外键的设计不合理，所以一般**不建议**使用物理外键。\r\n\r\n## 2 Django中的外键（一对一、一对多关系）\r\n\r\n**Django中的ForeignKey为逻辑外键**。当你在Django中声明一个列为ForeignKey时，其实际上存入的是连接到的表的主键，并为此列建立一个索引。ForeignKey的使用如下例所示：\r\n\r\n```python\r\nclass ForeignModel(models.Model):\r\n \r\n    data=models.CharField(max_length=100)\r\n \r\nclass ExampleModel(models.Model):\r\n \r\n    id=models.CharField(default=CALLABLE_FUNC) #置为随机数函数\r\n \r\n    username=models.CharField(max_length=30,blank=True)\r\n \r\n    data=models.ForeignKey(ForeignModel)\r\n```\r\n如果要建立的两张表记录是一对一关系，记得在外键上添加unique=True属性，当记录的是一对多关系时，则需要在“多”的表中建立外键。\r\n\r\n## 3 Django中的多对多关系\r\n\r\n事实上，它原理上和一般的数据库多对多关系的实现并无二致。但在Django中，你可以直接使用ManyToManyField声明一个多对多字段，django会自动为你创建一张记录多对多关系的表。\r\n\r\n### 3.1 使用ManyToManyField自动建立多对多关系\r\n\r\n一个例子：\r\n```python\r\nclass Example1Model(models.Model): \r\n \r\n    data1=models.CharField(max_length=50)\r\n \r\nclass Example2Model(models.Model):\r\n \r\n    data2=models.CharField(max_length=50)\r\n \r\n    release=models.ManyToManyField(Example1Model) #多对多关系\r\n```\r\n运行migrate命令后，查看数据库，可以发现生成了一个app名_example2model_release表，即为记录多对多关系的表。\r\n\r\n### 3.2 另一种建立多对多表的方式\r\n使用Django ManyToMantField字段全自动建立第三张表总是差点味道，也不方便维护，那么，为何不直接将第三张表写成一个模型类呢？这种方式的扩展性更高，而且对强迫症非常友好^ ^。\r\n\r\n手动书写联系表，然后在ManyToManyField字段中用through参数指定django使用此联系表做映射，如下所示：\r\n```python\r\nclass Example1Model(models.Model): \r\n \r\n    data1=models.CharField(max_length=50)\r\n \r\nclass Example2Model(models.Model):\r\n \r\n    data2=models.CharField(max_length=50)\r\n \r\n    release=models.ManyToManyField(Example1Model,through=\"Model1_Model2_Release\") #多对多关系\r\n \r\nclass Model1_Model2_Release(models.Model):\r\n \r\n    model1=models.ForeignKey(Example1Model,on_delete=DO_NOTHING)\r\n \r\n    model2=models.ForeignKey(Example2Model,on_delete=DO_NOTHING)\r\n```\r\n\r\n### 3.3 多对多关系的建立与查询\r\n\r\n请看以下代码：\r\n```python\r\ne1=Example1Model.objects.create(data1=\"1234\")\r\n \r\ne2=Example2Model.objects.create(data2=\"5678\")\r\n \r\n#分别创建两个实例\r\n \r\ne2.release.add(e1) \r\n \r\n#使用add直接添加对象建立映射关系\r\n \r\ne2.release.all()\r\n \r\n#正向查询 ，只需要引用ManyToManyField字段\r\n \r\n#=> <QuerySet [<Example1Model: Example1Model object (1)>]>\r\n \r\ne1.example2model_set.all()\r\n \r\n#反查 ，example1model为被查询的类名全小写（即使是django官网那边也没写这个_set怎么来的，我只能自己写了一遍代码确认这玩意- -）\r\n \r\n#=> <QuerySet [<Example2Model: Example2Model object (1)>]>\r\n```\r\n\r\n请注意反查引用的字段为**[被查询的模型类全小写_set]**。\r\n\r\n## 4 自关联外键\r\n\r\n有时候会发生这样的情况：表中的一条记录与同一张表中的另一条记录相关联，这种情况就叫做自关联。\r\n\r\n自关联的三种关系写法与上文相同，只是将引用的类名改成self即可。\r\n\r\n## 5 外键删除时\r\n\r\n对于外键而言，由于其引用的是另一条数据库记录，故而不得不考虑一个问题：当它所引用的记录被删除时，它本身所处的记录又该如何？由于一对一、一对多、多对多关系中都需要用到外键，所以这也是上面这些关系中需要共同考虑的内容。\r\n\r\n我们在声明外键时，必须设置一个on_delete参数，通过这个参数决定Django在外键依赖的记录删除时会如何处理这个外键对应的数据。\r\n\r\n这个参数有以下几个取值：\r\n\r\n- **CASCADE**：级联删除，当被引用记录删除时，本记录也删除\r\n- **DO_NOTHING**：什么也不做\r\n- **SET_NULL**：设为空\r\n- **SET_DEFAULT**：设为默认值\r\n- **PROTECT**：保护模式，当删除引用记录时，会报错\r\n- **SET()**：设置一个对象，其中填写一个callable对象（比如说一个方法，返回一个默认模型对象）\r\n\r\n# Model的Meta内部类\r\n\r\n如果说模型中字段的参数是对这个字段的设置，那Meta类就是对整个模型的设置。我们可以通过在模型类中建立Meta类并声明特定名称的字段来调整模型。\r\n\r\n下方列出一些常用的Meta字段及其意义：\r\n\r\n```python\r\nclass ExampleModel(models.Model):\r\n \r\n    id=models.CharField(default=CALLABLE_FUNC) #置为随机数函数\r\n \r\n    username=models.CharField(max_length=30,blank=True)\r\n \r\n    class Meta():\r\n \r\n        db_table=\"声明在数据库中对应的表名，不声明django会自动命名为app名_类名\"\r\n \r\n        app_label=\"这个字段仅在你的模型类不在默认的models.py文件内，用于指定此模型所属的app，内容为所属app的名字\"\r\n \r\n        get_latest_by=\"这个字段指示django的get_latest()按照哪个字段查询。应为一个模型字段名，此字段为DateField或者DateTimeField\"\r\n \r\n        managed=\"Boolean。当其为真，django按照Model类修改数据库表，当其为假，django不会进行这些操作。\"\r\n \r\n        ordering=\"这个字段指示django返回的数据按照哪个字段排序。为一个DateField或DateTimeField。\"\r\n \r\n        verbose_name=\"此模型的别名。这个字段也可用于模型中的字段（有点拗口，这个选项也可以在模型中的列名中单独设置，这里设置的是表的别名，那里设置的是列的别名）。\"\r\n```\r\n\r\n# 使用Model时遇到的一些问题\r\n\r\n## 1 使用mysql报错 Did you install mysqlclient？\r\n发生在manage.py的makemigrations命令中。这问题呢，是一个连环坑。\r\n\r\n最开始的报错图如下所示：\r\n\r\n![](https://img-blog.csdnimg.cn/f20df53c6cec421b92ccf2ab11a0caa5.png?x-oss-process=image/watermark,type_d3F5LXplbmhlaQ,shadow_50,text_Q1NETiBAQXVndXN0VGhlbw==,size_20,color_FFFFFF,t_70,g_se,x_16)\r\n\r\n意思是我们没有安装mysqlclient，第一反应肯定是打开命令行pip安装一下包，但pip安装又会报错，说打不开文件“mysql.h”。pip安装不成，只能自己去下whl文件安装了。\r\n\r\n下载地址如下所示：\r\n\r\n[https://www.lfd.uci.edu/~gohlke/pythonlibs/#mysqlclient](https://www.lfd.uci.edu/~gohlke/pythonlibs/#mysqlclient \"https://www.lfd.uci.edu/~gohlke/pythonlibs/#mysqlclient\")\r\n\r\n下载后以安装whl文件的方式安装完毕再次运行，问题解决。\r\n\r\n## 2 You are trying to add a non-nullable field \'xxx\' to xxx\r\n这个其实也不算报错，但是需要使用者注意。即使你确定这个字段在后续生成记录时始终不为空，也最好为其设置一个默认值，否则在为表增加字段时django也会强制你添加一个值。', '2023-03-28 16:19:00.000000', 'p', 'o', 'a', 1128, 0, 1, 3, 7);
INSERT INTO `blog_article` (`id`, `created_time`, `last_mod_time`, `title`, `body`, `pub_time`, `status`, `comment_status`, `type`, `views`, `article_order`, `show_toc`, `author_id`, `category_id`) VALUES (32, '2023-03-21 20:32:52.607767', '2023-05-04 20:32:52.607799', '扩展Django（一）：Django接入微信公众平台', '# 前言\r\n\r\n微信公众平台的接入文档里采用的是python的web.py框架（一个很小很轻量级的web框架，但是网上的资料和官网的资料都太少了），本文在接入文档的代码里稍作改动，使其成为一个django项目便于运行。\r\n\r\n# 微信公众平台接入文档链接\r\n\r\n关于微信平台转发的xml消息的结构等其他问题在这里都有很详尽的解释：\r\n\r\n[开启公众号开发者模式 | 微信开放文档](https://developers.weixin.qq.com/doc/offiaccount/Getting_Started/Getting_Started_Guide.html \"开启公众号开发者模式 | 微信开放文档\")\r\n\r\n# 原web.py框架下代码\r\n\r\n## 1. main.py\r\n```python\r\n# -*- coding: utf-8 -*-\r\n \r\n# filename: main.py\r\n \r\nimport web\r\n \r\nfrom handle import Handle\r\n \r\nurls = (\r\n \r\n    \'/wx\', \'Handle\',\r\n \r\n)\r\n \r\nif __name__ == \'__main__\':\r\n \r\n    app = web.application(urls, globals())\r\n \r\n    app.run()\r\n```\r\n\r\n## 2. handle.py（验证服务器配置）\r\n```python\r\n# -*- coding: utf-8 -*-\r\n \r\n# filename: handle.py\r\n \r\nimport hashlib\r\n \r\nimport web\r\n \r\nclass Handle(object):\r\n \r\n    def GET(self):\r\n \r\n        try:\r\n \r\n            data = web.input()\r\n \r\n            if len(data) == 0:\r\n \r\n                return \"hello, this is handle view\"\r\n \r\n            signature = data.signature\r\n \r\n            timestamp = data.timestamp\r\n \r\n            nonce = data.nonce\r\n \r\n            echostr = data.echostr\r\n \r\n            token = \"xxxx\" #请按照公众平台官网\\基本配置中信息填写\r\n \r\n            list = [token, timestamp, nonce]\r\n \r\n            list.sort()\r\n \r\n            sha1 = hashlib.sha1()\r\n \r\n            map(sha1.update, list)\r\n \r\n            hashcode = sha1.hexdigest()\r\n \r\n            print \"handle/GET func: hashcode, signature: \", hashcode, signature\r\n \r\n            if hashcode == signature:\r\n \r\n                return echostr\r\n \r\n            else:\r\n \r\n                return \"\"\r\n \r\n        except Exception, Argument:\r\n \r\n            return Argument\r\n```\r\n\r\n## 3. handle.py（正式）\r\n```python\r\n# -*- coding: utf-8 -*-# \r\n \r\n# filename: handle.py\r\n \r\nimport hashlib\r\n \r\nimport reply\r\n \r\nimport receive\r\n \r\nimport web\r\n \r\nclass Handle(object):\r\n \r\n    def POST(self):\r\n \r\n        try:\r\n \r\n            webData = web.data()\r\n \r\n            print \"Handle Post webdata is \", webData\r\n \r\n            #后台打日志\r\n \r\n            recMsg = receive.parse_xml(webData)\r\n \r\n            if isinstance(recMsg, receive.Msg) and recMsg.MsgType == \'text\':\r\n \r\n                toUser = recMsg.FromUserName\r\n \r\n                fromUser = recMsg.ToUserName\r\n \r\n                content = \"test\"\r\n \r\n                replyMsg = reply.TextMsg(toUser, fromUser, content)\r\n \r\n                return replyMsg.send()\r\n \r\n            else:\r\n \r\n                print \"暂且不处理\"\r\n \r\n                return \"success\"\r\n \r\n        except Exception, Argment:\r\n \r\n            return Argment\r\n```\r\n\r\n## 4. receive.py\r\n\r\n```python\r\n# -*- coding: utf-8 -*-#\r\n \r\n# filename: receive.py\r\n \r\nimport xml.etree.ElementTree as ET\r\n \r\ndef parse_xml(web_data):\r\n \r\n    if len(web_data) == 0:\r\n \r\n        return None\r\n \r\n    xmlData = ET.fromstring(web_data)\r\n \r\n    msg_type = xmlData.find(\'MsgType\').text\r\n \r\n    if msg_type == \'text\':\r\n \r\n        return TextMsg(xmlData)\r\n \r\n    elif msg_type == \'image\':\r\n \r\n        return ImageMsg(xmlData)\r\n \r\nclass Msg(object):\r\n \r\n    def __init__(self, xmlData):\r\n \r\n        self.ToUserName = xmlData.find(\'ToUserName\').text\r\n \r\n        self.FromUserName = xmlData.find(\'FromUserName\').text\r\n \r\n        self.CreateTime = xmlData.find(\'CreateTime\').text\r\n \r\n        self.MsgType = xmlData.find(\'MsgType\').text\r\n \r\n        self.MsgId = xmlData.find(\'MsgId\').text\r\n \r\nclass TextMsg(Msg):\r\n \r\n    def __init__(self, xmlData):\r\n \r\n        Msg.__init__(self, xmlData)\r\n \r\n        self.Content = xmlData.find(\'Content\').text.encode(\"utf-8\")\r\n \r\nclass ImageMsg(Msg):\r\n \r\n    def __init__(self, xmlData):\r\n \r\n        Msg.__init__(self, xmlData)\r\n \r\n        self.PicUrl = xmlData.find(\'PicUrl\').text\r\n \r\n        self.MediaId = xmlData.find(\'MediaId\').text\r\n```\r\n\r\n## 5. reply.py\r\n\r\n```python\r\n# -*- coding: utf-8 -*-#\r\n \r\n# filename: reply.py\r\n \r\nimport time\r\n \r\nclass Msg(object):\r\n \r\n    def __init__(self):\r\n \r\n        pass\r\n \r\n    def send(self):\r\n \r\n        return \"success\"\r\n \r\nclass TextMsg(Msg):\r\n \r\n    def __init__(self, toUserName, fromUserName, content):\r\n \r\n        self.__dict = dict()\r\n \r\n        self.__dict[\'ToUserName\'] = toUserName\r\n \r\n        self.__dict[\'FromUserName\'] = fromUserName\r\n \r\n        self.__dict[\'CreateTime\'] = int(time.time())\r\n \r\n        self.__dict[\'Content\'] = content\r\n \r\n    def send(self):\r\n \r\n        XmlForm = \"\"\"\r\n            <xml>\r\n                <ToUserName><![CDATA[{ToUserName}]]></ToUserName>\r\n                <FromUserName><![CDATA[{FromUserName}]]></FromUserName>\r\n                <CreateTime>{CreateTime}</CreateTime>\r\n                <MsgType><![CDATA[text]]></MsgType>\r\n                <Content><![CDATA[{Content}]]></Content>\r\n            </xml>\r\n            \"\"\"\r\n \r\n        return XmlForm.format(**self.__dict)\r\n \r\nclass ImageMsg(Msg):\r\n \r\n    def __init__(self, toUserName, fromUserName, mediaId):\r\n \r\n        self.__dict = dict()\r\n \r\n        self.__dict[\'ToUserName\'] = toUserName\r\n \r\n        self.__dict[\'FromUserName\'] = fromUserName\r\n \r\n        self.__dict[\'CreateTime\'] = int(time.time())\r\n \r\n        self.__dict[\'MediaId\'] = mediaId\r\n \r\n    def send(self):\r\n \r\n        XmlForm = \"\"\"\r\n            <xml>\r\n                <ToUserName><![CDATA[{ToUserName}]]></ToUserName>\r\n                <FromUserName><![CDATA[{FromUserName}]]></FromUserName>\r\n                <CreateTime>{CreateTime}</CreateTime>\r\n                <MsgType><![CDATA[image]]></MsgType>\r\n                <Image>\r\n                <MediaId><![CDATA[{MediaId}]]></MediaId>\r\n                </Image>\r\n            </xml>\r\n            \"\"\"\r\n \r\n        return XmlForm.format(**self.__dict)\r\n```\r\n\r\n# 改造项目之前的解析\r\n\r\n首先，django项目并不需要main.py文件，所以我们可以将其删去。main.py里的路径映射移到django项目目录下的urls.py就可以。\r\n\r\nhandle.py在web.py中承担了接受数据和返回视图的作用，而django项目中承担此功能的部分是app目录下的views.py。\r\n\r\nreceive.py与reply.py作为处理微信公众平台转发的xml数据的部分本身不需要更改，**但由于我们可能把项目转接到一个大的django项目下，为防止重名且明晰用途，我们将这两个文件重命名**为wxRecieve.py与wxReply.py。\r\n\r\n# 改造代码\r\n\r\n## 1. 建立django项目和app\r\n\r\n这一步骤我不详讲，网上的教程可以说一搜一大把，或者也可以去看看笔者写的django教程。\r\n\r\n在本文中，我们默认读者已经知道django是如何运作的，至少基本上能够看懂python。\r\n\r\n记得在**settings.py**中加上你的**app**。\r\n\r\n## 2. 项目路径\r\n我们设定django项目名为djagowx，app名为wxrun，则整个目录的结构如下：\r\n\r\n    djangowx\r\n    │  db.sqlite3\r\n    │  manage.py\r\n    │\r\n     |─djangowx\r\n    │  │  asgi.py\r\n    │  │  settings.py\r\n    │  │  urls.py\r\n    │  │  wsgi.py\r\n    │  │  __init__.py\r\n    │  │\r\n    │  └─__pycache__\r\n    │          /\r\n    │\r\n    └─wxrun\r\n        │  admin.py\r\n        │  apps.py\r\n        │  models.py\r\n        │  tests.py\r\n        │  urls.py\r\n        │  views.py\r\n        │  __init__.py\r\n        │\r\n        ├─migrations\r\n        │  │  __init__.py\r\n        │  │\r\n        │  └─__pycache__\r\n        │          /\r\n        │\r\n        └─__pycache__\r\n                /\r\n\r\n## 3. 修改项目文件\r\n其余文件不做改动，我们在项目文件夹下新建两个文件wxRecieve.py与wxReply.py，内容复制于接入文档里的receive.py、reply.py，负责读取与生成xml消息。\r\n\r\n修改app目录下的views.py：\r\n\r\n```python\r\nimport hashlib\r\n \r\nfrom django.http import HttpResponse\r\n \r\nimport wxReceive as receive\r\n \r\nimport wxReply as reply\r\n \r\nfrom django.views.decorators.csrf import csrf_exempt\r\n \r\n@csrf_exempt\r\n \r\ndef token(request):\r\n \r\n    if(request.method==\'GET\'):\r\n \r\n        signature=request.GET[\'signature\']\r\n \r\n        timestamp=request.GET[\'timestamp\']\r\n \r\n        nonce=request.GET[\'nonce\']\r\n \r\n        echostr=request.GET[\'echostr\']\r\n \r\n        token=\"mytheodorwx20200923\"\r\n \r\n        list = [token, timestamp, nonce]\r\n \r\n        list.sort()\r\n \r\n        sha1 = hashlib.sha1()\r\n \r\n        map(sha1.update, list)\r\n \r\n        hashcode = sha1.hexdigest()\r\n \r\n        print(\"handle/GET func: hashcode, signature: \", hashcode, signature)\r\n \r\n        if hashcode == signature:\r\n \r\n            return HttpResponse(echostr)\r\n \r\n        else:\r\n \r\n            return HttpResponse(\"Error Response\")\r\n \r\n    else:\r\n \r\n        Recxml=receive.parsexml(request.body) #读取信息,至于为什么不是POST，是因为这不是字典也不是表单\r\n \r\n        if(isinstance(Recxml,receive.Msg) and Recxml.MsgType==\"text\"):\r\n \r\n            toUser = Recxml.FromUserName\r\n \r\n            fromUser = Recxml.ToUserName\r\n \r\n            \'\'\'\r\n            你的逻辑判断和返回模块（拿文字内容和文字返回内容举例）\r\n            content=\"你要返回的数据\"\r\n            \'\'\'\r\n \r\n            replyMsg = reply.TextMsg(toUser, fromUser, content)\r\n \r\n            return HttpResponse(reply.send())\r\n```\r\n\r\n修改项目文件夹下的urls.py：\r\n\r\n```python\r\nfrom django.urls import path\r\n \r\nfrom wxrun import views\r\n \r\nurlpatterns=[\r\n \r\n    path(\'你的url路径\',views.token),\r\n \r\n]\r\n```\r\n\r\n## #4. 关于验证服务器使用的加密设置\r\n不知道是不是我的操作有问题，按照接入文档进行排序然后sha1加密生成的hashcode并不等于signature。由于token和服务器网址都在后台填写，并且验证服务器只需要返回echostr，本质上没有特别大的安全风险，所以我将views.py的代码进行了部分删减，如果有同样问题的可以使用如下代码：\r\n\r\n```python\r\nimport hashlib\r\n \r\nfrom django.http import HttpResponse\r\n \r\nimport wxReceive as receive\r\n \r\nimport wxReply as reply\r\n \r\nfrom django.views.decorators.csrf import csrf_exempt\r\n \r\n@csrf_exempt\r\n \r\ndef token(request):\r\n \r\n    if(request.method==\'GET\'):\r\n \r\n        echostr=request.GET[\'echostr\']\r\n \r\n        return HttpResponse(echostr)\r\n \r\n    else:\r\n \r\n        Recxml=receive.parsexml(request.body) #读取信息,至于为什么不是POST，是因为这不是字典也不是表单\r\n \r\n        if(isinstance(Recxml,receive.Msg) and Recxml.MsgType==\"text\"):\r\n \r\n            toUser = Recxml.FromUserName\r\n \r\n            fromUser = Recxml.ToUserName\r\n \r\n            \'\'\'\r\n            你的逻辑判断和返回模块（拿文字内容和文字返回内容举例）\r\n            content=\"你要返回的数据\"\r\n            \'\'\'\r\n \r\n            replyMsg = reply.TextMsg(toUser, fromUser, content)\r\n \r\n            return HttpResponse(reply.send())\r\n```', '2023-04-01 20:31:00.000000', 'p', 'o', 'a', 89, 0, 1, 3, 9);
INSERT INTO `blog_article` (`id`, `created_time`, `last_mod_time`, `title`, `body`, `pub_time`, `status`, `comment_status`, `type`, `views`, `article_order`, `show_toc`, `author_id`, `category_id`) VALUES (33, '2023-03-23 20:42:39.033428', '2023-05-04 20:42:39.033437', '扩展Django（二）：Django更新部署到apache导致服务器不响应', '# 问题描述\r\n之前部署到服务器一切正常，这次更新加了一些功能之后没有动任何东西。把项目文件更新到原位置，重启Apache。\r\n\r\n- Apache启动正常\r\n\r\n- 之前的部署正常\r\n\r\n- 更新项目使用了新module\r\n\r\n- httpd -t（也就是检查配置文件）一切正常\r\n\r\n- error.log无新报错记录\r\n\r\n- 用runserver可以访问\r\n\r\n- 重启apache/服务器无用\r\n\r\n- 无论是在内网还是外网访问都一直卡在加载界面，也就是一直等待服务器响应\r\n\r\n- 卡死的访问在apache无记录\r\n\r\n# 解决方案\r\n\r\n可能是新增的功能使用了类似openCV、numpy这样不能在子解析器里被调用，所以我们应该强制apache使用主解析器。\r\n\r\n**httpd.conf加上一句WSGIApplicationGroup %{GLOBAL}\r\n**\r\n# 反思\r\n\r\n这个问题居然困扰了我一个晚上，首先是以为配置文件出错了，后来又以为访问数太多或者是ie10导致的，甚至觉得服务器维护了。其实这些思路都有问题：我一直没有碰服务器，这些配置文件怎么可能又出错？访问数的话，都没被搜索引擎收入哪来的访问量？而且各种log文件经我反复检查没有报错。从头到尾我只改变了django项目，然而我却一直没想到这方面去。思考问题要思路清晰有逻辑，从头到尾都要理性不急躁，这句话大家都天天在讲，可惜包括我在内几乎没人能做得到。排除一个错误，一遍两遍不成功，第三遍就开始玄学起来，脱离实际问题，反复做无用功，这样又如何能成功。', '2023-04-02 20:40:00.000000', 'p', 'o', 'a', 60, 0, 1, 3, 9);
INSERT INTO `blog_article` (`id`, `created_time`, `last_mod_time`, `title`, `body`, `pub_time`, `status`, `comment_status`, `type`, `views`, `article_order`, `show_toc`, `author_id`, `category_id`) VALUES (34, '2023-03-27 20:44:30.604808', '2023-05-04 20:44:30.604817', '扩展Django（三）：模型字段实现动态赋值', '本来打算把这一段放在一个大教程里，但是又怕想找答案的人搜不到，所以干脆单列出来。\r\n\r\n这话说的有一点拗口了，我举一个具体的例子：我使用COMB类型作为表的主键，但同时想要使用Django的admin模块为我的数据库表添加记录。由于COMB类型的生成被我以代码的形式写在程序中了（是一个类函数，每次运行生成一个COMB），而我又不想修改Django的任何一个部分。不可能每次添加记录都让我手roll一次COMB代码吧^ ^。所以我需要让Django自动将主键值设置为COMB代码每次运行的结果。\r\n\r\n这个需求的实现很简单，只需要**将default参数置为一个callable object**字段即可（最简单的，就是个方法），比如说：\r\n\r\n```python\r\nimport models\r\nimport random\r\n \r\ndef CALLABLE_FUNC():\r\n    return random.random()\r\n \r\nclass ExampleModel(models.Model):\r\n    id=models.CharField(default=CALLABLE_FUNC) #置为随机数函数\r\n    username=models.CharField(max_length=30,blank=True)\r\n```', '2023-04-03 20:43:00.000000', 'p', 'o', 'a', 44, 0, 0, 3, 9);
INSERT INTO `blog_article` (`id`, `created_time`, `last_mod_time`, `title`, `body`, `pub_time`, `status`, `comment_status`, `type`, `views`, `article_order`, `show_toc`, `author_id`, `category_id`) VALUES (35, '2023-04-07 21:06:21.049033', '2023-05-04 21:06:21.049041', '周杰伦2000-2022所有专辑总集结', '> 专辑介绍：似乎在不经意间，周杰伦的歌成为陪伴许多人青春、成长的BGM，也成了华人流行乐文化中不断启发后辈的标杆“语言”。早在世纪之交时，或许很多人并没注意到，这位咬字“另类”、难掩个性的唱作歌手，正在开创性地将R&B、嘻哈与摇滚、古典巧妙融合，创造并推动着华语乐坛标志性的中国风。而自他的作品横空出世之后，华语流行乐也前所未有地从经验、成就中跳脱，朝着唱作题材、曲风混搭的多元探索跃迁。在进入2010年代之后，周杰伦的音乐脚步有所放缓，而他的事业野心却不止息。好莱坞、音乐剧、《中国好声音》导师席成为他展露活力的全新舞台，潮流服饰、电子竞技等“副业”也走得风生水起。人生大事与事业成熟相伴而来，结婚生子为他的音乐创作平添了一份生活的满足感，轻松惬意的《告白气球》和浪漫舞步的《Mojito》是他唱给这个世代的美好告白。而这些音乐中浓浓的热恋情绪和时空幻想，都不断地把人拉回到2000年“唱作新世代”大幕掀起，这位华语天才唱作人横空出世的那一刻。仿佛提醒着我们，无论乐坛风云如何涌动，时代如何变迁，周杰伦为华人文化和流行音乐带来的影响力已深深印刻在无数人的记忆里，无可取代，同样“无与伦比”。华语乐坛还得看----周杰伦！\r\n\r\n# 2000-JAY\r\n\r\n![Jay](https://pic4.zhimg.com/80/v2-9e077c5694832582be10d2467f816a2f_1440w.jpg \"Jay\")\r\n\r\n\r\n《杰伦》（英语：Jay）是中国台湾歌手周杰伦首张录音室专辑，由台湾博德曼音乐于2000年11月7日发行。该专辑获得第12届台湾金曲奖最佳流行音乐演唱专辑奖与2001年IFPI香港唱片销量大奖十大销量国语唱片奖。歌曲《可爱女人》于Hit FM联播网2000年度百首单曲位列74名。\r\n\r\n01. 可爱女人\r\n02. 完美主义\r\n03. 星晴\r\n04. 娘子\r\n05. 斗牛\r\n06. 黑色幽默\r\n07. 伊斯坦堡\r\n08. 印第安老斑鸠\r\n09. 龙卷风\r\n10. 反方向的钟\r\n\r\n\r\n# 2001-范特西\r\n\r\n![范特西](https://pic1.zhimg.com/80/v2-d3d85caed6961be7ec3070ed5139bfb4_1440w.jpg)\r\n\r\n\r\n《范特西》是中国台湾歌手周杰伦第二张录音室专辑，由台湾博德曼音乐于2001年9月14日发行。专辑名《范特西》来自英文“Fantasy”音译。\r\n\r\n01. 爱在西元前\r\n02. 爸我回来了\r\n03. 简单爱\r\n04. 忍者\r\n05. 开不了口\r\n06. 上海一九四三\r\n07. 对不起\r\n08. 威廉古堡\r\n09. 双截棍\r\n10. 安静\r\n\r\n# 2001-范特西PLUS\r\n\r\n![范特西PLUS](https://pic2.zhimg.com/80/v2-2143db8337e080c720099c542d4df521_1440w.jpg \"范特西PLUS\")\r\n\r\n\r\n《范特西Plus》即范特西EP是中国台湾男歌手周杰伦的第1张迷你专辑，由博德曼音乐于2001年12月24日发行，收录周杰伦在桃园巨蛋演唱会上，重新演唱吴宗宪的《你比从前快乐》、咻比嘟哗的《世界末日》及许茹芸为世界展望会献唱的《蜗牛》三首歌曲与MV，以及范特西专辑10首歌曲的MV。\r\n\r\n01. 蜗牛\r\n02. 你比从前快乐\r\n03. 世界末日\r\n\r\n# 2002-八度空间\r\n\r\n![八度空间](https://pic3.zhimg.com/80/v2-c90e332adcdbf9a5a0fda2286e8c4c7a_1440w.jpg \"八度空间\")\r\n\r\n\r\n《八度空间》（名称大意为“音乐空间”）是中国台湾歌手周杰伦发行的第三张国语专辑。“八度空间”意味着1979年1月18日出生的杰伦可在西方八度音阶的空间内，挥洒自如、游刃有余、创造惊奇、不按排理出牌的个性，让人在既定的“八度框框”内，突破享受到无远弗届的异想世界；当大家在聆听旋律之余，阅读“创作名笔”方文山瑰丽缜密的词藻，更使听众像是观赏第八艺术的“电影”般，就像是音乐领域中的第八艺术！\r\n\r\n01. 半兽人（魔兽争霸III中文主题曲）\r\n02. 半岛铁盒\r\n03. 暗号\r\n04. 龙拳\r\n05. 火车叨位去（台）\r\n06. 分裂\r\n07. 爷爷泡的茶\r\n08. 回到过去\r\n09. 米兰的小铁匠\r\n10. 最后的战役\r\n\r\n# 2003-叶惠美\r\n\r\n![叶惠美](https://pic4.zhimg.com/80/v2-73ebe72c9aac9d39b842afb9b7acfcab_1440w.jpg \"叶惠美\")\r\n\r\n\r\n《叶惠美》是中国台湾歌手周杰伦的第四张录音室专辑，由台湾新力音乐于2003年7月31日发行。\r\n\r\n01. 以父为名\r\n02. 儒夫\r\n03. 晴天\r\n04. 三年二班\r\n05. 东风破\r\n06. 你听得到\r\n07. 同一种调调\r\n08. 她的睫毛\r\n09. 爱情悬崖\r\n10. 梯田\r\n11. 双刀\r\n\r\n# 2003-寻找周杰伦\r\n\r\n![寻找周杰伦](https://pic3.zhimg.com/80/v2-6e04b48e9d6ed502008f0551ce86e426_1440w.jpg \"寻找周杰伦\")\r\n\r\n\r\n《寻找周杰伦》是与周杰伦同名电影《寻找周杰伦》作为结合的专辑，由周杰伦作曲并制作。本EP收录了歌曲《轨迹》、和主题曲《断了的弦》及其伴奏。同时为了感谢周杰伦歌迷朋友一直的支持，随EP特别加送他上一张专辑《叶惠美》11首歌曲的MV，让歌迷可以完整收藏杰伦的每一首歌曲。\r\n\r\n01. 轨迹\r\n02. 断了的弦\r\n\r\n# 2004-七里香\r\n\r\n![七里香](https://pic2.zhimg.com/80/v2-f1166a6fee5e2baa12d5ca4fa951bce1_1440w.jpg \"七里香\")\r\n\r\n\r\n《七里香》是中国台湾歌手周杰伦发行第五张国语专辑。由台湾新力音乐于2004年8月3日发行。\r\n\r\n01. 我的地盘\r\n02. 七里香\r\n03. 借口\r\n04. 外婆\r\n05. 将军\r\n06. 搁浅\r\n07. 乱舞春秋\r\n08. 困兽之斗\r\n09. 园游会\r\n10. 止战之殇\r\n\r\n# 2005-十一月的萧邦\r\n\r\n![十一月的肖邦](https://pic4.zhimg.com/80/v2-1974e4fea305117cb964751149128f07_1440w.jpg \"十一月的肖邦\")\r\n\r\n\r\n《11月的肖邦》是中国台湾歌手周杰伦发行第六张国语专辑，并于2005年10月19日至10月31日在多个地区预售。大碟中除收录10首新曲外，还特别格外加收周杰伦为电影《头文字D》创作及演唱的主题曲《飘移》及插曲《一路向北》一共12首。专辑取名自周杰伦最欣赏的音乐家肖邦。\r\n\r\n《夜曲》的音乐视频在纽约取景，在10月21日全亚洲同步首播，首批专辑并附送三首音乐视频DVD以及桌历一份。\r\n\r\n01. 夜曲\r\n02. 蓝色风暴(百事可乐广告歌)\r\n03. 发如雪\r\n04. 黑色毛衣\r\n05. 四面楚歌\r\n06. 枫\r\n07. 浪漫手机\r\n08. 逆鳞\r\n09. 麦芽糖\r\n10. 珊瑚海\r\n11. 漂移\r\n12. 一路向北\r\n\r\n# 2006-依然范特西\r\n\r\n![依然范特西](https://pic1.zhimg.com/80/v2-39342c5ec68d9020bd143318a6532f24_1440w.jpg \"依然范特西\")\r\n\r\n\r\n《依然范特西》是中国台湾男歌手周杰伦的第7张专辑，由阿尔发音乐制作，由新力音乐于2006年9月5日代理发行。专辑原定于同年9月8日发行，惟母带被泄漏而提前3日至9月5日发行。\r\n\r\n01. 夜的第七章\r\n02. 听妈妈的话\r\n03. 千里之外\r\n04. 本草纲目\r\n05. 退后\r\n06. 红模仿\r\n07. 心雨\r\n08. 白色风车\r\n09. 迷迭香\r\n10. 菊花台\r\n\r\n# 2006-霍元甲\r\n\r\n![霍元甲](https://pic2.zhimg.com/80/v2-8971d0c01e8cf3030b884ce584c99acd_1440w.jpg \"霍元甲\")\r\n\r\n\r\n《霍元甲 EP》是中国台湾男歌手周杰伦的第3张迷你专辑，由阿尔发音乐于2006年1月20日发行，收录了于仁泰导演、李连杰主演的电影《霍元甲》的同名主题曲《霍元甲》，以及2004年周杰伦于香港红磡体育馆举行的“无与伦比演唱会”上演唱的粤语歌曲《献世》的现场版本，这首歌是周杰伦在2003年写给陈小春的，而DVD则收录了《11月的肖邦》12首歌曲的音乐影片。\r\n\r\n01. 献世\r\n02. 霍元甲\r\n\r\n# 2007-我很忙\r\n\r\n![我很忙](https://pic3.zhimg.com/80/v2-a3d13af8192a6f2e12c8137dd1c7504e_1440w.jpg \"我很忙\")\r\n\r\n\r\n《我很忙》是周杰伦在自己组建的杰威尔音乐发行的首张个人专辑，上一张专辑《依然范特西》。专辑中周杰伦在保留自己风格的同时力求突破，走美国西部牛仔风的主打歌《牛仔很忙》、男儿励志歌曲《阳光宅男》、可爱甜美的《甜甜的》无不体现出这点。每张专辑必有的中国风歌曲此次是到达新的程度，歌曲《青花瓷》在推出之后迅速窜红，成为继《发如雪》、《菊花台》之后的经典歌曲。2014年的美国喜剧电影《采访》在影片中曾使用《牛仔很忙》作为电影背景音乐，《阳光宅男》亦为电影《爱情无全顺》主题曲。\r\n\r\n01. 牛仔很忙\r\n02. 彩虹\r\n03. 青花瓷\r\n04. 阳光宅男\r\n05. 蒲公英的约定\r\n06. 无双\r\n07. 我不配\r\n08. 扯\r\n09. 甜甜的\r\n10. 最长的电影\r\n\r\n# 2007-不能说的秘密 电影原声带\r\n\r\n![不能说的秘密](https://pic2.zhimg.com/80/v2-2bbfc21c71fbdcbeb1b5b9bc504788c9_1440w.jpg \"不能说的秘密\")\r\n\r\n\r\n《不能说的秘密电影原声带》是周杰伦演唱的专辑，共25首曲目，演唱者是周杰伦，专辑的制作人和音乐总监均由周杰伦担任，于2007年8月13日发行。\r\n\r\n01. Opening\r\n02. 脚踏车\r\n03. 早操\r\n04. 淡水河边\r\n05. 斗琴\r\n06. 湘伦小雨四手联弹\r\n07. Ride With Me\r\n08. 父与子\r\n09. 情人的眼泪\r\n10. First Kiss\r\n11. 女孩别为我哭泣\r\n12. 晴天娃娃\r\n13. 阿郎与阿宝\r\n14. 与父共舞\r\n15. 路小雨\r\n16. The Swan\r\n17. Flash Back\r\n18. Secret(慢板)\r\n19. Angel\r\n20. 小雨写立可白Ⅰ\r\n21. 小雨写立可白Ⅱ\r\n22. Secret（加长版）\r\n23. 琴房\r\n24. Ending\r\n25. 不能说的秘密\r\n\r\n# 2008-大灌篮 电影原声带\r\n\r\n![大灌篮](https://pic2.zhimg.com/80/v2-95970a6d70256b35b86de2e0892fb715_1440w.jpg \"大灌篮\")\r\n\r\n\r\n01. 周大侠\r\n02. 秘密花园\r\n\r\n# 2008-魔杰座\r\n\r\n![魔杰座](https://pic2.zhimg.com/80/v2-284a571d23c32cf8ddbaa37c07f51a89_1440w.jpg \"魔杰座\")\r\n\r\n\r\n《魔杰座》的名称来源于周杰伦的星座摩羯座，本张专辑以“扑克牌”作为专辑主题，周杰伦化身成魔术师与小丑。其中主打歌《稻香》率先于9月22日各大电台播放。《魔杰座》未能逃脱以往专辑遭泄露的命运，所有曲目在官方发行之前被网站提前泄密曝光。因此本应在10月9日发行的《魔杰座》被唱片公司推迟到10月14日发行。\r\n\r\n01. 龙战骑士\r\n02. 给我一首歌的时间\r\n03. 蛇舞\r\n04. 花海\r\n05. 魔术先生\r\n06. 说好的幸福呢\r\n07. 兰亭序\r\n08. 流浪诗人\r\n09. 时光机\r\n10. 乔克叔叔\r\n11. 稻香\r\n\r\n# 2010-跨时代\r\n\r\n![跨时代](https://pic3.zhimg.com/80/v2-fef165c17126a875f761129dd7015b2a_1440w.jpg \"跨时代\")\r\n\r\n\r\n《跨时代》是华语流行歌手周杰伦于2010年发行的专辑，是他个人的第十张专辑，也是首度打破一年发行一张专辑惯例的专辑，首支主打歌是《超人不会飞》。整张专辑11首歌曲皆拍摄成MV。\r\n\r\n01. 跨时代\r\n02. 说了再见\r\n03. 烟花易冷\r\n04. 免费教学录影带\r\n05. 好久不見\r\n06. 雨下一整晚\r\n07. 嘻哈空姐\r\n08. 我落泪情绪零碎\r\n09. 爱的飞行日记\r\n10. 自导自演\r\n11. 超人不会飞\r\n\r\n# 2011-惊叹号\r\n\r\n![惊叹号](https://pic3.zhimg.com/80/v2-98a229fa2657e380ed4caf3c55e20fd2_1440w.jpg \"惊叹号\")\r\n\r\n\r\n《惊叹号》是中国台湾男歌手周杰伦于2011年发行的专辑，是他个人的第十一张专辑，首支主打歌是《惊叹号》而周杰伦还是按照惯常，整张专辑11首歌曲都会拍摄成音乐影片。\r\n\r\n01. 惊叹号\r\n02. 皮影戏\r\n03. Mine Mine\r\n04. 你好吗\r\n05. 迷魂曲\r\n06. 超跑女神\r\n07. 世界未末日\r\n08. 水手怕水\r\n09. 琴伤\r\n10. 公主病\r\n11. 疗伤烧肉粽\r\n\r\n# 2012-十二新作\r\n\r\n![十二新作](https://pic3.zhimg.com/80/v2-b3e3cfbe42c7927f745cab6fe2d31f9a_1440w.jpg \"十二新作\")\r\n\r\n\r\n《12新作》（英语：Opus 12）是中国台湾男歌手周杰伦的第12张录音室专辑，收录12首歌曲，2012年12月12日开始预购，12月28日发行，发行3天的时间就成为五大唱片2012年年榜第5名。\r\n\r\n2013年，专辑入围第24届金曲奖“最佳国语专辑奖”，周杰伦凭借这张专辑入围“最佳专辑制作人奖”以及“最佳国语男歌手奖”，黄雨勋凭借收录于这张专辑中的歌曲《比较大的大提琴》入围“最佳编曲人奖”。\r\n\r\n01. 四季列车\r\n02. 手语\r\n03. 公公偏头痛\r\n04. 明明就\r\n05. 傻笑\r\n06. 比较大的大提琴\r\n07. 爱你没差\r\n08. 红尘客栈\r\n09. 梦想启动\r\n10. 大笨钟\r\n11. 哪里都是你\r\n12. 乌克丽丽\r\n\r\n# 2014-哎呦，不错哦\r\n\r\n![哎呦不错哦](https://pic3.zhimg.com/80/v2-916774dcce95ad9afbe0b475e8f72c76_1440w.jpg \"哎呦不错哦\")\r\n\r\n\r\n《哎呦，不错哦》（英语：Aiyo, Not Bad）是中国台湾男歌手周杰伦的第13张录音室专辑，2014年12月10日开始预购，12月26日正式发行。\r\n\r\n专辑名称来自于周杰伦本人的口头禅。首波主打歌曲《鞋子特大号》于12月5日在HitFM联播网首播。首播当天由于收听人数过多，造成基地台故障，延后首播。专辑分为平装版、精装版以及限量USB版。\r\n\r\n12/25台北发片记者会上，宣布台湾预购在CD的部分破6万张，USB版的部分达12000张。此张专辑于西门町的签唱会，也估计共吸引2~3万人潮前来。\r\n\r\n专辑收录了由方文山导演的电影同名主题曲《听见下雨的声音》，这首歌曲由方文山作词，周杰伦作曲，原唱魏如昀。在2014年5月4日举行的“魔天伦2”上海演唱会上，周杰伦首次演唱了这首歌曲。\r\n\r\n01. 阳明山\r\n02. 窃爱\r\n03. 算什么男人\r\n04. 天涯过客\r\n05. 怎么了\r\n06. 一口气全念对\r\n07. 我要夏天\r\n08. 手写的从前\r\n09. 鞋子特大号\r\n10. 听爸爸的話\r\n11. 美人鱼\r\n12. 听见下雨的声音\r\n\r\n# 2016-周杰伦的床边故事\r\n\r\n![周杰伦的床边故事](https://pic3.zhimg.com/80/v2-2e5dc7845891a173e4f9f32821882772_1440w.jpg \"周杰伦的床边故事\")\r\n\r\n\r\n本专辑为周杰伦与妻子昆凌结婚生子后发行的首张专辑，为周杰伦个人第14张专辑。新专辑以床边故事命名，专辑设计打造成有声书概念，诉说10个与众不同、充满想像的音乐故事。专辑中与张惠妹首度合唱，是继《依然范特西》专辑中的《千里之外》与费玉清的合作后，再次跨公司与线上歌手合唱，并且收录于专辑中。\r\n\r\n01. 床边故事\r\n02. 说走就走\r\n03. 一点点\r\n04. 前世情人\r\n05. 英雄\r\n06. 不该\r\n07. 土耳其冰激凌\r\n08. 告白气球\r\n09. Now you See me\r\n10. 爱情废柴\r\n\r\n# 2022-最伟大的作品\r\n\r\n![最伟大的作品](https://img2.doubanio.com/view/subject/m/public/s34265941.jpg \"最伟大的作品\")\r\n\r\n\r\n在《最伟大的作品》这张听众能听到周杰伦无数过往风格的作品里，让听众从2004年或2007年的歌曲氛围里忽然出戏的，就是从前他会升调的地方，现在的作品里忽然降了下来，由于歌手的嗓音注定是流行音乐里无可替代的主乐器，所以其实现在，编曲混音也都需要配合他人到中年的声音。歌曲主题亦是如此，哪怕是他本人作词所占比例相对比较少的该专辑，也都是他阶段性的生活的反映。周杰伦一直在看展、赏画、玩艺术品，所以就有了《最伟大的作品》这样的致敬。尽管才华和乐感让他依旧稳定发挥，但大概很多听众所评价的“没内味儿了”，可能除了嗓音、概念之外，最大理由是走向巅峰的周杰伦已经无法让听众们在他的歌里投射自己的生活。\r\n\r\n1. Intro\r\n2. 最伟大的作品\r\n3. 还在流浪\r\n4. 说好不哭 (feat. 五月天阿信)\r\n5. 红颜如霜\r\n6. 不爱我就拉倒\r\n7. Mojito\r\n8. 错过的烟火\r\n9. 等你下课 (feat. 杨瑞代)\r\n10. 粉色海洋\r\n11. 倒影\r\n12. 我是如此相信 (电影《天火》主题曲)', '2023-03-02 21:05:00.000000', 'p', 'o', 'a', 837, 0, 1, 4, 10);
INSERT INTO `blog_article` (`id`, `created_time`, `last_mod_time`, `title`, `body`, `pub_time`, `status`, `comment_status`, `type`, `views`, `article_order`, `show_toc`, `author_id`, `category_id`) VALUES (36, '2023-04-17 09:46:26.753883', '2023-05-05 09:46:26.753890', '周杰伦的影响力到底有多大？', 'b站有个UP主[「黑暗骑士」](https://space.bilibili.com/174385946 \"「黑暗骑士」\")做了杰伦的纪录片，17年周杰伦死忠铁粉表示看每一集都泪目了。\r\n\r\n三言两语真的无法说清。\r\n\r\n链接给你，可以看看纪录片，讲得真的很不错，UP主很用心，把早年间重要的事情都讲到了。\r\n\r\n想一下子了解影响力的话，可以从第三集看起。\r\n\r\n也可以这么理解，他还这么年轻，居然已经有人为他做纪录片了，还有一群人在追看，也说明了影响力巨大。\r\n\r\n好啦！下面贴上链接，我会不定期根据小破站UP主的更新，把新的链接也陆陆续续贴上来的！\r\n\r\n## [【【周杰伦纪录片】第一集：初露锋芒】](https://b23.tv/ql8JDs \"【【周杰伦纪录片】第一集：初露锋芒】\")\r\n\r\n## [【【周杰伦纪录片】第二集：保驾护航】](https://b23.tv/jYzHKa \"【【周杰伦纪录片】第二集：保驾护航】\")\r\n\r\n前两集讲的是出道之前的事情。\r\n\r\n## [【【周杰伦纪录片】第三集：横空出世】](https://b23.tv/X9CMGQ \"【【周杰伦纪录片】第三集：横空出世】\")\r\n\r\n第三集，千禧年恰逢世纪交替之际，一位音乐天才横空出世啦！拯救了我的耳朵！！\r\n\r\n## [【【周杰伦纪录片】第四集：天马行空】](https://b23.tv/o5D9ES \"【【周杰伦纪录片】第四集：天马行空】\")\r\n\r\n范特西！！庆祝今年范特西开天辟地满二十周年！！\r\n\r\n- 最近有部电视剧叫「我的巴比伦恋人」，男主叫慕容杰伦，男二叫欧阳文山，开篇的独白简直就是在读「爱在西元前」的歌词。\r\n\r\n## [【【周杰伦纪录片】第五集：光影漫步】](https://b23.tv/Yetdwi \"【【周杰伦纪录片】第五集：光影漫步】\")\r\n\r\n第三张专辑八度空间，杰伦发现金曲奖有内幕并不公平，直接在颁奖典礼直播现场弹着钢琴唱rap骂评委！出道第三年，直接和最权威的颁奖典礼闹翻了，所以后面的七里香、十一月的肖邦、依然范特西，逐步让他火遍大江南北、全年龄段通杀的超高水平专辑，在金曲奖颗粒无收。\r\n\r\n这也是我这么多年依然崇拜他的原因之一。一个年轻人能够在自己还不够有资本的时候，就敢和资本对着干，真的需要巨大的勇气和过人的才华与实力。\r\n\r\n这么多年过去了，他活成了我们依旧羡慕和崇拜的模样，不看别人的脸色过活，只做自己喜欢的事。\r\n\r\n附上金曲奖上骂评委链接：\r\n\r\n## [【【1080P修复60帧】周杰伦 2003第14届金曲奖《无与伦比》串烧表演Live现场】](https://b23.tv/iEvYyH \"【【1080P修复60帧】周杰伦 2003第14届金曲奖《无与伦比》串烧表演Live现场】\")\r\n\r\n## [【【周杰伦纪录片】第六集：华丽乐章】](https://b23.tv/SQAQ6v \"【【周杰伦纪录片】第六集：华丽乐章】\")\r\n\r\n叶惠美！大中华地区知名妈妈。从这一张专辑开始奠定了天王的基础。\r\n\r\n## [【【周杰伦纪录片】第七集：夏日狂想】](https://b23.tv/8mivbd \"【【周杰伦纪录片】第七集：夏日狂想】\")\r\n\r\n七里香，2004年秋刀鱼都被吃涨价了，之前看过b站的一个视频，七里香在榜时长69周，一年也只有52周，没经历过的人一定是觉得夸张的。\r\n\r\n今年人民日报贴出来00后毕业礼还大合唱了这首歌；就这两天还有网友放出视频拍到一位老大爷用类似于戏腔唱法在公园唱七里香，还给路人介绍。七里香的统治力还在延续……\r\n\r\n说起来七里香专辑里藏着一个小彩蛋，很温馨的小彩蛋。“我希望人类不要再有战争，我希望和我的爱人永远在一起。”\r\n\r\n![七里香彩蛋](https://picx.zhimg.com/80/v2-769eb24ea79bbb692a081fcc4ad1a185_1440w.jpg?source=1940ef5c \"七里香彩蛋\")\r\n\r\n## [【【周杰伦纪录片】第八集：无与伦比】](https://b23.tv/eOQkXs \"【【周杰伦纪录片】第八集：无与伦比】\")\r\n\r\n我本人最爱的演唱会，从小到大刷了几百遍，只今年又看了三十几遍。无与伦比演唱会真的是无与伦比！\r\n\r\n贴一下演唱会的链接，修复版，我今年每次点进去都有上百人在看。\r\n\r\n## [【【1080P修复】周杰伦2004无与伦比演唱会 完整版 特效字幕】](https://b23.tv/qopiaO \"【【1080P修复】周杰伦2004无与伦比演唱会 完整版 特效字幕】\")\r\n\r\n- 强烈推荐「梯田+爸，我回来了」live改编，先呼吁环保，后反对家暴，再唱rap表示对自己音乐的绝对自信，最末吹起了笛子放大招！\r\n\r\n- 借用b站这一段live对应的被网友刷屏的弹幕：天纵奇才，举世无双！！（演唱会24分40秒开始）（实在太屌了，忍不住把弹幕截图发上来）\r\n\r\n![弹幕1](https://pic1.zhimg.com/80/v2-bf088db270c839f4172eaf30922ae35a_1440w.jpg?source=1940ef5c \"弹幕1\")\r\n\r\n![弹幕2](https://pic1.zhimg.com/80/v2-85f9ad712a6c87639b24d8a2552495cb_1440w.jpg?source=1940ef5c \"弹幕3\")\r\n\r\n这个眼神，真的杀！！结合当时的环境，这个眼神，是天才对既定行业内游戏规则的不屑，是天才对自己才华的绝对自信。\r\n\r\n吹笛子之前唱了一段rap，我记了很多年：\r\n\r\n- 我做音乐不是在举办辩论大会\r\n- 辩论自己的音乐有多会\r\n- 买的器材有多贵\r\n- 炫耀自己有多可贵\r\n- 我的音乐会\r\n- 你们排队\r\n- 看演唱会\r\n- 我说的对 我做的对 我的绝对 你会不会\r\n\r\n心目中杰伦最屌的现场之一。一个少年人是何等地自信才有勇气说出这样的话“我的音乐，你们排队！”，我们现在都还在排队Σ(ﾟωﾟ；≡⊃\r\n\r\n## [【【周杰伦纪录片】第九集：秋意殇曲】](https://b23.tv/SZB5HP \"【【周杰伦纪录片】第九集：秋意殇曲】\")\r\n\r\n十一月的肖邦，夜曲发行日是肖邦的生日。台版专辑的封面里，藏着肖邦夜曲的琴谱。彩蛋什么的，这个男人最懂了！\r\n\r\n![十一月的肖邦彩蛋1](https://picx.zhimg.com/80/v2-222b751014208e2021ebc770e1171a3d_1440w.jpg?source=1940ef5c \"十一月的肖邦彩蛋1\")\r\n\r\n![十一月的肖邦彩蛋1](https://picx.zhimg.com/80/v2-171daa37e82c70d7f35b4216d38ea7d8_1440w.jpg?source=1940ef5c \"十一月的肖邦彩蛋1\")\r\n\r\n2005年金曲奖现场有一段斗琴演奏，杰伦自己写的钢琴曲在颁奖典礼现场斗琴，老杰迷都知道的「逆鳞狂想曲」，也是非常非常经典的。这段钢琴曲非常带感，我自己经常循环。（我也没有用心统计过，但好像没有其他人在颁奖典礼上演奏过自己写的钢琴曲）\r\n\r\n链接贴上：\r\n\r\n## [【逆鳞狂想曲|周杰伦的钢琴到底什么水平？】](https://b23.tv/MyXloA \"【逆鳞狂想曲|周杰伦的钢琴到底什么水平？】\")\r\n\r\n## [【【周杰伦纪录片】第十集：一路向北】](https://b23.tv/WVC10H \"【【周杰伦纪录片】第十集：一路向北】\")\r\n\r\n头文字D，在众多男生心里都占据一席之地。\r\n\r\n有趣的是，杰伦给当年一起彪了车的人都写了歌。\r\n\r\n- 陈冠希，I can fly\r\n- 陈小春，我爱的人、献世、抱一抱、二愣子\r\n- 余文乐，默背你的心碎\r\n\r\n## [【【周杰伦纪录片】第十一集：中国风韵（上）】](https://b23.tv/BUO9lw \"【【周杰伦纪录片】第十一集：中国风韵（上）】\")\r\n\r\n## [【【周杰伦纪录片】第十二集：风靡之时】](https://b23.tv/nrZ9Bx \"【【周杰伦纪录片】第十二集：风靡之时】\")\r\n\r\n## [【【周杰伦纪录片】第十三集：中国风韵（中）】](https://b23.tv/7H1cKQ \"【【周杰伦纪录片】第十三集：中国风韵（中）】\")\r\n\r\n杰伦正式开始宣扬现代华语流行音乐中国风，开启了全年龄段通杀模式！听妈妈的话也是当年父母那一辈不再反对我们疯狂追崇这个看起来有点桀骜不驯叛逆少年的一个重要因素。\r\n\r\n## [【【周杰伦纪录片】十四集特别篇：不能说的秘密】](https://b23.tv/WFU7sX \"【【周杰伦纪录片】十四集特别篇：不能说的秘密】\")\r\n\r\n这部电影，我看过差不多三十遍，看到每个场景都记得台词，几近完美的青春片，配乐、拍摄手法、布景、剧情、逻辑都在线。\r\n\r\n杰伦是全世界为数不多，可以自编自导自演还包办绝大多数电影配乐的人呐！（好像电影里也没有一个广告植入，这甚至是一部没有广告植入的青春片，就离谱）\r\n\r\n一直到2007年，我看过这部电影之后，对杰伦的崇拜又提升到了一个新高度。\r\n\r\n时长和电影时长一样哎，UP真的很用心，也讲到了很多我自己没能看出来的细节，喜欢「不能说的秘密」的朋友别错过！\r\n\r\n## [【【周杰伦纪录片】第十五集：开疆拓土】](https://b23.tv/h6CY7S \"【【周杰伦纪录片】第十五集：开疆拓土】\")\r\n\r\n## [【【周杰伦纪录片】第十六集：荣耀背后】](https://b23.tv/FbWebd \"【【周杰伦纪录片】第十六集：荣耀背后】\")\r\n\r\n是今年八月奥运会的时候出的这一期，把我的思绪全部拉回到了2008年。这一集真的是(‾᷄꒫‾᷅)老杰迷都知道当年的辛酸泪啊。\r\n\r\n那几年网络信息滞后，黑子对杰伦造成了很大的伤害。他却在演唱会的十年回顾VCR上安慰我们：“放心～我没这么容易倒！谁叫我是周杰伦！”。他这个有事绝对不卖惨全部自己一个人抗的脾气，叫人喜欢又心疼啊。\r\n\r\n就是被黑子喷得最惨的那几年，他在演唱会上说，觉得杰迷对他的感情就像「最后的战役」里写的一样，永远不会背叛对方！（能听到自己的偶像这么说，真的很满足了。）\r\n\r\n贴上链接：\r\n\r\n## [【14分钟周杰伦对歌迷的表白，泪目！！】](https://b23.tv/MY0AMZ \"【14分钟周杰伦对歌迷的表白，泪目！！】\")\r\n\r\n## [【【周杰伦纪录片】第十七集：功夫之星】](https://b23.tv/pTP6xs \"【【周杰伦纪录片】第十七集：功夫之星】\")\r\n\r\n不断拼搏努力的人，一生有三类竞争对手：\r\n\r\n1. 自己同时期或同领域的竞争对手\r\n2. 自己\r\n3. 时间\r\n \r\n------------\r\n \r\n- 大部分人要赢过自己的对手，就需要强大的内心与持续不懈的努力，然而这样拼命，输给对手的也大有人在；\r\n\r\n- 剩下赢得过对手的人里，慢慢到最后就是和曾经的自己相比较，不断地突破自己，不断地挑战自己；也有很多人的人生高光时刻就那么转瞬即逝，之后的人生逐渐黯淡；\r\n\r\n- 而再剩下这些人里，是生来王者，与生俱来的使命就是改写历史。他们赢过别人太容易，也因为对自我的要求非常非常苛刻、苛刻到恐怖的地步，在已经是本领域断层第一的情况下，还在不断地有新的尝试，并不会甘心于过去的成就，会不断地再创辉煌。长年累月地，这些人仿佛凌驾于时空之上，开创了自己的时代，赢过了时间。\r\n\r\n周杰伦先生属于最后一种情况。他赢得轻松，活得也自由。依旧是我们崇拜的人。\r\n\r\n（我说轻松，没有否定他自身也很努力的意思，只是相对于其他没那么有天赋的人而言，有天赋的人散发魅力才华满溢，很多时候真的只是灵光一现）\r\n\r\n喜欢他很多很多年了，早就习惯了这个人方方面面地完全彻底渗透到日常生活的状态。\r\n\r\n但是时至今日，依然觉得世界上真的出现了一个人这样的人很不可思议，满足了所有我对人类美好品质的幻想和对才华的高要求。\r\n\r\n**庆幸能够活在有他的时代。无与伦比，为杰沉沦！**', '2023-03-05 09:31:00.000000', 'p', 'o', 'a', 3685, 1, 1, 4, 10);
INSERT INTO `blog_article` (`id`, `created_time`, `last_mod_time`, `title`, `body`, `pub_time`, `status`, `comment_status`, `type`, `views`, `article_order`, `show_toc`, `author_id`, `category_id`) VALUES (37, '2023-05-05 16:07:58.109719', '2023-05-05 16:07:58.109726', '新手如何系统性地学习摄影？', '# 新手系统学习摄影请从手机开始\r\n\r\n在开始之前，先打破一个大家的误区，认为学摄影必买单反。我以前也是这么认为的，没有单反怎么能学会摄影呢？但随着智能手机的发展，对于一个初学者来说，完全可以先从手机开始，熟悉基础概念、练习构图技巧、建立对日常所见所闻用照片记录的习惯，比一开始就花费几千几万买一个单反相机，最后放到那里吃灰好。\r\n\r\n好的设备是优秀摄影的加分项，而不是必备项。对于摄影来说，最重要的永远是相机后面的那个东西。\r\n\r\n土豪朋友当我没说……\r\n\r\n# 新手系统学习摄影请先思考照片的本质\r\n\r\n与其你问如何系统性地学习摄影，其实不如追根溯源，直接思考，摄影和照片的本质是什么？个人认为，摄影是场景+思考+审美+行为+设备+被拍摄主体等一系列元素的集合，这一切最终通过照片这一静帧的方式呈现。而照片的本质就是**真实世界某一个时刻某一个角落某一个主体的光影定格**。所以，综合一下，**一张好照片大概由三个层面构成：技术层面、设备层面、艺术层面**。\r\n\r\n![一张好照片](https://pic1.zhimg.com/80/v2-28ffbde845d9834b9c137852191f735c_1440w.jpg?source=1940ef5c \"一张好照片\")\r\n\r\n# 设备层面：建议买预算范围内最好的设备。如果你没有这个预算，其实手机就挺好。\r\n\r\n每年的IPPA（苹果手机全球摄影大赛）获奖照片一放出，我就只能看着自己手中的iPhone哀叹，这TM都是别人家的iPhone！\r\n\r\n所以有人纠结的设备问题，其实是最不重要的，买预算范围内最好的就行。\r\n\r\n![2022年苹果微距摄影大赛获奖作品（Trevor Collins-《Leaf lllumination》| iPhone 13 Pro）](https://picx.zhimg.com/80/v2-31ee13cc50248a188c35a06151bbabf8_1440w.jpg?source=1940ef5c \"2022年苹果微距摄影大赛获奖作品（Trevor Collins-《Leaf lllumination》| iPhone 13 Pro）\")\r\n\r\n# 技术层面：掌握拍摄一张好照片的技术不外乎就是由2个方面组成\r\n\r\n**正确的曝光**：一张照片的曝光主要由**快门、光圈、ISO（感光度）**三个参数共同决定。照片的本质是真实世界某一个时刻某一个角落某一个主体的光影定格，因此进光的数量和底片对光线的敏感度决定了最终曝光的程度。进光量过多，或感光原件过于敏感，照片就会看起来很亮，泛白，也就是我们说的曝光过度；如果进光量过少，或感光原件不够敏感，照片就会暗黑，也就是常说的曝光不足；\r\n\r\n![快门、光圈、感光度不同参数的区别|来自网络](https://picx.zhimg.com/80/v2-ea5cf7bfde20bef5d3cd0819d24f5c50_1440w.jpg?source=1940ef5c \"快门、光圈、感光度不同参数的区别|来自网络\")\r\n\r\n- **快门越快，进光量越少；快门越慢，进光量越多**。因为快门的单位是秒，所以你看到的数值1/100、1/50、1、30都是指的多少秒。聪明如你，一定能区分出曝光1/30秒和30秒哪个的进光量更多吧？如果区分有困难，你可以把眼睛闭上，1/30秒的快门就相当于你快速眨了一下，是不是很难看清眼前的东西？而60秒的快门就相当于你一直瞪着面前的东西看，是不是就清楚多了？\r\n\r\n- **光圈越大，进光量越多；光圈越小，进光量越少**。因为你在相机上看到的fXX这个值就是指光圈值，它是由一系列复杂的光学算法算出来的，这不重要，你只需要记得，f后面的值越小，代表光圈越大。例如，f1.2的圈就比f8的圈大；\r\n\r\n- **感光度值越高，对光线越敏感；感光度值越低，对光线越不敏感**。感光度这个概念来自胶片时代，不同类型的胶片对光线的敏感程度不一样，因此在数码时代沿用了这个做法。\r\n\r\n当我们知道上述三个概念后，现在你可以拿起你的手机，打开摄影app，将其调到专业模式，是不是就能看懂这三个…………两个参数的意思了？（iPhone同学请自行下载专业摄影app）\r\n\r\n![以锤子的坚果手机为例](https://picx.zhimg.com/80/v2-2c6a3cd4f3f4325a27333eb3b54209f3_1440w.jpg?source=1940ef5c \"以锤子的坚果手机为例\")\r\n\r\n好吧，绝大部分的手机上确实只有快门和ISO两个参数，这是因为手机的摄像头光圈大小是固定的，无法调节，但这并不妨碍后面的学习。\r\n\r\n咦……旁边的EV又是什么呢？貌似单反上也有这个，每次还跳来跳去的……这个功能主要是用于自动曝光时的，因为在复杂的光线条件下，机器无法对被摄主体正确的测光，从而不能正确的曝光（或者曝光出的效果不是你想要的，比如逆光拍摄剪影时），此时就需要手动调整EV值人为干预曝光。\r\n\r\n这属于更加复杂的摄影术语和概念，如果此时此刻你已经有点懵，想要有老司机带领着系统学习，可以点击下面卡片了解知乎知学堂官方的影视后期制作人赋能计划。它是由知乎知学堂主办推出的课程，专业性没得说。正式课程中不仅能够系统性的学习摄影和PS图像处理，还包含了PR视频剪辑、AE视频特效及视频拍摄等课程。线上学习，可以反复观看。课程本身也是由浅入深，递进式学习，对新手非常友好。点开下面卡片可以试听哦。\r\n\r\n有小可爱可能会问，现在都是数码时代，为啥要搞这么复杂呢，统一弄一个对光线敏感的传感器，靠光圈和快门来控制进光量不就好了吗？\r\n\r\n这就不得不说到我们的第二点，清晰的画面主体清晰。\r\n\r\n**主体清晰**：对于摄影来说，当我们能正确曝光了，还没完，画面还得清晰呀，不然模模糊糊的给谁看呢？而决定一张照片清晰与否依然由快门、光圈、感光度决定。\r\n\r\n![快门、光圈、感光度不同参数对画面清晰度的影响|来自网络](https://picx.zhimg.com/80/v2-d48a059fe0f2ce643cdd507d1a893cca_1440w.jpg?source=1940ef5c \"快门、光圈、感光度不同参数对画面清晰度的影响|来自网络\")\r\n\r\n刚刚这张图大家有没有注意到右侧跟左侧的变化？我们分开来说。\r\n\r\n**快门**：前面说快门越快，进光量越少，因此曝光就越暗。那在暗的环境里，把快门调慢就好了呗。但照片的本质是啥？真实世界某一个时刻某一个角落某一个主体的光影**定格**。要把一瞬间的光影定格呀同志们。说得易懂一点就是快门越慢，曝光时间越长，就越难“定格”。所以，如果必须把快门调低，那一定要手够稳，姿势要正，而最科学的方法就是使用三脚架。\r\n\r\n那这样因为运动造成的模糊就一无是处吗？不是的，比如你想表现一只狗跑得很快，这样的方式是不是反而有助于营造这样的氛围呢？\r\n\r\n![图片来自百度图片搜索](https://picx.zhimg.com/80/v2-d2b05db4fb476a5a1ebddb1aa4e2ee90_1440w.jpg?source=1940ef5c \"图片来自百度图片搜索\")\r\n\r\n**光圈**：快门导致画面的不清晰主要来自于手抖，而光圈导致画面不清晰主要是因为景深和焦点。景深是个好东西，它可以将前景和背景虚化，突出主体。决定景深的主要是被拍摄主体离机器的远近、光圈大小、镜头的焦段和相机感光原件（CCD或CMOS）的尺寸。主体离机器越近，光圈越大，焦段越长，感光原件尺寸越大（例如全画幅）景深越浅。\r\n\r\n因此，在浅景深的情况下，如果你的焦点没有对准主体，就会造成失焦导致画面模糊不清晰。所以，无论你是使用自动对焦还是手动对焦（现在还有追寻手动乐趣的老法师吗），请务必睁大眼睛看好了，否则一不小心焦点就跑了……\r\n\r\n那手机摄影如何达到景深效果呢？这就要说到人像模式了（某些手机又叫景深模式）。虽然手机光圈是固定的，无法直接调整，但手机依然是有景深的，不信你让摄像头靠近小的主体，背景是不是依然是模糊的？虽然光圈不能调节，但鸡贼的手机厂商通过算法将主体扣除，给背景做成模糊的效果来仿照景深。\r\n\r\n![iPhone 12 pro 普通模式拍摄|作者@仙人球球](https://pic1.zhimg.com/80/v2-3c5eb58bfc42ab2708a0a57fe8330e7f_1440w.jpg?source=1940ef5c \"iPhone 12 pro 普通模式拍摄|作者@仙人球球\")\r\n\r\n![iPhone 12 Pro 人像模式拍摄|作者@仙人球球](https://picx.zhimg.com/80/v2-dd85685b08678af2271b80f540e4092d_1440w.jpg?source=1940ef5c \"iPhone 12 Pro 人像模式拍摄|作者@仙人球球\")\r\n\r\n景深这么好用，那是不是每次都用大光圈、长焦来追求浅景深的效果呢？不是的。如果你是要拍摄下图一样的场景，后面的人却因为景深太浅被虚掉了，是不是就抓瞎了……所以这个时候反而应该缩小光圈。\r\n\r\n![](https://pica.zhimg.com/80/v2-ec86aa7b8d9f5c8f23de85ec45f6490b_1440w.jpg?source=1940ef5c)\r\n\r\n感光度（ISO）：这货既不验证你的手抖不抖，也不验证你的眼神好不好使，它最大的任性就是，虽然感光度值越高对光线越敏感，特别时候在光线不足的时候使用。但它是以牺牲画质为代价的，也就是说感光度值越高，画质越渣。对感光度的使用真的是又爱又恨，在非必要时，通常默认将其调整到最低，以此来达到最好的画质。\r\n\r\n![不同感光度对画质的影响|图片来自百度图片搜索](https://pic1.zhimg.com/80/v2-f5b21e7f8100c4caa9a96b6de2afa010_1440w.jpg?source=1940ef5c \"不同感光度对画质的影响|图片来自百度图片搜索\")\r\n\r\n![iPhone 12 Pro + PS后期处理|作者@仙人球球](https://picx.zhimg.com/80/v2-2a4c8221a438788393bfe9d0c3e951c5_1440w.jpg?source=1940ef5c \"iPhone 12 Pro + PS后期处理|作者@仙人球球\")\r\n\r\n最后，再次强调一下，如果你不是富二代，还没买单反设备，又想系统学习摄影，从手机开始！从手机开始！\r\n\r\n**切记：摄影穷三代，单反毁一生！**', '2023-03-15 15:57:00.000000', 'p', 'o', 'a', 884, 0, 1, 12, 13);
INSERT INTO `blog_article` (`id`, `created_time`, `last_mod_time`, `title`, `body`, `pub_time`, `status`, `comment_status`, `type`, `views`, `article_order`, `show_toc`, `author_id`, `category_id`) VALUES (38, '2023-05-05 16:12:28.611616', '2023-05-05 16:12:28.611623', '你在明白了什么道理后，摄影水平爆发式增长？', '当我学会了用M档以后。\r\n\r\n不要笑，这是真话。\r\n\r\n故事还要从2008年说起，那年在奥运会开幕之前，我买了一台单反——尼康D40，三个对焦点，610万像素。\r\n\r\n那时我是个摄影小白。有多白？我不知道单反还需要加上镜头才能拍照，我以为买一台机身就可以了，不同的镜头只是为了增加不同的效果罢了，直到店员把没装镜头的单反放到我面前，我通过取景器看到那白茫茫的一片，才知道自己对摄影的了解正如眼前的一片混沌。\r\n\r\n相机拿到手就是一顿摆弄，说明书自然是看不懂的，完全不懂，只有简易上手的那几张图看懂了，也就是如何持机。还不小心拨到了M档，按下快门半天，也听不到反光板回弹的声音，最后好不容易曝光结束，一张纯白的照片显示出来，当时真的以为相机到我手里才俩小时就被玩坏了。\r\n\r\n然后就用绿档各种拍，倒是也方便，基本每次照片都是正常的，而且闪光灯还会时不时弹出来，高级得很。\r\n\r\n有一天下午，到学校附近的高碑店水库搞创作，我很认真的，觉得自己就是特牛逼特专业的那种摄影师，我创作的意义就是记录当下，为后人留下我们这个时代的悲喜万千。\r\n\r\n那天傍晚夕阳很美，可是我怎么拍都觉得不太对劲儿，照片总显得很亮，并不如眼前的天空那么好看。拍了很久都拍不出我想要的效果。\r\n\r\n鬼使神差地，我把相机调到了M档，这时我注意到，取景器下面多了一个标尺，这是平时没有的，标尺上还有加减号，这时，我仿佛就像耶稣从约旦河水中出来，被天上的一束光照到了脑袋上一样，我对自己说：减号？应该就是暗一些吧？我拨了下拨盘（D40只有一个拨盘，想调光圈的话还要按下光圈键和拨盘组合调节，我那时当然还不会），把标尺调到了减号那边，按下快门。回看的时候我都惊了：这是我拍过的最好看的照片！我现在还保存着：\r\n\r\n![](https://pic3.zhimg.com/80/v2-8af2c12e0bd179bd7169627a2a1daf36_1440w.jpg)\r\n\r\n从拍下这张照片起，我发现我终于慢慢驯服了手中这匹野马，我可以想让它拍得亮就亮、想暗就暗。记录这个世界的时候，并不是每次都要把标尺调在0。\r\n\r\n从那以后，在拍了十多年以后，我感觉现在比那时突飞猛进不少。', '2023-03-17 16:10:00.000000', 'p', 'o', 'a', 765, 0, 0, 12, 13);
INSERT INTO `blog_article` (`id`, `created_time`, `last_mod_time`, `title`, `body`, `pub_time`, `status`, `comment_status`, `type`, `views`, `article_order`, `show_toc`, `author_id`, `category_id`) VALUES (39, '2023-05-05 16:17:53.007106', '2023-05-05 16:17:53.007114', '自学摄影多年，我总结了30个摄影经验', '1、 学摄影的第一年是整个摄影生涯最重要的一年，并不意味着你的技术是否突飞猛进，更重要的是基本上你的摄影心态和方法会在这一年内定型，往后基本上就是在这个方向摸索深究，这也是摄影师的风格多样化的原因。\r\n\r\n2、 每个人都有一定的基础审美，但这并不是一成不变的，你可以通过学习构图、学习色彩、学习历史来提高自己对美的认知。一张摄影作品，审美决定了作品的上限，技术决定了作品的下限。\r\n\r\n3、 如果你想用摄影来表达你的内心世界，越熟悉你的器材越能让别人更准确的看到你的想法。\r\n\r\n4、 不管是黄金分割点还是其他构图，讲究的是和谐之美，但更多的是在构图上的和谐，你不一定非得按照别人的想法强行达到构图和谐，完全可以按照自己的直觉决定你想要的画面，但你同时也得知道先知道一些经典构图，以便你进行斟酌选择。\r\n\r\n5、 一枚定焦镜头会让你的摄影世界焕然一新，当你开始使用定焦镜头时意味着你开始思考摄影这件事了。\r\n\r\n![](https://pic4.zhimg.com/v2-661104140a857190e262f5b3b613231f_b.jpg)\r\n\r\n6、 500元以下的三脚架随便选，品质都不会差太多。\r\n\r\n7、 尽量不要用三脚架的最后一节（最细的那一节脚架），它会大大增加你坠机的风险。\r\n\r\n8、 购买三脚架时，能选四节的就不要选三节的。\r\n\r\n9、 不管是在户外还是室内使用三脚架，宁愿拉升脚架提高高度，也不要拉升中轴来提高摄影角度，那会让你的三脚架重心提高，容易导致坠机。\r\n\r\n10、 当你使用相机的实时取景时，这个时候感光元件是完全暴露在光线中的，千万不要将镜头对着太阳太久，以免损伤你的相机。\r\n\r\n![](https://pic1.zhimg.com/v2-2e6b65e2513c01ab253b6bd40be006c0_b.jpg)\r\n\r\n11、 不管你有没有这个习惯，刚买了相机后先阅读一遍说明书，尽管你还看不懂，但你需要大概知道说明书里都有啥内容，刚开始接触相机时，你遇到的80%的疑问都可以在说明书里找到答案。\r\n\r\n12、 不要追求焦段全能的镜头，一般镜头的焦距跨度越大，镜头的素质就会逐渐降低。\r\n\r\n13、 遮光罩能帮助你在逆光拍摄的时候减少杂光的进入，一般广角镜头的遮光罩是莲花形的，目的是为了防止出现暗角，所以莲花形的遮光罩四个缺口应该对准左上、右上、左下、右下四个方位。\r\n\r\n14、 UV镜不只是用来保护镜头的，品质不好的UV镜会让你的照片成像品质下降，所以如果真的想买，就考虑花多点钱买个好的。\r\n\r\n15、 镜头上的镜片除了是一块玻璃之外，镜片表面是有镀膜的，请你务必戒掉对着镜头吹气想要吹掉灰尘的坏习惯，以免把口水附在镜片上伤害镜头。\r\n\r\n![](https://pic3.zhimg.com/v2-3efc4b15e2b4d1ccb0e37f463c21079e_b.jpg)\r\n\r\n16、 如果镜片上有灰尘，用吹嘴吹一下就行，如果镜头上有附着物，用镜头纸擦拭即可（可以在电商平台买专门用的清洁液进行清洁）。\r\n\r\n17、 不建议用酒精清洁镜片，以免伤害镜片上的镀膜。\r\n\r\n18、 如果你是第一次买相机，除了考虑套机头之外，还可以顺便了解一下50mm1.8（佳能）/35mm1.8G这两个镜头。\r\n\r\n19、 室内外温差大的时候，为了防止温差大导致相机起雾（镜头内一片白茫茫），记得先把相机放到通风处30分钟适应温度后再拿出室外。\r\n\r\n20、 大多数摄影师一生最常用的焦段都集中在18-50mm和85-105mm。\r\n\r\n![](https://pic4.zhimg.com/v2-54e35559c4e56890c30638708afa104f_b.jpg)\r\n\r\n21、 镜头防抖功能的实现只是在镜头内部多装了一组用于辅助判断抖动情况的悬浮镜片组，没有任何数据表明防抖镜头的品质一定比不防抖的镜头品质好。\r\n\r\n22、 防抖功能很好，但不是任何时候都适用，比如说用三脚架拍照的时候要关闭，追焦拍摄运动轨迹的时候要关闭。\r\n\r\n23、 当你开始使用闪光灯后，你会发现摄影貌似从记录变成了一种创作，曝光三要素（快门、光圈、ISO）变成了曝光五要素（快门、光圈、ISO、闪光输出、灯距离），阴天也能拍出晴天的效果，室内夜晚也能模拟白天的光效。\r\n\r\n24、 残画幅相机也能用广角镜头拍星空、星轨、风光照，用人像镜头拍写真，用长焦镜头打鸟，关键是看你拍摄的目的是为了兴趣还是为了赚钱，如果想要让人付费购买，毫无疑问消费者更愿意花更少的钱买到更高价值的产品（画质更好、成像效果更好）。\r\n\r\n25、 摄影师的经验之谈看看就好，所有的经历都必须你自己走上一遭才能有深刻体会。\r\n\r\n26、 在告诉别人你是一名专业摄影师之前，先检查一下自己是否对你的相机了如指掌，在客户面前展露苦恼的表情会直接让你的客户对你失去信任。\r\n\r\n27、 别老用大光圈，大光圈会让你的照片失去场景感，有时候你都不知道某张照片是在哪里拍的。\r\n\r\n28、 曝光补偿清零、白平衡重新设置、储存卡格式化是你每开始一次长时间的拍照前都需要做的检查。\r\n\r\n29、 摄影师喜欢用M档曝光模式拍摄，并不只是因为它可以让你更准确的控制照片成像，还有一个原因是可以统一整组照片的一致性，当你开始使用LR批量处理照片调色时，你会更能体会到一组照片保持一致性的便利。\r\n\r\n30、 选择付费往往能帮你节省大量时间筛选优质内容，不受无用信息的困扰。', '2023-03-18 16:13:00.000000', 'p', 'o', 'a', 676, 0, 0, 12, 13);
INSERT INTO `blog_article` (`id`, `created_time`, `last_mod_time`, `title`, `body`, `pub_time`, `status`, `comment_status`, `type`, `views`, `article_order`, `show_toc`, `author_id`, `category_id`) VALUES (40, '2023-05-05 16:31:56.493308', '2023-05-05 16:31:56.493316', '富士相机那款性价比高？2023富士相机详细购买指南（超高性价比精选7款推荐）', '**这是一篇高质量的富士相机购买指南**\r\n\r\n**此时省略300字······**\r\n\r\n本文章分为三部分，第一部分为相机常见问题解答，第二部分为富士相机综合分析，第三部分为高性价比富士相机推荐，约3000字，阅读需要6分钟，如果不想耗时太长，直接看第三部分的精华推荐即可。\r\n\r\n觉得本文对你购买富士相机有帮助，不妨点赞、收藏加关注，赠人玫瑰，手有余香，感谢关注。\r\n\r\n> **防杠提示三点**：\r\n\r\n> 1. 任何的推荐都不免存在不同的看法，本文受作者主观意识影响，并不能跟每个人的看法同频，如有不同意见请求同存异。\r\n> 2. 你认为别的富士相机款式更好，在这里没有推荐，并不代表我觉得不好，而是时间有限，无法包含所有优秀的富士相机，当然后续会持续更新，请友善评论。\r\n> 3. 作者站在客观角度来做推荐，并非是商业推广，也没有因此那个特定产品来获利，请知友独立判断，自愿购买。\r\n\r\n------------\r\n\r\n# 一、常见问题解答\r\n\r\n## Q1 买相机主要看哪些参数？\r\n\r\n**买相机主要看感光元件类型和大小、焦距、光圈大小、像素、连拍速度这些参数\r\n**\r\n\r\n**感光元件类型和大小**：感光元件类型有CCD和CMOS两种，一般来说微单相机选择CCD类型的感光元件成像画质会更好，CCD的制造成本比CMOS的高，价格相对来说会比CMOS的贵，以前的CMOS在性能比不上CCD，不过现在随着CCD和CMOS的技术不断进步，两者的差异越来越小，性能上已经差别不大。\r\n\r\n感光元件的尺寸大小决定影像画质的质量，采用的数值用倒数来显示，数值越小影像画质就会越好，低端用的是1/2.7英寸，中端用的是1/2.5英寸，高端用的是1/1.7英寸。\r\n\r\n**焦距**：焦距主要与镜头有关，标准的焦距镜头是50mm，焦距范围越小影像的成像画质就会越高，范围越大成像画质越低，但要说是范围大的好还是小的好，要看你的实际用途，焦距的范围大小就好像是手机拍照放大和缩小功能，放大是为了看到更远的视角，缩小是为了看到更全面的广角，这样理解就可以了。\r\n\r\n**光圈大小**：光圈越大其f值就越小，大光圈的光亮非常足，可以更快的提高快门速度，在暗光下拍摄也很有用，所以光圈越大就会越好，但价格也会越贵。\r\n\r\n**像素**：一般来说，像素越大的相机会越好，但也要综合上面几点，毕竟相机是综合了光学、电子、机械等等各方面的组成。\r\n\r\n**连拍速度**：连拍速度每秒拍的越多就越好，但也要在同等影像画质的情况下来比较，显然低画质的连拍速度会比高画质的快。\r\n\r\n## Q2 全画幅和残幅的区别在哪里\r\n\r\n有很多喜欢摄影的爱好者不知道全画幅和残幅的区别在哪里，在决定买哪款相机之前心里都会想着是买全画幅还是残幅的相机？\r\n\r\n**全画幅比较适合专业级或者摄影进阶者，残幅比较适合入门级或者业余摄影爱好者。**\r\n\r\n全画幅比残幅更好，全画幅有着更好的画质感，更快更精准的对焦速度和更广阔的视角，你也可以这样理解，残幅是全画幅的一部分画面区域就足够。全画幅采用的是135胶片大小，残幅采用的是APS-C规格，但富士的微单相机APS-C性能处于超高水平，甚至有的比全画幅的性能强，可谓独树一帜。\r\n\r\n全画幅比残幅的价格更高，要是日常拍拍照片，记录自己的日常美好选残幅就足够，要是对摄影有更高的要求或者有足够的经济实力就选全画幅。\r\n\r\n## Q3 购买相机之外，还有哪些需要注意的？\r\n\r\n买相机建议在京东官方自营购买，京东的官方自营正品和质量都非常有保障，极其不建议在淘宝上购买，淘宝上假货很多。\r\n\r\n因为相机的镜头很贵，建议在买相机之后买一块UV镜来保护镜头，UV镜不但可以很好的保护镜头，还可以帮助提高成像色彩还原，价格还不贵。\r\n\r\n# 二、富士相机综合分析\r\n\r\n1. 富士相机在目前相机一线品牌综合实力排名第四，总部位于日本东京，为日本五大相机品牌，自1934年创立以来，凭着严格的产品质量管控和技术不断更新迭代，现在成为全世界最大规模的生产影像、信息、文件处理类产品及服务综合性的制造和供应商之一。\r\n\r\n2. 富士集团在2019年度《福布斯》全球数字经济100强榜中排名第98位，《财富》全球500强企业排名第349位，实现净营业销售额约356亿美元。\r\n\r\n3. 富士相机的质量和性能是非常不错的，独有研发设计的色彩滤镜富士龙镜头，成像画质很不错，色彩的还原度很高，还有富士的相机传感器做的真的很好，相机多以长焦镜头为主，在目前长焦镜头来说是做的最好的，外观多以复古文艺小巧路线，颜值非常高。\r\n\r\n# 三、高性价比富士相机推荐\r\n\r\n**因为富士相机每隔一段时间会有促销活动**，所以下面的价格不是最终的优惠价格，点击链接进去会有最高的优惠价格以及促销时间。\r\n\r\n## 1、富士instax立拍立得 一次成像相机\r\n\r\n![](https://pic4.zhimg.com/v2-e42d868627d8b1ee3857880be7e70abf_b.jpg)\r\n\r\n推荐理由：高颜值懒人相机，质量和品质都很不错，操作非常简单，既拍12秒成像，充满电可以连续拍100张，很适合入门摄影爱好者或者旅游爱好者，高颜值高山流水礼盒包装，外观精致小巧，携带方便又好看，无论是自己用还是送给别人，都是很显气质和大方的，自带滤镜模板，可以自定义拍摄风格，支持录音打印和二维码功能，nice~\r\n\r\n## 2、富士（FUJIFILM） x-s10/xs10 五轴防抖 +XF35 F2镜头 基础必备套机\r\n\r\n![](https://pic3.zhimg.com/v2-7bdeb4f02cc49d328593334a766fad26_b.jpg)\r\n\r\n推荐理由：超高性能全新6.0系5轴防抖，街拍神器，240P升格拍摄十倍慢速体验，在同等价位来说性价比是非常高的，采用高性能X-TRANS CMOS4传感器2610万像素，处理速度比前代提升3倍，拍的更快更稳，多向翻转垂直270°和水平180°全面角度，怎么拍都方便，新增Classic Neg经典负片和漂泊模式，在保持低色彩饱和度的同时可呈现高对比度的效果，画质效果更出色。\r\n\r\n## 3、富士（FUJIFILM）X-T30 微单套机 2610万像素\r\n\r\n![](https://pic1.zhimg.com/v2-a917e8ff4cd2aa1262acf19ed3bcfe38_b.jpg)\r\n\r\n推荐理由：全新第四代CMOS图像传感器搭载2610万像素APS-C画幅，以及四核X-Processor图像处理引擎，强大对焦性能和更快的图像处理速度，成像画质非常不错，看见即所得，更低程度减少杂色和摩尔纹的干扰，背照式感光结构控噪水平更佳，高精准人脸识别和出色的追焦能力，更快的连拍速度，机身小巧便捷，复古文艺外观高颜值，综合性价比高。\r\n\r\n## 4、富士（FUJIFILM）X-T3II 微单单机\r\n\r\n![](https://pic3.zhimg.com/v2-c6d2ba144a88e536b6d2b57b1d7bd3be_b.jpg)\r\n\r\n推荐理由：采用全新第四代2610万像素X-TRANS CMOS4（无低通滤镜）传感器，更强的伪色和摩尔纹抑制能力，图像成像画质更好，全新X-Processor 4图像处理引擎，实现高画质的同时还比上代提升3倍的图像处理速度，色彩效果不错，视频功能非常强大，视频拍摄采用最高4K 60fPs规格，高精准人脸识别和对焦速度非常快，外观复古金属质感高颜值，机身小巧便捷，如果你经常拍摄视频或者对视频画质要求很高，这款就很值得入手。\r\n\r\n## 5、富士（FUJIFILM）X-Pro3 微单相机 机身\r\n\r\n![](https://pic3.zhimg.com/v2-8a238f16b1f3e53a0904f34e515c3c0e_b.jpg)\r\n\r\n推荐理由：超高性能富士旗舰相机，高颜值外观钛金色质感，手感极佳，超耐用的独特Duratect涂层设计，坚硬程度极高，核心性能采用跟T-X3一样的强大性能第四代CMOS图像传感器2610万像素和X-Processor 4图像处理引擎，全新固件算法超高画质表现，新添加的CIassic Neg.经典负片胶片模拟，图像风格色彩非常明显且完成度极高，独特隐藏式LCD显示屏设计，采用光电混合取景器，视角更广视点更高，而且帧速率更进一步大大提升，性价比非常高。\r\n\r\n## 6、富士（FUJIFILM）X-T4 微单套机\r\n\r\n![](https://pic1.zhimg.com/v2-1f47300dbefcbbe944bc1e1bb36cba0c_b.jpg)\r\n\r\n推荐理由：超完美的富士旗舰相机，富士粉终极的梦想，全新超全面五轴防抖，机身配置最高6.5挡防抖，而且镜头也非常优秀，自带6.5挡防抖效果，是目前富士继X-H1第二款机身防抖高配微单相机，强悍的对焦系统和超高速15张/秒高清可达6240X4160分辨率的高性能追焦能力，富士相机连拍速度第一名，高水准的控噪能力，漂白模式增强画面的强烈色彩对比，拍出来的画面有电影大片感，超强悍的视频功能，支持顶配4K 60P视频拍摄，而且在超高清慢动作拍摄做到极致的表现，超高颜值全镁合金时尚复古外观，电池性能相当不错，使用全新NP-W235电池，可单次拍摄500张照片，综合性价比超高。', '2023-05-05 16:24:00.000000', 'p', 'o', 'a', 1790, 0, 1, 12, 12);
INSERT INTO `blog_article` (`id`, `created_time`, `last_mod_time`, `title`, `body`, `pub_time`, `status`, `comment_status`, `type`, `views`, `article_order`, `show_toc`, `author_id`, `category_id`) VALUES (44, '2023-06-15 11:30:28.394095', '2023-06-15 11:30:28.394103', 'Test', '# 一级标题\r\n ## 二级', '2023-06-15 11:29:00.000000', 'p', 'o', 'a', 3, 3, 0, 3, 3);
COMMIT;

-- ----------------------------
-- Table structure for blog_article_tags
-- ----------------------------
DROP TABLE IF EXISTS `blog_article_tags`;
CREATE TABLE `blog_article_tags` (
  `id` bigint NOT NULL AUTO_INCREMENT,
  `article_id` int NOT NULL,
  `tag_id` int NOT NULL,
  PRIMARY KEY (`id`),
  UNIQUE KEY `blog_article_tags_article_id_tag_id_b78a22e9_uniq` (`article_id`,`tag_id`),
  KEY `blog_article_tags_tag_id_88eb3ed9_fk_blog_tag_id` (`tag_id`),
  CONSTRAINT `blog_article_tags_article_id_82c02dd6_fk_blog_article_id` FOREIGN KEY (`article_id`) REFERENCES `blog_article` (`id`),
  CONSTRAINT `blog_article_tags_tag_id_88eb3ed9_fk_blog_tag_id` FOREIGN KEY (`tag_id`) REFERENCES `blog_tag` (`id`)
) ENGINE=InnoDB AUTO_INCREMENT=124 DEFAULT CHARSET=utf8mb4 COLLATE=utf8mb4_0900_ai_ci;

-- ----------------------------
-- Records of blog_article_tags
-- ----------------------------
BEGIN;
INSERT INTO `blog_article_tags` (`id`, `article_id`, `tag_id`) VALUES (64, 22, 22);
INSERT INTO `blog_article_tags` (`id`, `article_id`, `tag_id`) VALUES (65, 22, 23);
INSERT INTO `blog_article_tags` (`id`, `article_id`, `tag_id`) VALUES (78, 22, 27);
INSERT INTO `blog_article_tags` (`id`, `article_id`, `tag_id`) VALUES (79, 22, 28);
INSERT INTO `blog_article_tags` (`id`, `article_id`, `tag_id`) VALUES (46, 23, 22);
INSERT INTO `blog_article_tags` (`id`, `article_id`, `tag_id`) VALUES (47, 23, 23);
INSERT INTO `blog_article_tags` (`id`, `article_id`, `tag_id`) VALUES (82, 23, 27);
INSERT INTO `blog_article_tags` (`id`, `article_id`, `tag_id`) VALUES (83, 23, 28);
INSERT INTO `blog_article_tags` (`id`, `article_id`, `tag_id`) VALUES (48, 24, 22);
INSERT INTO `blog_article_tags` (`id`, `article_id`, `tag_id`) VALUES (49, 24, 23);
INSERT INTO `blog_article_tags` (`id`, `article_id`, `tag_id`) VALUES (84, 24, 27);
INSERT INTO `blog_article_tags` (`id`, `article_id`, `tag_id`) VALUES (85, 24, 28);
INSERT INTO `blog_article_tags` (`id`, `article_id`, `tag_id`) VALUES (50, 25, 22);
INSERT INTO `blog_article_tags` (`id`, `article_id`, `tag_id`) VALUES (51, 25, 23);
INSERT INTO `blog_article_tags` (`id`, `article_id`, `tag_id`) VALUES (86, 25, 27);
INSERT INTO `blog_article_tags` (`id`, `article_id`, `tag_id`) VALUES (87, 25, 28);
INSERT INTO `blog_article_tags` (`id`, `article_id`, `tag_id`) VALUES (52, 26, 22);
INSERT INTO `blog_article_tags` (`id`, `article_id`, `tag_id`) VALUES (53, 26, 23);
INSERT INTO `blog_article_tags` (`id`, `article_id`, `tag_id`) VALUES (88, 26, 27);
INSERT INTO `blog_article_tags` (`id`, `article_id`, `tag_id`) VALUES (89, 26, 28);
INSERT INTO `blog_article_tags` (`id`, `article_id`, `tag_id`) VALUES (54, 27, 22);
INSERT INTO `blog_article_tags` (`id`, `article_id`, `tag_id`) VALUES (55, 27, 23);
INSERT INTO `blog_article_tags` (`id`, `article_id`, `tag_id`) VALUES (90, 27, 27);
INSERT INTO `blog_article_tags` (`id`, `article_id`, `tag_id`) VALUES (91, 27, 28);
INSERT INTO `blog_article_tags` (`id`, `article_id`, `tag_id`) VALUES (56, 28, 22);
INSERT INTO `blog_article_tags` (`id`, `article_id`, `tag_id`) VALUES (57, 28, 23);
INSERT INTO `blog_article_tags` (`id`, `article_id`, `tag_id`) VALUES (92, 28, 27);
INSERT INTO `blog_article_tags` (`id`, `article_id`, `tag_id`) VALUES (93, 28, 28);
INSERT INTO `blog_article_tags` (`id`, `article_id`, `tag_id`) VALUES (58, 29, 22);
INSERT INTO `blog_article_tags` (`id`, `article_id`, `tag_id`) VALUES (59, 29, 23);
INSERT INTO `blog_article_tags` (`id`, `article_id`, `tag_id`) VALUES (94, 29, 27);
INSERT INTO `blog_article_tags` (`id`, `article_id`, `tag_id`) VALUES (95, 29, 28);
INSERT INTO `blog_article_tags` (`id`, `article_id`, `tag_id`) VALUES (60, 30, 22);
INSERT INTO `blog_article_tags` (`id`, `article_id`, `tag_id`) VALUES (61, 30, 23);
INSERT INTO `blog_article_tags` (`id`, `article_id`, `tag_id`) VALUES (96, 30, 28);
INSERT INTO `blog_article_tags` (`id`, `article_id`, `tag_id`) VALUES (62, 31, 22);
INSERT INTO `blog_article_tags` (`id`, `article_id`, `tag_id`) VALUES (63, 31, 23);
INSERT INTO `blog_article_tags` (`id`, `article_id`, `tag_id`) VALUES (97, 31, 27);
INSERT INTO `blog_article_tags` (`id`, `article_id`, `tag_id`) VALUES (98, 31, 28);
INSERT INTO `blog_article_tags` (`id`, `article_id`, `tag_id`) VALUES (66, 32, 22);
INSERT INTO `blog_article_tags` (`id`, `article_id`, `tag_id`) VALUES (67, 32, 23);
INSERT INTO `blog_article_tags` (`id`, `article_id`, `tag_id`) VALUES (99, 32, 27);
INSERT INTO `blog_article_tags` (`id`, `article_id`, `tag_id`) VALUES (100, 32, 28);
INSERT INTO `blog_article_tags` (`id`, `article_id`, `tag_id`) VALUES (101, 32, 29);
INSERT INTO `blog_article_tags` (`id`, `article_id`, `tag_id`) VALUES (68, 33, 22);
INSERT INTO `blog_article_tags` (`id`, `article_id`, `tag_id`) VALUES (69, 33, 23);
INSERT INTO `blog_article_tags` (`id`, `article_id`, `tag_id`) VALUES (102, 33, 28);
INSERT INTO `blog_article_tags` (`id`, `article_id`, `tag_id`) VALUES (103, 33, 29);
INSERT INTO `blog_article_tags` (`id`, `article_id`, `tag_id`) VALUES (70, 34, 22);
INSERT INTO `blog_article_tags` (`id`, `article_id`, `tag_id`) VALUES (71, 34, 23);
INSERT INTO `blog_article_tags` (`id`, `article_id`, `tag_id`) VALUES (104, 34, 27);
INSERT INTO `blog_article_tags` (`id`, `article_id`, `tag_id`) VALUES (105, 34, 28);
INSERT INTO `blog_article_tags` (`id`, `article_id`, `tag_id`) VALUES (106, 34, 29);
INSERT INTO `blog_article_tags` (`id`, `article_id`, `tag_id`) VALUES (72, 35, 24);
INSERT INTO `blog_article_tags` (`id`, `article_id`, `tag_id`) VALUES (73, 35, 25);
INSERT INTO `blog_article_tags` (`id`, `article_id`, `tag_id`) VALUES (76, 36, 24);
INSERT INTO `blog_article_tags` (`id`, `article_id`, `tag_id`) VALUES (77, 36, 26);
INSERT INTO `blog_article_tags` (`id`, `article_id`, `tag_id`) VALUES (109, 37, 22);
INSERT INTO `blog_article_tags` (`id`, `article_id`, `tag_id`) VALUES (107, 37, 26);
INSERT INTO `blog_article_tags` (`id`, `article_id`, `tag_id`) VALUES (108, 37, 30);
INSERT INTO `blog_article_tags` (`id`, `article_id`, `tag_id`) VALUES (110, 37, 31);
INSERT INTO `blog_article_tags` (`id`, `article_id`, `tag_id`) VALUES (113, 38, 22);
INSERT INTO `blog_article_tags` (`id`, `article_id`, `tag_id`) VALUES (111, 38, 26);
INSERT INTO `blog_article_tags` (`id`, `article_id`, `tag_id`) VALUES (112, 38, 30);
INSERT INTO `blog_article_tags` (`id`, `article_id`, `tag_id`) VALUES (114, 38, 31);
INSERT INTO `blog_article_tags` (`id`, `article_id`, `tag_id`) VALUES (117, 39, 22);
INSERT INTO `blog_article_tags` (`id`, `article_id`, `tag_id`) VALUES (115, 39, 26);
INSERT INTO `blog_article_tags` (`id`, `article_id`, `tag_id`) VALUES (116, 39, 30);
INSERT INTO `blog_article_tags` (`id`, `article_id`, `tag_id`) VALUES (118, 39, 31);
INSERT INTO `blog_article_tags` (`id`, `article_id`, `tag_id`) VALUES (120, 40, 22);
INSERT INTO `blog_article_tags` (`id`, `article_id`, `tag_id`) VALUES (121, 40, 26);
INSERT INTO `blog_article_tags` (`id`, `article_id`, `tag_id`) VALUES (122, 40, 30);
INSERT INTO `blog_article_tags` (`id`, `article_id`, `tag_id`) VALUES (123, 40, 31);
INSERT INTO `blog_article_tags` (`id`, `article_id`, `tag_id`) VALUES (119, 40, 32);
COMMIT;

-- ----------------------------
-- Table structure for blog_blogsettings
-- ----------------------------
DROP TABLE IF EXISTS `blog_blogsettings`;
CREATE TABLE `blog_blogsettings` (
  `id` bigint NOT NULL AUTO_INCREMENT,
  `sitename` varchar(200) NOT NULL,
  `site_description` longtext NOT NULL,
  `site_seo_description` longtext NOT NULL,
  `site_keywords` longtext NOT NULL,
  `article_sub_length` int NOT NULL,
  `sidebar_article_count` int NOT NULL,
  `sidebar_comment_count` int NOT NULL,
  `article_comment_count` int NOT NULL,
  `show_google_adsense` tinyint(1) NOT NULL,
  `google_adsense_codes` longtext,
  `open_site_comment` tinyint(1) NOT NULL,
  `beiancode` varchar(2000) DEFAULT NULL,
  `analyticscode` longtext NOT NULL,
  `show_gongan_code` tinyint(1) NOT NULL,
  `gongan_beiancode` longtext,
  `global_footer` longtext,
  `global_header` longtext,
  PRIMARY KEY (`id`)
) ENGINE=InnoDB AUTO_INCREMENT=2 DEFAULT CHARSET=utf8mb4 COLLATE=utf8mb4_0900_ai_ci;

-- ----------------------------
-- Records of blog_blogsettings
-- ----------------------------
BEGIN;
INSERT INTO `blog_blogsettings` (`id`, `sitename`, `site_description`, `site_seo_description`, `site_keywords`, `article_sub_length`, `sidebar_article_count`, `sidebar_comment_count`, `article_comment_count`, `show_google_adsense`, `google_adsense_codes`, `open_site_comment`, `beiancode`, `analyticscode`, `show_gongan_code`, `gongan_beiancode`, `global_footer`, `global_header`) VALUES (1, '布洛戈', '基于Django的博客系统', '基于Django的博客系统', '计算机,音乐,摄影', 200, 10, 5, 5, 0, '', 1, NULL, '', 0, '', '', '');
COMMIT;

-- ----------------------------
-- Table structure for blog_category
-- ----------------------------
DROP TABLE IF EXISTS `blog_category`;
CREATE TABLE `blog_category` (
  `id` int NOT NULL AUTO_INCREMENT,
  `created_time` datetime(6) NOT NULL,
  `last_mod_time` datetime(6) NOT NULL,
  `name` varchar(30) NOT NULL,
  `slug` varchar(60) NOT NULL,
  `index` int NOT NULL,
  `parent_category_id` int DEFAULT NULL,
  PRIMARY KEY (`id`),
  UNIQUE KEY `name` (`name`),
  KEY `blog_category_parent_category_id_f50c3c0c_fk_blog_category_id` (`parent_category_id`),
  KEY `blog_category_slug_92643dc5` (`slug`),
  CONSTRAINT `blog_category_parent_category_id_f50c3c0c_fk_blog_category_id` FOREIGN KEY (`parent_category_id`) REFERENCES `blog_category` (`id`)
) ENGINE=InnoDB AUTO_INCREMENT=15 DEFAULT CHARSET=utf8mb4 COLLATE=utf8mb4_0900_ai_ci;

-- ----------------------------
-- Records of blog_category
-- ----------------------------
BEGIN;
INSERT INTO `blog_category` (`id`, `created_time`, `last_mod_time`, `name`, `slug`, `index`, `parent_category_id`) VALUES (3, '2023-05-04 11:09:08.623199', '2023-05-04 11:09:08.623205', '计算机', 'ji-suan-ji', 3, NULL);
INSERT INTO `blog_category` (`id`, `created_time`, `last_mod_time`, `name`, `slug`, `index`, `parent_category_id`) VALUES (5, '2023-05-04 14:35:58.605768', '2023-05-04 14:35:58.605774', 'Django', 'django', 1, 3);
INSERT INTO `blog_category` (`id`, `created_time`, `last_mod_time`, `name`, `slug`, `index`, `parent_category_id`) VALUES (6, '2023-05-04 15:48:44.069783', '2023-05-04 15:48:44.069790', '初识', 'chu-shi', 2, 5);
INSERT INTO `blog_category` (`id`, `created_time`, `last_mod_time`, `name`, `slug`, `index`, `parent_category_id`) VALUES (7, '2023-05-04 15:48:52.119868', '2023-05-04 15:48:52.119876', '进阶', 'jin-jie', 1, 5);
INSERT INTO `blog_category` (`id`, `created_time`, `last_mod_time`, `name`, `slug`, `index`, `parent_category_id`) VALUES (8, '2023-05-04 15:59:18.525193', '2023-05-04 15:59:18.525201', '音乐', 'yin-le', 2, NULL);
INSERT INTO `blog_category` (`id`, `created_time`, `last_mod_time`, `name`, `slug`, `index`, `parent_category_id`) VALUES (9, '2023-05-04 20:31:40.480650', '2023-05-04 20:31:40.480658', '扩展', 'kuo-zhan', 0, 5);
INSERT INTO `blog_category` (`id`, `created_time`, `last_mod_time`, `name`, `slug`, `index`, `parent_category_id`) VALUES (10, '2023-05-04 21:06:01.287359', '2023-05-04 21:06:01.287366', '周杰伦', 'zhou-jie-lun', 1, 8);
INSERT INTO `blog_category` (`id`, `created_time`, `last_mod_time`, `name`, `slug`, `index`, `parent_category_id`) VALUES (11, '2023-05-05 15:54:15.716276', '2023-05-05 15:54:15.716283', '摄影', 'she-ying', 1, NULL);
INSERT INTO `blog_category` (`id`, `created_time`, `last_mod_time`, `name`, `slug`, `index`, `parent_category_id`) VALUES (12, '2023-05-05 15:54:48.850436', '2023-05-05 15:54:48.850443', '相机', 'xiang-ji', 1, 11);
INSERT INTO `blog_category` (`id`, `created_time`, `last_mod_time`, `name`, `slug`, `index`, `parent_category_id`) VALUES (13, '2023-05-05 15:55:02.807343', '2023-05-05 15:55:02.807351', '知识', 'zhi-shi', 0, 11);
INSERT INTO `blog_category` (`id`, `created_time`, `last_mod_time`, `name`, `slug`, `index`, `parent_category_id`) VALUES (14, '2023-05-05 15:55:23.483621', '2023-05-05 15:55:23.483628', '吉他', 'ji-ta', 0, 8);
COMMIT;

-- ----------------------------
-- Table structure for blog_links
-- ----------------------------
DROP TABLE IF EXISTS `blog_links`;
CREATE TABLE `blog_links` (
  `id` bigint NOT NULL AUTO_INCREMENT,
  `name` varchar(30) NOT NULL,
  `link` varchar(200) NOT NULL,
  `sequence` int NOT NULL,
  `is_enable` tinyint(1) NOT NULL,
  `show_type` varchar(1) NOT NULL,
  `created_time` datetime(6) NOT NULL,
  `last_mod_time` datetime(6) NOT NULL,
  PRIMARY KEY (`id`),
  UNIQUE KEY `name` (`name`),
  UNIQUE KEY `sequence` (`sequence`)
) ENGINE=InnoDB AUTO_INCREMENT=9 DEFAULT CHARSET=utf8mb4 COLLATE=utf8mb4_0900_ai_ci;

-- ----------------------------
-- Records of blog_links
-- ----------------------------
BEGIN;
INSERT INTO `blog_links` (`id`, `name`, `link`, `sequence`, `is_enable`, `show_type`, `created_time`, `last_mod_time`) VALUES (4, '小米', 'http://mi.com', 0, 1, 'a', '2023-05-07 10:39:32.428997', '2023-05-07 10:39:32.429004');
INSERT INTO `blog_links` (`id`, `name`, `link`, `sequence`, `is_enable`, `show_type`, `created_time`, `last_mod_time`) VALUES (5, '苹果', 'http://apple.com', 1, 1, 'a', '2023-05-07 10:39:46.222669', '2023-05-07 10:39:46.222677');
INSERT INTO `blog_links` (`id`, `name`, `link`, `sequence`, `is_enable`, `show_type`, `created_time`, `last_mod_time`) VALUES (6, '哔哩哔哩', 'http://bilibili.com', 4, 1, 'a', '2023-05-07 10:40:19.140420', '2023-05-07 10:40:19.140429');
INSERT INTO `blog_links` (`id`, `name`, `link`, `sequence`, `is_enable`, `show_type`, `created_time`, `last_mod_time`) VALUES (7, '知乎', 'http://zhihu.com', 2, 1, 'a', '2023-05-07 10:40:49.666275', '2023-05-07 10:40:49.666284');
INSERT INTO `blog_links` (`id`, `name`, `link`, `sequence`, `is_enable`, `show_type`, `created_time`, `last_mod_time`) VALUES (8, '力扣', 'http://leetcode.cn', 3, 1, 'a', '2023-05-07 10:41:28.108929', '2023-05-07 10:41:28.108938');
COMMIT;

-- ----------------------------
-- Table structure for blog_sidebar
-- ----------------------------
DROP TABLE IF EXISTS `blog_sidebar`;
CREATE TABLE `blog_sidebar` (
  `id` bigint NOT NULL AUTO_INCREMENT,
  `name` varchar(100) NOT NULL,
  `content` longtext NOT NULL,
  `sequence` int NOT NULL,
  `is_enable` tinyint(1) NOT NULL,
  `created_time` datetime(6) NOT NULL,
  `last_mod_time` datetime(6) NOT NULL,
  PRIMARY KEY (`id`),
  UNIQUE KEY `sequence` (`sequence`)
) ENGINE=InnoDB AUTO_INCREMENT=2 DEFAULT CHARSET=utf8mb4 COLLATE=utf8mb4_0900_ai_ci;

-- ----------------------------
-- Records of blog_sidebar
-- ----------------------------
BEGIN;
INSERT INTO `blog_sidebar` (`id`, `name`, `content`, `sequence`, `is_enable`, `created_time`, `last_mod_time`) VALUES (1, '公告', '本网站基于Django框架开发，原创文章请其他社区不要抄袭', 0, 0, '2023-05-08 09:33:02.136369', '2023-05-08 09:33:02.136386');
COMMIT;

-- ----------------------------
-- Table structure for blog_tag
-- ----------------------------
DROP TABLE IF EXISTS `blog_tag`;
CREATE TABLE `blog_tag` (
  `id` int NOT NULL AUTO_INCREMENT,
  `created_time` datetime(6) NOT NULL,
  `last_mod_time` datetime(6) NOT NULL,
  `name` varchar(30) NOT NULL,
  `slug` varchar(60) NOT NULL,
  PRIMARY KEY (`id`),
  UNIQUE KEY `name` (`name`),
  KEY `blog_tag_slug_01068d0e` (`slug`)
) ENGINE=InnoDB AUTO_INCREMENT=33 DEFAULT CHARSET=utf8mb4 COLLATE=utf8mb4_0900_ai_ci;

-- ----------------------------
-- Records of blog_tag
-- ----------------------------
BEGIN;
INSERT INTO `blog_tag` (`id`, `created_time`, `last_mod_time`, `name`, `slug`) VALUES (22, '2023-05-04 11:11:05.020954', '2023-05-04 11:11:05.020961', '学习笔记', 'xue-xi-bi-ji');
INSERT INTO `blog_tag` (`id`, `created_time`, `last_mod_time`, `name`, `slug`) VALUES (23, '2023-05-04 14:12:14.093430', '2023-05-04 14:12:14.093437', 'Django', 'django');
INSERT INTO `blog_tag` (`id`, `created_time`, `last_mod_time`, `name`, `slug`) VALUES (24, '2023-05-04 21:06:08.808197', '2023-05-04 21:06:08.808204', '周杰伦', 'zhou-jie-lun');
INSERT INTO `blog_tag` (`id`, `created_time`, `last_mod_time`, `name`, `slug`) VALUES (25, '2023-05-04 21:06:16.396208', '2023-05-04 21:06:16.396215', '专辑', 'zhuan-ji');
INSERT INTO `blog_tag` (`id`, `created_time`, `last_mod_time`, `name`, `slug`) VALUES (26, '2023-05-05 09:49:17.588089', '2023-05-05 09:49:17.588095', '生活', 'sheng-huo');
INSERT INTO `blog_tag` (`id`, `created_time`, `last_mod_time`, `name`, `slug`) VALUES (27, '2023-05-05 15:40:21.440198', '2023-05-05 15:40:21.440206', '代码', 'dai-ma');
INSERT INTO `blog_tag` (`id`, `created_time`, `last_mod_time`, `name`, `slug`) VALUES (28, '2023-05-05 15:40:26.358071', '2023-05-05 15:40:26.358078', 'python', 'python');
INSERT INTO `blog_tag` (`id`, `created_time`, `last_mod_time`, `name`, `slug`) VALUES (29, '2023-05-05 15:43:02.557304', '2023-05-05 15:43:02.557311', '部署', 'bu-shu');
INSERT INTO `blog_tag` (`id`, `created_time`, `last_mod_time`, `name`, `slug`) VALUES (30, '2023-05-05 16:07:28.873858', '2023-05-05 16:07:28.873864', '摄影', 'she-ying');
INSERT INTO `blog_tag` (`id`, `created_time`, `last_mod_time`, `name`, `slug`) VALUES (31, '2023-05-05 16:07:45.774439', '2023-05-05 16:07:45.774446', '图片', 'tu-pian');
INSERT INTO `blog_tag` (`id`, `created_time`, `last_mod_time`, `name`, `slug`) VALUES (32, '2023-05-05 16:31:53.274045', '2023-05-05 16:31:53.274051', '富士', 'fu-shi');
COMMIT;

-- ----------------------------
-- Table structure for comments_comment
-- ----------------------------
DROP TABLE IF EXISTS `comments_comment`;
CREATE TABLE `comments_comment` (
  `id` bigint NOT NULL AUTO_INCREMENT,
  `body` longtext NOT NULL,
  `created_time` datetime(6) NOT NULL,
  `last_mod_time` datetime(6) NOT NULL,
  `is_enable` tinyint(1) NOT NULL,
  `article_id` int NOT NULL,
  `author_id` bigint NOT NULL,
  `parent_comment_id` bigint DEFAULT NULL,
  PRIMARY KEY (`id`),
  KEY `comments_comment_article_id_94fe60a2_fk_blog_article_id` (`article_id`),
  KEY `comments_comment_author_id_334ce9e2_fk_accounts_bloguser_id` (`author_id`),
  KEY `comments_comment_parent_comment_id_71289d4a_fk_comments_` (`parent_comment_id`),
  CONSTRAINT `comments_comment_article_id_94fe60a2_fk_blog_article_id` FOREIGN KEY (`article_id`) REFERENCES `blog_article` (`id`),
  CONSTRAINT `comments_comment_author_id_334ce9e2_fk_accounts_bloguser_id` FOREIGN KEY (`author_id`) REFERENCES `accounts_bloguser` (`id`),
  CONSTRAINT `comments_comment_parent_comment_id_71289d4a_fk_comments_` FOREIGN KEY (`parent_comment_id`) REFERENCES `comments_comment` (`id`)
) ENGINE=InnoDB AUTO_INCREMENT=28 DEFAULT CHARSET=utf8mb4 COLLATE=utf8mb4_0900_ai_ci;

-- ----------------------------
-- Records of comments_comment
-- ----------------------------
BEGIN;
INSERT INTO `comments_comment` (`id`, `body`, `created_time`, `last_mod_time`, `is_enable`, `article_id`, `author_id`, `parent_comment_id`) VALUES (1, '大佬写的不错！已关注，求0', '2023-03-05 14:52:11.104804', '2023-03-05 14:52:11.104812', 1, 27, 6, NULL);
INSERT INTO `comments_comment` (`id`, `body`, `created_time`, `last_mod_time`, `is_enable`, `article_id`, `author_id`, `parent_comment_id`) VALUES (2, '作者你好 请问我调用后没有输出任何文字就结束了，但是也没有报错，这个情况如何解决？', '2023-03-05 15:05:18.584571', '2023-03-05 15:05:18.584578', 1, 27, 7, NULL);
INSERT INTO `comments_comment` (`id`, `body`, `created_time`, `last_mod_time`, `is_enable`, `article_id`, `author_id`, `parent_comment_id`) VALUES (3, '我这貌似是tz问题，后来换了tz之后可以了', '2023-03-07 15:05:33.384064', '2023-03-07 15:05:33.384071', 1, 27, 7, 2);
INSERT INTO `comments_comment` (`id`, `body`, `created_time`, `last_mod_time`, `is_enable`, `article_id`, `author_id`, `parent_comment_id`) VALUES (4, '什么都没显示？我没遇到过', '2023-03-09 15:05:50.634163', '2023-03-09 15:05:50.634170', 1, 27, 3, 2);
INSERT INTO `comments_comment` (`id`, `body`, `created_time`, `last_mod_time`, `is_enable`, `article_id`, `author_id`, `parent_comment_id`) VALUES (5, '我也是这个情况', '2023-03-10 15:06:04.142091', '2023-03-10 15:06:04.142099', 1, 27, 8, 2);
INSERT INTO `comments_comment` (`id`, `body`, `created_time`, `last_mod_time`, `is_enable`, `article_id`, `author_id`, `parent_comment_id`) VALUES (6, '老板，调用的时候提示，连接失败什么情况', '2023-03-15 15:06:37.069415', '2023-03-15 15:06:37.069422', 1, 27, 9, NULL);
INSERT INTO `comments_comment` (`id`, `body`, `created_time`, `last_mod_time`, `is_enable`, `article_id`, `author_id`, `parent_comment_id`) VALUES (7, '欸 提示什么错误呢？', '2023-03-11 15:06:54.302609', '2023-03-11 15:06:54.302616', 1, 27, 3, 6);
INSERT INTO `comments_comment` (`id`, `body`, `created_time`, `last_mod_time`, `is_enable`, `article_id`, `author_id`, `parent_comment_id`) VALUES (8, '人生苦短，我用python！', '2023-03-12 15:07:07.619382', '2023-03-12 15:07:07.619389', 1, 27, 9, NULL);
INSERT INTO `comments_comment` (`id`, `body`, `created_time`, `last_mod_time`, `is_enable`, `article_id`, `author_id`, `parent_comment_id`) VALUES (9, '此生无悔学python!', '2023-03-16 15:07:26.294885', '2023-03-16 15:07:26.294891', 1, 27, 10, 8);
INSERT INTO `comments_comment` (`id`, `body`, `created_time`, `last_mod_time`, `is_enable`, `article_id`, `author_id`, `parent_comment_id`) VALUES (10, '果然是黑暗骑士，ta的视频是真的yyds！', '2023-03-15 15:10:08.088930', '2023-03-15 15:10:08.088938', 0, 36, 11, NULL);
INSERT INTO `comments_comment` (`id`, `body`, `created_time`, `last_mod_time`, `is_enable`, `article_id`, `author_id`, `parent_comment_id`) VALUES (11, '最近才看完，完全想不到**暗号**，**可爱女人**，**反方向的钟**那些好听的歌曲是一位21岁年轻人写的。像**以父之名** **止战之殇**这种神曲也是24岁那么年轻有那么深的感悟写出来的。这几首歌表达的寓意太深刻，就算再过100年也不会落伍，就和咱们学习李白杜甫的诗词一样。再到后来歌曲都负有了社会意义，红磨坊反对抄袭。走自己的路，**稻香**，鼓励从痛苦中走出来的人。万水千山歌颂祖国等等。不过说实在的我喜欢周董26岁以前的作品，真的是天马行空，宛转悠扬。', '2023-03-15 15:10:24.469004', '2023-03-15 15:10:24.469010', 1, 36, 7, NULL);
INSERT INTO `comments_comment` (`id`, `body`, `created_time`, `last_mod_time`, `is_enable`, `article_id`, `author_id`, `parent_comment_id`) VALUES (12, '今早刚又听了**反方向的钟**，真的是历久弥新，那编曲那旋律，真的是太有个人风格了。最近刘畊宏的**本草纲目**火了，有人说没有**双截棍**的杰伦是不完整的，以前只觉得双截棍聒噪难入耳，现在重新听竟然觉得是神曲！很多歌都是当时听起来无感甚至会有些“难听”，现在再听，完全不过时甚至觉得经典，才能听懂旋律和编曲的亮点。反而以前流行的那些，听起来有些平淡。', '2023-03-15 15:10:49.457481', '2023-03-15 15:10:49.457489', 1, 36, 8, 11);
INSERT INTO `comments_comment` (`id`, `body`, `created_time`, `last_mod_time`, `is_enable`, `article_id`, `author_id`, `parent_comment_id`) VALUES (13, '非粉， 看了了解之后，感觉怎么吹都不为过。只想说中国流行乐史，如果只能留一个人的名字，只能是周杰伦。', '2023-03-25 15:17:59.664716', '2023-03-25 15:17:59.664723', 1, 36, 9, NULL);
INSERT INTO `comments_comment` (`id`, `body`, `created_time`, `last_mod_time`, `is_enable`, `article_id`, `author_id`, `parent_comment_id`) VALUES (14, '19年新入坑杰迷表示我也在追他的视频！做得真的很用心了，而且越看越沉迷于杰伦无法自拔！', '2023-03-27 15:18:32.599640', '2023-03-27 15:18:32.599648', 1, 36, 6, NULL);
INSERT INTO `comments_comment` (`id`, `body`, `created_time`, `last_mod_time`, `is_enable`, `article_id`, `author_id`, `parent_comment_id`) VALUES (15, '我小声的说一句：当年粉丝网都是喊的**无与伦比，为杰沉迷**，哈哈，暴露了我的年龄', '2023-03-28 15:22:18.935413', '2023-03-28 15:22:18.935420', 1, 36, 10, NULL);
INSERT INTO `comments_comment` (`id`, `body`, `created_time`, `last_mod_time`, `is_enable`, `article_id`, `author_id`, `parent_comment_id`) VALUES (16, '额，难道不是**无与伦比，为杰沉沦**嘛，之前贴吧也都是这样的呀。虽然暴露年龄', '2023-04-05 15:22:51.860018', '2023-04-05 15:22:51.860023', 1, 36, 5, 15);
INSERT INTO `comments_comment` (`id`, `body`, `created_time`, `last_mod_time`, `is_enable`, `article_id`, `author_id`, `parent_comment_id`) VALUES (17, '对的，**周杰伦中文网**，以前早一点的演唱会，下面还会有灯牌，网站注册的不少，活跃的很少，哈哈，都是躺平的中年粉丝们，哈哈', '2023-04-06 15:23:24.404543', '2023-04-06 15:23:24.404549', 1, 36, 10, 18);
INSERT INTO `comments_comment` (`id`, `body`, `created_time`, `last_mod_time`, `is_enable`, `article_id`, `author_id`, `parent_comment_id`) VALUES (18, 'emmm[飙泪笑]到我这儿听到的都是**“无与伦比，为杰沉沦”**了[捂脸]也不知道中间哪儿传差了。是传说中的周杰伦中文网嘛！我之前b站刷07世巡，听到底下有歌迷在喊～', '2023-03-28 15:23:43.372333', '2023-03-28 15:23:43.372339', 1, 36, 4, 15);
INSERT INTO `comments_comment` (`id`, `body`, `created_time`, `last_mod_time`, `is_enable`, `article_id`, `author_id`, `parent_comment_id`) VALUES (19, '第一次听**《半岛铁盒》**感觉没什么味道，后来再听真的听不腻，从来没有那一首歌能让我的耳朵循环这么久', '2023-04-15 15:26:07.500617', '2023-04-15 15:26:07.500625', 1, 35, 11, NULL);
INSERT INTO `comments_comment` (`id`, `body`, `created_time`, `last_mod_time`, `is_enable`, `article_id`, `author_id`, `parent_comment_id`) VALUES (20, '没有方文山 有他周杰伦什么事 他写的词能看？', '2023-04-07 15:26:46.191075', '2023-04-07 15:26:46.191083', 1, 35, 6, NULL);
INSERT INTO `comments_comment` (`id`, `body`, `created_time`, `last_mod_time`, `is_enable`, `article_id`, `author_id`, `parent_comment_id`) VALUES (21, '#### 2003年24岁的周杰伦作词《晴天》入围过金曲奖最佳作词人。2008年《稻香》一样是他作词。\r\n#### 他自己作词不如方文山来得有诗意，但也不是一无是处。下面贴上他作词的歌曲，按时间顺序：\r\n- 1999 蜗牛\r\n- 2000《jay》黑色幽默 星晴\r\n- 2001《范特西》安静 屋顶\r\n- 2002《八度空间》半岛铁盒 分裂\r\n- 2003《叶惠美》晴天\r\n- 2004《七里香》外婆 借口\r\n- 2005《十一月的肖邦》四面楚歌 黑色毛衣\r\n- 2006《依然范特西》听妈妈的话\r\n- 2007《我很忙》彩虹\r\n- 2008《魔杰座》稻香 给我一首歌的时间', '2023-04-07 16:28:46.329698', '2023-04-07 16:28:46.329705', 1, 35, 4, 20);
INSERT INTO `comments_comment` (`id`, `body`, `created_time`, `last_mod_time`, `is_enable`, `article_id`, `author_id`, `parent_comment_id`) VALUES (22, '写得很好，小白一个，来学习啦～', '2023-05-07 10:43:58.758782', '2023-05-07 10:43:58.758789', 1, 22, 6, NULL);
INSERT INTO `comments_comment` (`id`, `body`, `created_time`, `last_mod_time`, `is_enable`, `article_id`, `author_id`, `parent_comment_id`) VALUES (23, '支持!', '2023-05-08 09:29:41.846247', '2023-05-08 09:29:41.846255', 1, 23, 13, NULL);
INSERT INTO `comments_comment` (`id`, `body`, `created_time`, `last_mod_time`, `is_enable`, `article_id`, `author_id`, `parent_comment_id`) VALUES (26, '支持！', '2023-05-25 16:24:40.909474', '2023-05-25 16:24:40.909484', 1, 22, 3, NULL);
INSERT INTO `comments_comment` (`id`, `body`, `created_time`, `last_mod_time`, `is_enable`, `article_id`, `author_id`, `parent_comment_id`) VALUES (27, '文章写的很好', '2023-06-15 11:34:57.712108', '2023-06-15 11:34:57.712118', 1, 32, 3, NULL);
COMMIT;

-- ----------------------------
-- Table structure for django_admin_log
-- ----------------------------
DROP TABLE IF EXISTS `django_admin_log`;
CREATE TABLE `django_admin_log` (
  `id` int NOT NULL AUTO_INCREMENT,
  `action_time` datetime(6) NOT NULL,
  `object_id` longtext,
  `object_repr` varchar(200) NOT NULL,
  `action_flag` smallint unsigned NOT NULL,
  `change_message` longtext NOT NULL,
  `content_type_id` int DEFAULT NULL,
  `user_id` bigint NOT NULL,
  PRIMARY KEY (`id`),
  KEY `django_admin_log_content_type_id_c4bce8eb_fk_django_co` (`content_type_id`),
  KEY `django_admin_log_user_id_c564eba6_fk_accounts_bloguser_id` (`user_id`),
  CONSTRAINT `django_admin_log_content_type_id_c4bce8eb_fk_django_co` FOREIGN KEY (`content_type_id`) REFERENCES `django_content_type` (`id`),
  CONSTRAINT `django_admin_log_user_id_c564eba6_fk_accounts_bloguser_id` FOREIGN KEY (`user_id`) REFERENCES `accounts_bloguser` (`id`),
  CONSTRAINT `django_admin_log_chk_1` CHECK ((`action_flag` >= 0))
) ENGINE=InnoDB AUTO_INCREMENT=423 DEFAULT CHARSET=utf8mb4 COLLATE=utf8mb4_0900_ai_ci;

-- ----------------------------
-- Records of django_admin_log
-- ----------------------------
BEGIN;
INSERT INTO `django_admin_log` (`id`, `action_time`, `object_id`, `object_repr`, `action_flag`, `change_message`, `content_type_id`, `user_id`) VALUES (1, '2023-05-03 22:25:46.806686', '1', 'Marsk', 1, '[{\"added\": {}}]', 19, 3);
INSERT INTO `django_admin_log` (`id`, `action_time`, `object_id`, `object_repr`, `action_flag`, `change_message`, `content_type_id`, `user_id`) VALUES (2, '2023-05-03 22:29:31.017820', '1', 'Marsk', 2, '[{\"changed\": {\"fields\": [\"\\u7eac\\u5ea6\", \"\\u7ecf\\u5ea6\"]}}]', 19, 3);
INSERT INTO `django_admin_log` (`id`, `action_time`, `object_id`, `object_repr`, `action_flag`, `change_message`, `content_type_id`, `user_id`) VALUES (3, '2023-05-03 22:30:42.076947', '1', 'Marsk', 2, '[]', 19, 3);
INSERT INTO `django_admin_log` (`id`, `action_time`, `object_id`, `object_repr`, `action_flag`, `change_message`, `content_type_id`, `user_id`) VALUES (4, '2023-05-03 22:31:35.688750', '2', 'Marsk', 1, '[{\"added\": {}}]', 19, 3);
INSERT INTO `django_admin_log` (`id`, `action_time`, `object_id`, `object_repr`, `action_flag`, `change_message`, `content_type_id`, `user_id`) VALUES (5, '2023-05-03 22:32:03.224316', '1', 'Marsk', 2, '[{\"changed\": {\"fields\": [\"\\u521b\\u5efa\\u65f6\\u95f4\"]}}]', 19, 3);
INSERT INTO `django_admin_log` (`id`, `action_time`, `object_id`, `object_repr`, `action_flag`, `change_message`, `content_type_id`, `user_id`) VALUES (6, '2023-05-04 11:09:08.824404', '3', '计算机', 1, '[{\"added\": {}}]', 11, 3);
INSERT INTO `django_admin_log` (`id`, `action_time`, `object_id`, `object_repr`, `action_flag`, `change_message`, `content_type_id`, `user_id`) VALUES (7, '2023-05-04 11:10:23.676760', '21', 'ChatGPT', 1, '[{\"added\": {}}]', 10, 3);
INSERT INTO `django_admin_log` (`id`, `action_time`, `object_id`, `object_repr`, `action_flag`, `change_message`, `content_type_id`, `user_id`) VALUES (8, '2023-05-04 11:11:05.194419', '22', '学习笔记', 1, '[{\"added\": {}}]', 10, 3);
INSERT INTO `django_admin_log` (`id`, `action_time`, `object_id`, `object_repr`, `action_flag`, `change_message`, `content_type_id`, `user_id`) VALUES (9, '2023-05-04 11:11:10.689786', '20', 'chatGPT 使用笔记（一）——文本代码显示不全的问题解决', 1, '[{\"added\": {}}]', 12, 3);
INSERT INTO `django_admin_log` (`id`, `action_time`, `object_id`, `object_repr`, `action_flag`, `change_message`, `content_type_id`, `user_id`) VALUES (10, '2023-05-04 11:11:29.529721', '20', 'chatGPT 使用笔记（一）——文本代码显示不全的问题解决', 2, '[{\"changed\": {\"fields\": [\"\\u5206\\u7c7b\"]}}]', 12, 3);
INSERT INTO `django_admin_log` (`id`, `action_time`, `object_id`, `object_repr`, `action_flag`, `change_message`, `content_type_id`, `user_id`) VALUES (11, '2023-05-04 11:12:23.200890', '20', 'chatGPT 使用笔记（一）——文本代码显示不全的问题解决', 2, '[{\"changed\": {\"fields\": [\"\\u6392\\u5e8f,\\u6570\\u5b57\\u8d8a\\u5927\\u8d8a\\u9760\\u524d\"]}}]', 12, 3);
INSERT INTO `django_admin_log` (`id`, `action_time`, `object_id`, `object_repr`, `action_flag`, `change_message`, `content_type_id`, `user_id`) VALUES (12, '2023-05-04 11:12:50.965457', '20', 'chatGPT 使用笔记（一）——文本代码显示不全的问题解决', 2, '[{\"changed\": {\"fields\": [\"\\u662f\\u5426\\u663e\\u793atoc\\u76ee\\u5f55\"]}}]', 12, 3);
INSERT INTO `django_admin_log` (`id`, `action_time`, `object_id`, `object_repr`, `action_flag`, `change_message`, `content_type_id`, `user_id`) VALUES (13, '2023-05-04 11:13:26.026093', '3', '计算机', 2, '[{\"changed\": {\"fields\": [\"\\u6743\\u91cd\\u6392\\u5e8f-\\u8d8a\\u5927\\u8d8a\\u9760\\u524d\"]}}]', 11, 3);
INSERT INTO `django_admin_log` (`id`, `action_time`, `object_id`, `object_repr`, `action_flag`, `change_message`, `content_type_id`, `user_id`) VALUES (14, '2023-05-04 11:14:19.642753', '4', '', 1, '[{\"added\": {}}]', 13, 3);
INSERT INTO `django_admin_log` (`id`, `action_time`, `object_id`, `object_repr`, `action_flag`, `change_message`, `content_type_id`, `user_id`) VALUES (15, '2023-05-04 11:16:37.732807', '4', 'jay@163.com', 2, '[{\"changed\": {\"fields\": [\"Email\", \"User permissions\"]}}]', 13, 3);
INSERT INTO `django_admin_log` (`id`, `action_time`, `object_id`, `object_repr`, `action_flag`, `change_message`, `content_type_id`, `user_id`) VALUES (16, '2023-05-04 11:24:17.013749', '21', 'chatGPT 使用笔记（二）——chatGPT API的使用', 1, '[{\"added\": {}}]', 12, 3);
INSERT INTO `django_admin_log` (`id`, `action_time`, `object_id`, `object_repr`, `action_flag`, `change_message`, `content_type_id`, `user_id`) VALUES (17, '2023-05-04 11:24:40.785721', '21', 'chatGPT 使用笔记（二）——chatGPT API的使用', 2, '[{\"changed\": {\"fields\": [\"\\u6b63\\u6587\"]}}]', 12, 3);
INSERT INTO `django_admin_log` (`id`, `action_time`, `object_id`, `object_repr`, `action_flag`, `change_message`, `content_type_id`, `user_id`) VALUES (18, '2023-05-04 11:25:19.069570', '21', 'chatGPT 使用笔记（二）——chatGPT API的使用', 2, '[{\"changed\": {\"fields\": [\"\\u6392\\u5e8f,\\u6570\\u5b57\\u8d8a\\u5927\\u8d8a\\u9760\\u524d\"]}}]', 12, 3);
INSERT INTO `django_admin_log` (`id`, `action_time`, `object_id`, `object_repr`, `action_flag`, `change_message`, `content_type_id`, `user_id`) VALUES (19, '2023-05-04 11:25:52.980640', '21', 'chatGPT 使用笔记（二）——chatGPT API的使用', 2, '[{\"changed\": {\"fields\": [\"\\u6b63\\u6587\", \"\\u662f\\u5426\\u663e\\u793atoc\\u76ee\\u5f55\"]}}]', 12, 3);
INSERT INTO `django_admin_log` (`id`, `action_time`, `object_id`, `object_repr`, `action_flag`, `change_message`, `content_type_id`, `user_id`) VALUES (20, '2023-05-04 11:26:36.453848', '21', 'chatGPT 使用笔记（二）——chatGPT API的使用', 2, '[{\"changed\": {\"fields\": [\"\\u6b63\\u6587\"]}}]', 12, 3);
INSERT INTO `django_admin_log` (`id`, `action_time`, `object_id`, `object_repr`, `action_flag`, `change_message`, `content_type_id`, `user_id`) VALUES (21, '2023-05-04 11:27:21.726772', '21', 'chatGPT 使用笔记（二）——chatGPT API的使用', 2, '[]', 12, 3);
INSERT INTO `django_admin_log` (`id`, `action_time`, `object_id`, `object_repr`, `action_flag`, `change_message`, `content_type_id`, `user_id`) VALUES (22, '2023-05-04 11:29:45.872587', '21', 'chatGPT 使用笔记（二）——chatGPT API的使用', 2, '[]', 12, 3);
INSERT INTO `django_admin_log` (`id`, `action_time`, `object_id`, `object_repr`, `action_flag`, `change_message`, `content_type_id`, `user_id`) VALUES (23, '2023-05-04 11:30:23.540188', '21', 'chatGPT 使用笔记（二）——chatGPT API的使用', 2, '[{\"changed\": {\"fields\": [\"\\u6b63\\u6587\"]}}]', 12, 3);
INSERT INTO `django_admin_log` (`id`, `action_time`, `object_id`, `object_repr`, `action_flag`, `change_message`, `content_type_id`, `user_id`) VALUES (24, '2023-05-04 11:33:00.491266', '21', 'chatGPT 使用笔记（二）——chatGPT API的使用', 2, '[{\"changed\": {\"fields\": [\"\\u6b63\\u6587\"]}}]', 12, 3);
INSERT INTO `django_admin_log` (`id`, `action_time`, `object_id`, `object_repr`, `action_flag`, `change_message`, `content_type_id`, `user_id`) VALUES (25, '2023-05-04 11:40:10.614817', '21', 'chatGPT 使用笔记（二）——chatGPT API的使用', 2, '[{\"changed\": {\"fields\": [\"\\u6b63\\u6587\"]}}]', 12, 3);
INSERT INTO `django_admin_log` (`id`, `action_time`, `object_id`, `object_repr`, `action_flag`, `change_message`, `content_type_id`, `user_id`) VALUES (26, '2023-05-04 11:41:09.961187', '21', 'chatGPT 使用笔记（二）——chatGPT API的使用', 2, '[{\"changed\": {\"fields\": [\"\\u53d1\\u5e03\\u65f6\\u95f4\", \"\\u6d4f\\u89c8\\u91cf\", \"\\u6807\\u7b7e\\u96c6\\u5408\"]}}]', 12, 3);
INSERT INTO `django_admin_log` (`id`, `action_time`, `object_id`, `object_repr`, `action_flag`, `change_message`, `content_type_id`, `user_id`) VALUES (27, '2023-05-04 14:12:14.429931', '23', 'Django', 1, '[{\"added\": {}}]', 10, 3);
INSERT INTO `django_admin_log` (`id`, `action_time`, `object_id`, `object_repr`, `action_flag`, `change_message`, `content_type_id`, `user_id`) VALUES (28, '2023-05-04 14:17:23.401866', '22', '初识Django（一）：Django简介', 1, '[{\"added\": {}}]', 12, 3);
INSERT INTO `django_admin_log` (`id`, `action_time`, `object_id`, `object_repr`, `action_flag`, `change_message`, `content_type_id`, `user_id`) VALUES (29, '2023-05-04 14:23:34.191759', '22', '初识Django（一）：Django简介', 2, '[{\"changed\": {\"fields\": [\"\\u6b63\\u6587\"]}}]', 12, 3);
INSERT INTO `django_admin_log` (`id`, `action_time`, `object_id`, `object_repr`, `action_flag`, `change_message`, `content_type_id`, `user_id`) VALUES (30, '2023-05-04 14:26:03.142666', '22', '初识Django（一）：Django简介', 2, '[{\"changed\": {\"fields\": [\"\\u6b63\\u6587\", \"\\u6d4f\\u89c8\\u91cf\"]}}]', 12, 3);
INSERT INTO `django_admin_log` (`id`, `action_time`, `object_id`, `object_repr`, `action_flag`, `change_message`, `content_type_id`, `user_id`) VALUES (31, '2023-05-04 14:26:20.281089', '22', '初识Django（一）：Django简介', 2, '[{\"changed\": {\"fields\": [\"\\u6b63\\u6587\"]}}]', 12, 3);
INSERT INTO `django_admin_log` (`id`, `action_time`, `object_id`, `object_repr`, `action_flag`, `change_message`, `content_type_id`, `user_id`) VALUES (32, '2023-05-04 14:26:33.572463', '22', '初识Django（一）：Django简介', 2, '[{\"changed\": {\"fields\": [\"\\u6b63\\u6587\"]}}]', 12, 3);
INSERT INTO `django_admin_log` (`id`, `action_time`, `object_id`, `object_repr`, `action_flag`, `change_message`, `content_type_id`, `user_id`) VALUES (33, '2023-05-04 14:28:10.088781', '22', '初识Django（一）：Django简介', 2, '[{\"changed\": {\"fields\": [\"\\u6b63\\u6587\", \"\\u6807\\u7b7e\\u96c6\\u5408\"]}}]', 12, 3);
INSERT INTO `django_admin_log` (`id`, `action_time`, `object_id`, `object_repr`, `action_flag`, `change_message`, `content_type_id`, `user_id`) VALUES (34, '2023-05-04 14:28:46.075733', '22', '初识Django（一）：Django简介', 2, '[{\"changed\": {\"fields\": [\"\\u6b63\\u6587\", \"\\u6d4f\\u89c8\\u91cf\"]}}]', 12, 3);
INSERT INTO `django_admin_log` (`id`, `action_time`, `object_id`, `object_repr`, `action_flag`, `change_message`, `content_type_id`, `user_id`) VALUES (35, '2023-05-04 14:29:05.086632', '22', '初识Django（一）：Django简介', 2, '[{\"changed\": {\"fields\": [\"\\u6b63\\u6587\"]}}]', 12, 3);
INSERT INTO `django_admin_log` (`id`, `action_time`, `object_id`, `object_repr`, `action_flag`, `change_message`, `content_type_id`, `user_id`) VALUES (36, '2023-05-04 14:29:16.139940', '22', '初识Django（一）：Django简介', 2, '[{\"changed\": {\"fields\": [\"\\u6b63\\u6587\"]}}]', 12, 3);
INSERT INTO `django_admin_log` (`id`, `action_time`, `object_id`, `object_repr`, `action_flag`, `change_message`, `content_type_id`, `user_id`) VALUES (37, '2023-05-04 14:29:31.453666', '22', '初识Django（一）：Django简介', 2, '[{\"changed\": {\"fields\": [\"\\u6b63\\u6587\"]}}]', 12, 3);
INSERT INTO `django_admin_log` (`id`, `action_time`, `object_id`, `object_repr`, `action_flag`, `change_message`, `content_type_id`, `user_id`) VALUES (38, '2023-05-04 14:31:04.593330', '22', '初识Django（一）：Django简介', 2, '[{\"changed\": {\"fields\": [\"\\u6b63\\u6587\"]}}]', 12, 3);
INSERT INTO `django_admin_log` (`id`, `action_time`, `object_id`, `object_repr`, `action_flag`, `change_message`, `content_type_id`, `user_id`) VALUES (39, '2023-05-04 14:31:17.054169', '22', '初识Django（一）：Django简介', 2, '[{\"changed\": {\"fields\": [\"\\u6b63\\u6587\"]}}]', 12, 3);
INSERT INTO `django_admin_log` (`id`, `action_time`, `object_id`, `object_repr`, `action_flag`, `change_message`, `content_type_id`, `user_id`) VALUES (40, '2023-05-04 14:31:33.998968', '22', '初识Django（一）：Django简介', 2, '[{\"changed\": {\"fields\": [\"\\u6b63\\u6587\"]}}]', 12, 3);
INSERT INTO `django_admin_log` (`id`, `action_time`, `object_id`, `object_repr`, `action_flag`, `change_message`, `content_type_id`, `user_id`) VALUES (41, '2023-05-04 14:33:39.004249', '22', '初识Django（一）：Django简介', 2, '[{\"changed\": {\"fields\": [\"\\u6b63\\u6587\"]}}]', 12, 3);
INSERT INTO `django_admin_log` (`id`, `action_time`, `object_id`, `object_repr`, `action_flag`, `change_message`, `content_type_id`, `user_id`) VALUES (42, '2023-05-04 14:34:20.531686', '22', '初识Django（一）：Django简介', 2, '[{\"changed\": {\"fields\": [\"\\u6b63\\u6587\"]}}]', 12, 3);
INSERT INTO `django_admin_log` (`id`, `action_time`, `object_id`, `object_repr`, `action_flag`, `change_message`, `content_type_id`, `user_id`) VALUES (43, '2023-05-04 14:34:33.197747', '22', '初识Django（一）：Django简介', 2, '[{\"changed\": {\"fields\": [\"\\u6b63\\u6587\"]}}]', 12, 3);
INSERT INTO `django_admin_log` (`id`, `action_time`, `object_id`, `object_repr`, `action_flag`, `change_message`, `content_type_id`, `user_id`) VALUES (44, '2023-05-04 14:35:45.817864', '4', 'ChatGpt', 1, '[{\"added\": {}}]', 11, 3);
INSERT INTO `django_admin_log` (`id`, `action_time`, `object_id`, `object_repr`, `action_flag`, `change_message`, `content_type_id`, `user_id`) VALUES (45, '2023-05-04 14:35:58.798342', '5', 'Django', 1, '[{\"added\": {}}]', 11, 3);
INSERT INTO `django_admin_log` (`id`, `action_time`, `object_id`, `object_repr`, `action_flag`, `change_message`, `content_type_id`, `user_id`) VALUES (46, '2023-05-04 14:36:12.695514', '20', 'chatGPT 使用笔记（一）——文本代码显示不全的问题解决', 2, '[{\"changed\": {\"fields\": [\"\\u5206\\u7c7b\"]}}]', 12, 3);
INSERT INTO `django_admin_log` (`id`, `action_time`, `object_id`, `object_repr`, `action_flag`, `change_message`, `content_type_id`, `user_id`) VALUES (47, '2023-05-04 14:36:19.368772', '21', 'chatGPT 使用笔记（二）——chatGPT API的使用', 2, '[{\"changed\": {\"fields\": [\"\\u5206\\u7c7b\"]}}]', 12, 3);
INSERT INTO `django_admin_log` (`id`, `action_time`, `object_id`, `object_repr`, `action_flag`, `change_message`, `content_type_id`, `user_id`) VALUES (48, '2023-05-04 14:36:39.813284', '22', '初识Django（一）：Django简介', 2, '[{\"changed\": {\"fields\": [\"\\u6392\\u5e8f,\\u6570\\u5b57\\u8d8a\\u5927\\u8d8a\\u9760\\u524d\", \"\\u5206\\u7c7b\", \"\\u6807\\u7b7e\\u96c6\\u5408\"]}}]', 12, 3);
INSERT INTO `django_admin_log` (`id`, `action_time`, `object_id`, `object_repr`, `action_flag`, `change_message`, `content_type_id`, `user_id`) VALUES (49, '2023-05-04 14:39:53.102214', '1', '布洛戈', 2, '[{\"changed\": {\"fields\": [\"\\u7f51\\u7ad9\\u540d\\u79f0\", \"\\u7f51\\u7ad9\\u7edf\\u8ba1\\u4ee3\\u7801\"]}}]', 7, 3);
INSERT INTO `django_admin_log` (`id`, `action_time`, `object_id`, `object_repr`, `action_flag`, `change_message`, `content_type_id`, `user_id`) VALUES (50, '2023-05-04 14:42:30.040613', '23', '初识Django（二）：Apache+mod_wsgi部署Django', 1, '[{\"added\": {}}]', 12, 3);
INSERT INTO `django_admin_log` (`id`, `action_time`, `object_id`, `object_repr`, `action_flag`, `change_message`, `content_type_id`, `user_id`) VALUES (51, '2023-05-04 14:44:31.792365', '23', '初识Django（二）：Apache+mod_wsgi部署Django', 2, '[{\"changed\": {\"fields\": [\"\\u6b63\\u6587\"]}}]', 12, 3);
INSERT INTO `django_admin_log` (`id`, `action_time`, `object_id`, `object_repr`, `action_flag`, `change_message`, `content_type_id`, `user_id`) VALUES (52, '2023-05-04 14:49:19.929276', '23', '初识Django（二）：Apache+mod_wsgi部署Django', 2, '[{\"changed\": {\"fields\": [\"\\u6b63\\u6587\", \"\\u53d1\\u5e03\\u65f6\\u95f4\"]}}]', 12, 3);
INSERT INTO `django_admin_log` (`id`, `action_time`, `object_id`, `object_repr`, `action_flag`, `change_message`, `content_type_id`, `user_id`) VALUES (53, '2023-05-04 14:50:24.832324', '23', '初识Django（二）：Apache+mod_wsgi部署Django', 2, '[]', 12, 3);
INSERT INTO `django_admin_log` (`id`, `action_time`, `object_id`, `object_repr`, `action_flag`, `change_message`, `content_type_id`, `user_id`) VALUES (54, '2023-05-04 14:51:17.365221', '23', '初识Django（二）：Apache+mod_wsgi部署Django', 2, '[{\"changed\": {\"fields\": [\"\\u6b63\\u6587\"]}}]', 12, 3);
INSERT INTO `django_admin_log` (`id`, `action_time`, `object_id`, `object_repr`, `action_flag`, `change_message`, `content_type_id`, `user_id`) VALUES (55, '2023-05-04 14:51:32.970740', '23', '初识Django（二）：Apache+mod_wsgi部署Django', 2, '[{\"changed\": {\"fields\": [\"\\u6b63\\u6587\"]}}]', 12, 3);
INSERT INTO `django_admin_log` (`id`, `action_time`, `object_id`, `object_repr`, `action_flag`, `change_message`, `content_type_id`, `user_id`) VALUES (56, '2023-05-04 14:52:58.018505', '24', '初识Django（三）：Settings.py', 1, '[{\"added\": {}}]', 12, 3);
INSERT INTO `django_admin_log` (`id`, `action_time`, `object_id`, `object_repr`, `action_flag`, `change_message`, `content_type_id`, `user_id`) VALUES (57, '2023-05-04 14:53:20.408798', '24', '初识Django（三）：Settings.py', 2, '[{\"changed\": {\"fields\": [\"\\u6b63\\u6587\"]}}]', 12, 3);
INSERT INTO `django_admin_log` (`id`, `action_time`, `object_id`, `object_repr`, `action_flag`, `change_message`, `content_type_id`, `user_id`) VALUES (58, '2023-05-04 15:05:09.259879', '24', '初识Django（三）：Settings.py', 2, '[{\"changed\": {\"fields\": [\"\\u6392\\u5e8f,\\u6570\\u5b57\\u8d8a\\u5927\\u8d8a\\u9760\\u524d\"]}}]', 12, 3);
INSERT INTO `django_admin_log` (`id`, `action_time`, `object_id`, `object_repr`, `action_flag`, `change_message`, `content_type_id`, `user_id`) VALUES (59, '2023-05-04 15:06:03.608287', '25', '初识Django（四）：工程文件功能说明', 1, '[{\"added\": {}}]', 12, 3);
INSERT INTO `django_admin_log` (`id`, `action_time`, `object_id`, `object_repr`, `action_flag`, `change_message`, `content_type_id`, `user_id`) VALUES (60, '2023-05-04 15:07:30.503617', '25', '初识Django（四）：工程文件功能说明', 2, '[{\"changed\": {\"fields\": [\"\\u6b63\\u6587\"]}}]', 12, 3);
INSERT INTO `django_admin_log` (`id`, `action_time`, `object_id`, `object_repr`, `action_flag`, `change_message`, `content_type_id`, `user_id`) VALUES (61, '2023-05-04 15:08:46.167122', '25', '初识Django（四）：工程文件功能说明', 2, '[{\"changed\": {\"fields\": [\"\\u6b63\\u6587\"]}}]', 12, 3);
INSERT INTO `django_admin_log` (`id`, `action_time`, `object_id`, `object_repr`, `action_flag`, `change_message`, `content_type_id`, `user_id`) VALUES (62, '2023-05-04 15:10:09.716058', '25', '初识Django（四）：工程文件功能说明', 2, '[{\"changed\": {\"fields\": [\"\\u6b63\\u6587\"]}}]', 12, 3);
INSERT INTO `django_admin_log` (`id`, `action_time`, `object_id`, `object_repr`, `action_flag`, `change_message`, `content_type_id`, `user_id`) VALUES (63, '2023-05-04 15:11:07.320589', '25', '初识Django（四）：工程文件功能说明', 2, '[{\"changed\": {\"fields\": [\"\\u6392\\u5e8f,\\u6570\\u5b57\\u8d8a\\u5927\\u8d8a\\u9760\\u524d\"]}}]', 12, 3);
INSERT INTO `django_admin_log` (`id`, `action_time`, `object_id`, `object_repr`, `action_flag`, `change_message`, `content_type_id`, `user_id`) VALUES (64, '2023-05-04 15:13:51.681804', '26', '初识Django（五）：视图与UrlPattern', 1, '[{\"added\": {}}]', 12, 3);
INSERT INTO `django_admin_log` (`id`, `action_time`, `object_id`, `object_repr`, `action_flag`, `change_message`, `content_type_id`, `user_id`) VALUES (65, '2023-05-04 15:23:08.097782', '26', '初识Django（五）：视图与UrlPattern', 2, '[{\"changed\": {\"fields\": [\"\\u6b63\\u6587\"]}}]', 12, 3);
INSERT INTO `django_admin_log` (`id`, `action_time`, `object_id`, `object_repr`, `action_flag`, `change_message`, `content_type_id`, `user_id`) VALUES (66, '2023-05-04 15:25:41.210536', '26', '初识Django（五）：视图与UrlPattern', 2, '[{\"changed\": {\"fields\": [\"\\u6b63\\u6587\"]}}]', 12, 3);
INSERT INTO `django_admin_log` (`id`, `action_time`, `object_id`, `object_repr`, `action_flag`, `change_message`, `content_type_id`, `user_id`) VALUES (67, '2023-05-04 15:28:32.354417', '27', '初识Django（六）：模版语言', 1, '[{\"added\": {}}]', 12, 3);
INSERT INTO `django_admin_log` (`id`, `action_time`, `object_id`, `object_repr`, `action_flag`, `change_message`, `content_type_id`, `user_id`) VALUES (68, '2023-05-04 15:36:51.496297', '27', '初识Django（六）：模版语言', 2, '[{\"changed\": {\"fields\": [\"\\u6b63\\u6587\"]}}]', 12, 3);
INSERT INTO `django_admin_log` (`id`, `action_time`, `object_id`, `object_repr`, `action_flag`, `change_message`, `content_type_id`, `user_id`) VALUES (69, '2023-05-04 15:37:33.968117', '26', '初识Django（五）：视图与UrlPattern', 2, '[{\"changed\": {\"fields\": [\"\\u6b63\\u6587\"]}}]', 12, 3);
INSERT INTO `django_admin_log` (`id`, `action_time`, `object_id`, `object_repr`, `action_flag`, `change_message`, `content_type_id`, `user_id`) VALUES (70, '2023-05-04 15:37:44.399155', '27', '初识Django（六）：模版语言', 2, '[{\"changed\": {\"fields\": [\"\\u6b63\\u6587\"]}}]', 12, 3);
INSERT INTO `django_admin_log` (`id`, `action_time`, `object_id`, `object_repr`, `action_flag`, `change_message`, `content_type_id`, `user_id`) VALUES (71, '2023-05-04 15:38:28.577475', '28', '初识Django（七）：Model（模型）总述', 1, '[{\"added\": {}}]', 12, 3);
INSERT INTO `django_admin_log` (`id`, `action_time`, `object_id`, `object_repr`, `action_flag`, `change_message`, `content_type_id`, `user_id`) VALUES (72, '2023-05-04 15:45:35.551258', '28', '初识Django（七）：Model（模型）总述', 2, '[{\"changed\": {\"fields\": [\"\\u6b63\\u6587\"]}}]', 12, 3);
INSERT INTO `django_admin_log` (`id`, `action_time`, `object_id`, `object_repr`, `action_flag`, `change_message`, `content_type_id`, `user_id`) VALUES (73, '2023-05-04 15:47:29.308475', '28', '初识Django（七）：Model（模型）总述', 2, '[{\"changed\": {\"fields\": [\"\\u6b63\\u6587\"]}}]', 12, 3);
INSERT INTO `django_admin_log` (`id`, `action_time`, `object_id`, `object_repr`, `action_flag`, `change_message`, `content_type_id`, `user_id`) VALUES (74, '2023-05-04 15:48:44.260878', '6', '初始', 1, '[{\"added\": {}}]', 11, 3);
INSERT INTO `django_admin_log` (`id`, `action_time`, `object_id`, `object_repr`, `action_flag`, `change_message`, `content_type_id`, `user_id`) VALUES (75, '2023-05-04 15:48:52.327525', '7', '进阶', 1, '[{\"added\": {}}]', 11, 3);
INSERT INTO `django_admin_log` (`id`, `action_time`, `object_id`, `object_repr`, `action_flag`, `change_message`, `content_type_id`, `user_id`) VALUES (76, '2023-05-04 15:49:02.259145', '6', '初识', 2, '[{\"changed\": {\"fields\": [\"\\u5206\\u7c7b\\u540d\"]}}]', 11, 3);
INSERT INTO `django_admin_log` (`id`, `action_time`, `object_id`, `object_repr`, `action_flag`, `change_message`, `content_type_id`, `user_id`) VALUES (77, '2023-05-04 15:49:37.051010', '22', '初识Django（一）：Django简介', 2, '[{\"changed\": {\"fields\": [\"\\u5206\\u7c7b\"]}}]', 12, 3);
INSERT INTO `django_admin_log` (`id`, `action_time`, `object_id`, `object_repr`, `action_flag`, `change_message`, `content_type_id`, `user_id`) VALUES (78, '2023-05-04 15:49:42.867515', '23', '初识Django（二）：Apache+mod_wsgi部署Django', 2, '[{\"changed\": {\"fields\": [\"\\u5206\\u7c7b\"]}}]', 12, 3);
INSERT INTO `django_admin_log` (`id`, `action_time`, `object_id`, `object_repr`, `action_flag`, `change_message`, `content_type_id`, `user_id`) VALUES (79, '2023-05-04 15:49:51.109856', '24', '初识Django（三）：Settings.py', 2, '[{\"changed\": {\"fields\": [\"\\u5206\\u7c7b\"]}}]', 12, 3);
INSERT INTO `django_admin_log` (`id`, `action_time`, `object_id`, `object_repr`, `action_flag`, `change_message`, `content_type_id`, `user_id`) VALUES (80, '2023-05-04 15:49:57.864750', '25', '初识Django（四）：工程文件功能说明', 2, '[{\"changed\": {\"fields\": [\"\\u5206\\u7c7b\"]}}]', 12, 3);
INSERT INTO `django_admin_log` (`id`, `action_time`, `object_id`, `object_repr`, `action_flag`, `change_message`, `content_type_id`, `user_id`) VALUES (81, '2023-05-04 15:50:04.556898', '26', '初识Django（五）：视图与UrlPattern', 2, '[{\"changed\": {\"fields\": [\"\\u5206\\u7c7b\"]}}]', 12, 3);
INSERT INTO `django_admin_log` (`id`, `action_time`, `object_id`, `object_repr`, `action_flag`, `change_message`, `content_type_id`, `user_id`) VALUES (82, '2023-05-04 15:50:12.365279', '27', '初识Django（六）：模版语言', 2, '[{\"changed\": {\"fields\": [\"\\u5206\\u7c7b\"]}}]', 12, 3);
INSERT INTO `django_admin_log` (`id`, `action_time`, `object_id`, `object_repr`, `action_flag`, `change_message`, `content_type_id`, `user_id`) VALUES (83, '2023-05-04 15:50:19.918557', '28', '初识Django（七）：Model（模型）总述', 2, '[{\"changed\": {\"fields\": [\"\\u5206\\u7c7b\"]}}]', 12, 3);
INSERT INTO `django_admin_log` (`id`, `action_time`, `object_id`, `object_repr`, `action_flag`, `change_message`, `content_type_id`, `user_id`) VALUES (84, '2023-05-04 15:50:25.499649', '23', '初识Django（二）：Apache+mod_wsgi部署Django', 2, '[]', 12, 3);
INSERT INTO `django_admin_log` (`id`, `action_time`, `object_id`, `object_repr`, `action_flag`, `change_message`, `content_type_id`, `user_id`) VALUES (85, '2023-05-04 15:50:59.522522', '21', 'chatGPT 使用笔记（二）——chatGPT API的使用', 2, '[{\"changed\": {\"fields\": [\"\\u6392\\u5e8f,\\u6570\\u5b57\\u8d8a\\u5927\\u8d8a\\u9760\\u524d\"]}}]', 12, 3);
INSERT INTO `django_admin_log` (`id`, `action_time`, `object_id`, `object_repr`, `action_flag`, `change_message`, `content_type_id`, `user_id`) VALUES (86, '2023-05-04 15:51:07.193037', '20', 'chatGPT 使用笔记（一）——文本代码显示不全的问题解决', 2, '[{\"changed\": {\"fields\": [\"\\u6392\\u5e8f,\\u6570\\u5b57\\u8d8a\\u5927\\u8d8a\\u9760\\u524d\"]}}]', 12, 3);
INSERT INTO `django_admin_log` (`id`, `action_time`, `object_id`, `object_repr`, `action_flag`, `change_message`, `content_type_id`, `user_id`) VALUES (87, '2023-05-04 15:52:13.550177', '29', '进阶Django（一）：Django与Ajax', 1, '[{\"added\": {}}]', 12, 3);
INSERT INTO `django_admin_log` (`id`, `action_time`, `object_id`, `object_repr`, `action_flag`, `change_message`, `content_type_id`, `user_id`) VALUES (88, '2023-05-04 15:56:43.883819', '29', '进阶Django（一）：Django与Ajax', 2, '[{\"changed\": {\"fields\": [\"\\u6b63\\u6587\"]}}]', 12, 3);
INSERT INTO `django_admin_log` (`id`, `action_time`, `object_id`, `object_repr`, `action_flag`, `change_message`, `content_type_id`, `user_id`) VALUES (89, '2023-05-04 15:57:28.326467', '2', '子类目', 3, '', 11, 3);
INSERT INTO `django_admin_log` (`id`, `action_time`, `object_id`, `object_repr`, `action_flag`, `change_message`, `content_type_id`, `user_id`) VALUES (90, '2023-05-04 15:57:28.328736', '1', '我是父类目', 3, '', 11, 3);
INSERT INTO `django_admin_log` (`id`, `action_time`, `object_id`, `object_repr`, `action_flag`, `change_message`, `content_type_id`, `user_id`) VALUES (91, '2023-05-04 15:57:49.806412', '1', '标签', 3, '', 10, 3);
INSERT INTO `django_admin_log` (`id`, `action_time`, `object_id`, `object_repr`, `action_flag`, `change_message`, `content_type_id`, `user_id`) VALUES (92, '2023-05-04 15:57:49.808303', '2', '标签1', 3, '', 10, 3);
INSERT INTO `django_admin_log` (`id`, `action_time`, `object_id`, `object_repr`, `action_flag`, `change_message`, `content_type_id`, `user_id`) VALUES (93, '2023-05-04 15:57:49.809171', '11', '标签10', 3, '', 10, 3);
INSERT INTO `django_admin_log` (`id`, `action_time`, `object_id`, `object_repr`, `action_flag`, `change_message`, `content_type_id`, `user_id`) VALUES (94, '2023-05-04 15:57:49.810146', '12', '标签11', 3, '', 10, 3);
INSERT INTO `django_admin_log` (`id`, `action_time`, `object_id`, `object_repr`, `action_flag`, `change_message`, `content_type_id`, `user_id`) VALUES (95, '2023-05-04 15:57:49.810999', '13', '标签12', 3, '', 10, 3);
INSERT INTO `django_admin_log` (`id`, `action_time`, `object_id`, `object_repr`, `action_flag`, `change_message`, `content_type_id`, `user_id`) VALUES (96, '2023-05-04 15:57:49.811869', '14', '标签13', 3, '', 10, 3);
INSERT INTO `django_admin_log` (`id`, `action_time`, `object_id`, `object_repr`, `action_flag`, `change_message`, `content_type_id`, `user_id`) VALUES (97, '2023-05-04 15:57:49.812605', '15', '标签14', 3, '', 10, 3);
INSERT INTO `django_admin_log` (`id`, `action_time`, `object_id`, `object_repr`, `action_flag`, `change_message`, `content_type_id`, `user_id`) VALUES (98, '2023-05-04 15:57:49.813378', '16', '标签15', 3, '', 10, 3);
INSERT INTO `django_admin_log` (`id`, `action_time`, `object_id`, `object_repr`, `action_flag`, `change_message`, `content_type_id`, `user_id`) VALUES (99, '2023-05-04 15:57:49.814152', '17', '标签16', 3, '', 10, 3);
INSERT INTO `django_admin_log` (`id`, `action_time`, `object_id`, `object_repr`, `action_flag`, `change_message`, `content_type_id`, `user_id`) VALUES (100, '2023-05-04 15:57:49.815608', '18', '标签17', 3, '', 10, 3);
INSERT INTO `django_admin_log` (`id`, `action_time`, `object_id`, `object_repr`, `action_flag`, `change_message`, `content_type_id`, `user_id`) VALUES (101, '2023-05-04 15:57:49.816364', '19', '标签18', 3, '', 10, 3);
INSERT INTO `django_admin_log` (`id`, `action_time`, `object_id`, `object_repr`, `action_flag`, `change_message`, `content_type_id`, `user_id`) VALUES (102, '2023-05-04 15:57:49.817014', '20', '标签19', 3, '', 10, 3);
INSERT INTO `django_admin_log` (`id`, `action_time`, `object_id`, `object_repr`, `action_flag`, `change_message`, `content_type_id`, `user_id`) VALUES (103, '2023-05-04 15:57:49.817635', '3', '标签2', 3, '', 10, 3);
INSERT INTO `django_admin_log` (`id`, `action_time`, `object_id`, `object_repr`, `action_flag`, `change_message`, `content_type_id`, `user_id`) VALUES (104, '2023-05-04 15:57:49.818403', '4', '标签3', 3, '', 10, 3);
INSERT INTO `django_admin_log` (`id`, `action_time`, `object_id`, `object_repr`, `action_flag`, `change_message`, `content_type_id`, `user_id`) VALUES (105, '2023-05-04 15:57:49.819204', '5', '标签4', 3, '', 10, 3);
INSERT INTO `django_admin_log` (`id`, `action_time`, `object_id`, `object_repr`, `action_flag`, `change_message`, `content_type_id`, `user_id`) VALUES (106, '2023-05-04 15:57:49.819832', '6', '标签5', 3, '', 10, 3);
INSERT INTO `django_admin_log` (`id`, `action_time`, `object_id`, `object_repr`, `action_flag`, `change_message`, `content_type_id`, `user_id`) VALUES (107, '2023-05-04 15:57:49.820470', '7', '标签6', 3, '', 10, 3);
INSERT INTO `django_admin_log` (`id`, `action_time`, `object_id`, `object_repr`, `action_flag`, `change_message`, `content_type_id`, `user_id`) VALUES (108, '2023-05-04 15:57:49.821077', '8', '标签7', 3, '', 10, 3);
INSERT INTO `django_admin_log` (`id`, `action_time`, `object_id`, `object_repr`, `action_flag`, `change_message`, `content_type_id`, `user_id`) VALUES (109, '2023-05-04 15:57:49.821666', '9', '标签8', 3, '', 10, 3);
INSERT INTO `django_admin_log` (`id`, `action_time`, `object_id`, `object_repr`, `action_flag`, `change_message`, `content_type_id`, `user_id`) VALUES (110, '2023-05-04 15:57:49.822359', '10', '标签9', 3, '', 10, 3);
INSERT INTO `django_admin_log` (`id`, `action_time`, `object_id`, `object_repr`, `action_flag`, `change_message`, `content_type_id`, `user_id`) VALUES (111, '2023-05-04 15:59:18.719708', '8', '音乐', 1, '[{\"added\": {}}]', 11, 3);
INSERT INTO `django_admin_log` (`id`, `action_time`, `object_id`, `object_repr`, `action_flag`, `change_message`, `content_type_id`, `user_id`) VALUES (112, '2023-05-04 15:59:22.655585', '3', '计算机', 2, '[]', 11, 3);
INSERT INTO `django_admin_log` (`id`, `action_time`, `object_id`, `object_repr`, `action_flag`, `change_message`, `content_type_id`, `user_id`) VALUES (113, '2023-05-04 16:17:34.079516', '30', '进阶Django（二）：模型Migrate', 1, '[{\"added\": {}}]', 12, 3);
INSERT INTO `django_admin_log` (`id`, `action_time`, `object_id`, `object_repr`, `action_flag`, `change_message`, `content_type_id`, `user_id`) VALUES (114, '2023-05-04 16:18:05.801335', '30', '进阶Django（二）：模型Migrate', 2, '[{\"changed\": {\"fields\": [\"\\u6b63\\u6587\"]}}]', 12, 3);
INSERT INTO `django_admin_log` (`id`, `action_time`, `object_id`, `object_repr`, `action_flag`, `change_message`, `content_type_id`, `user_id`) VALUES (115, '2023-05-04 16:19:26.475216', '30', '进阶Django（二）：模型Migrate', 2, '[{\"changed\": {\"fields\": [\"\\u6b63\\u6587\"]}}]', 12, 3);
INSERT INTO `django_admin_log` (`id`, `action_time`, `object_id`, `object_repr`, `action_flag`, `change_message`, `content_type_id`, `user_id`) VALUES (116, '2023-05-04 16:20:31.850052', '31', '进阶Django（三）：模型外键、多对多关系、自关联外键及Meta类', 1, '[{\"added\": {}}]', 12, 3);
INSERT INTO `django_admin_log` (`id`, `action_time`, `object_id`, `object_repr`, `action_flag`, `change_message`, `content_type_id`, `user_id`) VALUES (117, '2023-05-04 16:27:43.654115', '31', '进阶Django（三）：模型外键、多对多关系、自关联外键及Meta类', 2, '[{\"changed\": {\"fields\": [\"\\u6b63\\u6587\"]}}]', 12, 3);
INSERT INTO `django_admin_log` (`id`, `action_time`, `object_id`, `object_repr`, `action_flag`, `change_message`, `content_type_id`, `user_id`) VALUES (118, '2023-05-04 16:28:20.792075', '31', '进阶Django（三）：模型外键、多对多关系、自关联外键及Meta类', 2, '[{\"changed\": {\"fields\": [\"\\u6b63\\u6587\", \"\\u6d4f\\u89c8\\u91cf\"]}}]', 12, 3);
INSERT INTO `django_admin_log` (`id`, `action_time`, `object_id`, `object_repr`, `action_flag`, `change_message`, `content_type_id`, `user_id`) VALUES (119, '2023-05-04 16:29:14.265573', '31', '进阶Django（三）：模型外键、多对多关系、自关联外键及Meta类', 2, '[{\"changed\": {\"fields\": [\"\\u6b63\\u6587\", \"\\u6d4f\\u89c8\\u91cf\"]}}]', 12, 3);
INSERT INTO `django_admin_log` (`id`, `action_time`, `object_id`, `object_repr`, `action_flag`, `change_message`, `content_type_id`, `user_id`) VALUES (120, '2023-05-04 16:29:38.256425', '31', '进阶Django（三）：模型外键、多对多关系、自关联外键及Meta类', 2, '[{\"changed\": {\"fields\": [\"\\u6d4f\\u89c8\\u91cf\"]}}]', 12, 3);
INSERT INTO `django_admin_log` (`id`, `action_time`, `object_id`, `object_repr`, `action_flag`, `change_message`, `content_type_id`, `user_id`) VALUES (121, '2023-05-04 17:04:43.543908', '28', '初识Django（七）：Model（模型）总述', 2, '[{\"changed\": {\"fields\": [\"\\u6392\\u5e8f,\\u6570\\u5b57\\u8d8a\\u5927\\u8d8a\\u9760\\u524d\"]}}]', 12, 3);
INSERT INTO `django_admin_log` (`id`, `action_time`, `object_id`, `object_repr`, `action_flag`, `change_message`, `content_type_id`, `user_id`) VALUES (122, '2023-05-04 17:05:05.593089', '27', '初识Django（六）：模版语言', 2, '[{\"changed\": {\"fields\": [\"\\u6392\\u5e8f,\\u6570\\u5b57\\u8d8a\\u5927\\u8d8a\\u9760\\u524d\"]}}]', 12, 3);
INSERT INTO `django_admin_log` (`id`, `action_time`, `object_id`, `object_repr`, `action_flag`, `change_message`, `content_type_id`, `user_id`) VALUES (123, '2023-05-04 17:25:12.842463', '26', '初识Django（五）：视图与UrlPattern', 2, '[{\"changed\": {\"fields\": [\"\\u6392\\u5e8f,\\u6570\\u5b57\\u8d8a\\u5927\\u8d8a\\u9760\\u524d\"]}}]', 12, 3);
INSERT INTO `django_admin_log` (`id`, `action_time`, `object_id`, `object_repr`, `action_flag`, `change_message`, `content_type_id`, `user_id`) VALUES (124, '2023-05-04 17:25:21.443473', '25', '初识Django（四）：工程文件功能说明', 2, '[{\"changed\": {\"fields\": [\"\\u6392\\u5e8f,\\u6570\\u5b57\\u8d8a\\u5927\\u8d8a\\u9760\\u524d\"]}}]', 12, 3);
INSERT INTO `django_admin_log` (`id`, `action_time`, `object_id`, `object_repr`, `action_flag`, `change_message`, `content_type_id`, `user_id`) VALUES (125, '2023-05-04 17:25:32.006416', '24', '初识Django（三）：Settings.py', 2, '[{\"changed\": {\"fields\": [\"\\u6392\\u5e8f,\\u6570\\u5b57\\u8d8a\\u5927\\u8d8a\\u9760\\u524d\"]}}]', 12, 3);
INSERT INTO `django_admin_log` (`id`, `action_time`, `object_id`, `object_repr`, `action_flag`, `change_message`, `content_type_id`, `user_id`) VALUES (126, '2023-05-04 17:25:39.256883', '23', '初识Django（二）：Apache+mod_wsgi部署Django', 2, '[{\"changed\": {\"fields\": [\"\\u6392\\u5e8f,\\u6570\\u5b57\\u8d8a\\u5927\\u8d8a\\u9760\\u524d\"]}}]', 12, 3);
INSERT INTO `django_admin_log` (`id`, `action_time`, `object_id`, `object_repr`, `action_flag`, `change_message`, `content_type_id`, `user_id`) VALUES (127, '2023-05-04 17:25:47.942679', '22', '初识Django（一）：Django简介', 2, '[{\"changed\": {\"fields\": [\"\\u6392\\u5e8f,\\u6570\\u5b57\\u8d8a\\u5927\\u8d8a\\u9760\\u524d\"]}}]', 12, 3);
INSERT INTO `django_admin_log` (`id`, `action_time`, `object_id`, `object_repr`, `action_flag`, `change_message`, `content_type_id`, `user_id`) VALUES (128, '2023-05-04 17:26:00.116172', '20', 'chatGPT 使用笔记（一）——文本代码显示不全的问题解决', 2, '[{\"changed\": {\"fields\": [\"\\u6392\\u5e8f,\\u6570\\u5b57\\u8d8a\\u5927\\u8d8a\\u9760\\u524d\"]}}]', 12, 3);
INSERT INTO `django_admin_log` (`id`, `action_time`, `object_id`, `object_repr`, `action_flag`, `change_message`, `content_type_id`, `user_id`) VALUES (129, '2023-05-04 17:26:05.106264', '29', '进阶Django（一）：Django与Ajax', 2, '[{\"changed\": {\"fields\": [\"\\u6392\\u5e8f,\\u6570\\u5b57\\u8d8a\\u5927\\u8d8a\\u9760\\u524d\"]}}]', 12, 3);
INSERT INTO `django_admin_log` (`id`, `action_time`, `object_id`, `object_repr`, `action_flag`, `change_message`, `content_type_id`, `user_id`) VALUES (130, '2023-05-04 17:26:11.776920', '21', 'chatGPT 使用笔记（二）——chatGPT API的使用', 2, '[{\"changed\": {\"fields\": [\"\\u6392\\u5e8f,\\u6570\\u5b57\\u8d8a\\u5927\\u8d8a\\u9760\\u524d\"]}}]', 12, 3);
INSERT INTO `django_admin_log` (`id`, `action_time`, `object_id`, `object_repr`, `action_flag`, `change_message`, `content_type_id`, `user_id`) VALUES (131, '2023-05-04 17:26:16.581906', '30', '进阶Django（二）：模型Migrate', 2, '[{\"changed\": {\"fields\": [\"\\u6392\\u5e8f,\\u6570\\u5b57\\u8d8a\\u5927\\u8d8a\\u9760\\u524d\"]}}]', 12, 3);
INSERT INTO `django_admin_log` (`id`, `action_time`, `object_id`, `object_repr`, `action_flag`, `change_message`, `content_type_id`, `user_id`) VALUES (132, '2023-05-04 17:26:20.888734', '31', '进阶Django（三）：模型外键、多对多关系、自关联外键及Meta类', 2, '[{\"changed\": {\"fields\": [\"\\u6392\\u5e8f,\\u6570\\u5b57\\u8d8a\\u5927\\u8d8a\\u9760\\u524d\"]}}]', 12, 3);
INSERT INTO `django_admin_log` (`id`, `action_time`, `object_id`, `object_repr`, `action_flag`, `change_message`, `content_type_id`, `user_id`) VALUES (133, '2023-05-04 17:27:19.401425', '22', '初识Django（一）：Django简介', 2, '[{\"changed\": {\"fields\": [\"\\u6392\\u5e8f,\\u6570\\u5b57\\u8d8a\\u5927\\u8d8a\\u9760\\u524d\", \"\\u6807\\u7b7e\\u96c6\\u5408\"]}}]', 12, 3);
INSERT INTO `django_admin_log` (`id`, `action_time`, `object_id`, `object_repr`, `action_flag`, `change_message`, `content_type_id`, `user_id`) VALUES (134, '2023-05-04 17:28:20.883530', '25', '初识Django（四）：工程文件功能说明', 2, '[{\"changed\": {\"fields\": [\"\\u53d1\\u5e03\\u65f6\\u95f4\"]}}]', 12, 3);
INSERT INTO `django_admin_log` (`id`, `action_time`, `object_id`, `object_repr`, `action_flag`, `change_message`, `content_type_id`, `user_id`) VALUES (135, '2023-05-04 20:31:40.701430', '9', '扩展', 1, '[{\"added\": {}}]', 11, 3);
INSERT INTO `django_admin_log` (`id`, `action_time`, `object_id`, `object_repr`, `action_flag`, `change_message`, `content_type_id`, `user_id`) VALUES (136, '2023-05-04 20:32:54.832777', '32', '扩展Django：Django接入微信公众平台', 1, '[{\"added\": {}}]', 12, 3);
INSERT INTO `django_admin_log` (`id`, `action_time`, `object_id`, `object_repr`, `action_flag`, `change_message`, `content_type_id`, `user_id`) VALUES (137, '2023-05-04 20:39:24.747096', '32', '扩展Django：Django接入微信公众平台', 2, '[{\"changed\": {\"fields\": [\"\\u6b63\\u6587\"]}}]', 12, 3);
INSERT INTO `django_admin_log` (`id`, `action_time`, `object_id`, `object_repr`, `action_flag`, `change_message`, `content_type_id`, `user_id`) VALUES (138, '2023-05-04 20:40:11.028282', '32', '扩展Django（一）：Django接入微信公众平台', 2, '[{\"changed\": {\"fields\": [\"\\u6807\\u9898\"]}}]', 12, 3);
INSERT INTO `django_admin_log` (`id`, `action_time`, `object_id`, `object_repr`, `action_flag`, `change_message`, `content_type_id`, `user_id`) VALUES (139, '2023-05-04 20:42:39.332815', '33', '扩展Django（二）：Django更新部署到apache导致服务器不响应', 1, '[{\"added\": {}}]', 12, 3);
INSERT INTO `django_admin_log` (`id`, `action_time`, `object_id`, `object_repr`, `action_flag`, `change_message`, `content_type_id`, `user_id`) VALUES (140, '2023-05-04 20:44:30.879089', '34', '扩展Django（三）：模型字段实现动态赋值', 1, '[{\"added\": {}}]', 12, 3);
INSERT INTO `django_admin_log` (`id`, `action_time`, `object_id`, `object_repr`, `action_flag`, `change_message`, `content_type_id`, `user_id`) VALUES (141, '2023-05-04 20:54:39.780149', '9', '扩展', 2, '[{\"changed\": {\"fields\": [\"\\u7236\\u7ea7\\u5206\\u7c7b\"]}}]', 11, 3);
INSERT INTO `django_admin_log` (`id`, `action_time`, `object_id`, `object_repr`, `action_flag`, `change_message`, `content_type_id`, `user_id`) VALUES (142, '2023-05-04 20:55:38.771710', '31', '进阶Django（三）：模型外键、多对多关系、自关联外键及Meta类', 2, '[{\"changed\": {\"fields\": [\"\\u6d4f\\u89c8\\u91cf\"]}}]', 12, 3);
INSERT INTO `django_admin_log` (`id`, `action_time`, `object_id`, `object_repr`, `action_flag`, `change_message`, `content_type_id`, `user_id`) VALUES (143, '2023-05-04 20:56:26.270774', '25', '初识Django（四）：工程文件功能说明', 2, '[{\"changed\": {\"fields\": [\"\\u6d4f\\u89c8\\u91cf\"]}}]', 12, 3);
INSERT INTO `django_admin_log` (`id`, `action_time`, `object_id`, `object_repr`, `action_flag`, `change_message`, `content_type_id`, `user_id`) VALUES (144, '2023-05-04 20:56:39.134508', '23', '初识Django（二）：Apache+mod_wsgi部署Django', 2, '[{\"changed\": {\"fields\": [\"\\u6d4f\\u89c8\\u91cf\"]}}]', 12, 3);
INSERT INTO `django_admin_log` (`id`, `action_time`, `object_id`, `object_repr`, `action_flag`, `change_message`, `content_type_id`, `user_id`) VALUES (145, '2023-05-04 20:56:53.253833', '22', '初识Django（一）：Django简介', 2, '[{\"changed\": {\"fields\": [\"\\u6d4f\\u89c8\\u91cf\"]}}]', 12, 3);
INSERT INTO `django_admin_log` (`id`, `action_time`, `object_id`, `object_repr`, `action_flag`, `change_message`, `content_type_id`, `user_id`) VALUES (146, '2023-05-04 20:57:01.744568', '20', 'chatGPT 使用笔记（一）——文本代码显示不全的问题解决', 2, '[{\"changed\": {\"fields\": [\"\\u6d4f\\u89c8\\u91cf\"]}}]', 12, 3);
INSERT INTO `django_admin_log` (`id`, `action_time`, `object_id`, `object_repr`, `action_flag`, `change_message`, `content_type_id`, `user_id`) VALUES (147, '2023-05-04 20:57:11.430146', '21', 'chatGPT 使用笔记（二）——chatGPT API的使用', 2, '[{\"changed\": {\"fields\": [\"\\u6d4f\\u89c8\\u91cf\"]}}]', 12, 3);
INSERT INTO `django_admin_log` (`id`, `action_time`, `object_id`, `object_repr`, `action_flag`, `change_message`, `content_type_id`, `user_id`) VALUES (148, '2023-05-04 21:06:01.452173', '10', '周杰伦', 1, '[{\"added\": {}}]', 11, 3);
INSERT INTO `django_admin_log` (`id`, `action_time`, `object_id`, `object_repr`, `action_flag`, `change_message`, `content_type_id`, `user_id`) VALUES (149, '2023-05-04 21:06:08.948448', '24', '周杰伦', 1, '[{\"added\": {}}]', 10, 3);
INSERT INTO `django_admin_log` (`id`, `action_time`, `object_id`, `object_repr`, `action_flag`, `change_message`, `content_type_id`, `user_id`) VALUES (150, '2023-05-04 21:06:16.527525', '25', '专辑', 1, '[{\"added\": {}}]', 10, 3);
INSERT INTO `django_admin_log` (`id`, `action_time`, `object_id`, `object_repr`, `action_flag`, `change_message`, `content_type_id`, `user_id`) VALUES (151, '2023-05-04 21:06:21.443274', '35', '周杰伦2000-2020所有专辑总集结', 1, '[{\"added\": {}}]', 12, 3);
INSERT INTO `django_admin_log` (`id`, `action_time`, `object_id`, `object_repr`, `action_flag`, `change_message`, `content_type_id`, `user_id`) VALUES (152, '2023-05-04 21:06:43.603245', '4', 'jay@163.com', 2, '[{\"changed\": {\"fields\": [\"First name\", \"Last name\"]}}]', 13, 3);
INSERT INTO `django_admin_log` (`id`, `action_time`, `object_id`, `object_repr`, `action_flag`, `change_message`, `content_type_id`, `user_id`) VALUES (153, '2023-05-04 21:07:41.993396', '4', 'jay@163.com', 2, '[{\"changed\": {\"fields\": [\"User permissions\"]}}]', 13, 3);
INSERT INTO `django_admin_log` (`id`, `action_time`, `object_id`, `object_repr`, `action_flag`, `change_message`, `content_type_id`, `user_id`) VALUES (154, '2023-05-04 21:08:14.405825', '4', 'jay@163.com', 2, '[{\"changed\": {\"fields\": [\"User permissions\"]}}]', 13, 3);
INSERT INTO `django_admin_log` (`id`, `action_time`, `object_id`, `object_repr`, `action_flag`, `change_message`, `content_type_id`, `user_id`) VALUES (155, '2023-05-04 21:09:38.667881', '4', 'jay@163.com', 2, '[{\"changed\": {\"fields\": [\"User permissions\", \"Last login\"]}}]', 13, 3);
INSERT INTO `django_admin_log` (`id`, `action_time`, `object_id`, `object_repr`, `action_flag`, `change_message`, `content_type_id`, `user_id`) VALUES (156, '2023-05-04 21:10:47.899363', '4', 'jay@163.com', 2, '[{\"changed\": {\"fields\": [\"User permissions\", \"Last login\"]}}]', 13, 3);
INSERT INTO `django_admin_log` (`id`, `action_time`, `object_id`, `object_repr`, `action_flag`, `change_message`, `content_type_id`, `user_id`) VALUES (157, '2023-05-04 21:11:37.347289', '4', 'jay@163.com', 2, '[{\"changed\": {\"fields\": [\"User permissions\", \"Last login\"]}}]', 13, 3);
INSERT INTO `django_admin_log` (`id`, `action_time`, `object_id`, `object_repr`, `action_flag`, `change_message`, `content_type_id`, `user_id`) VALUES (158, '2023-05-04 21:12:39.399321', '4', 'jay@163.com', 2, '[{\"changed\": {\"fields\": [\"Staff status\", \"User permissions\"]}}]', 13, 3);
INSERT INTO `django_admin_log` (`id`, `action_time`, `object_id`, `object_repr`, `action_flag`, `change_message`, `content_type_id`, `user_id`) VALUES (159, '2023-05-04 21:13:22.901996', '4', 'jay@163.com', 2, '[{\"changed\": {\"fields\": [\"Last login\"]}}]', 13, 3);
INSERT INTO `django_admin_log` (`id`, `action_time`, `object_id`, `object_repr`, `action_flag`, `change_message`, `content_type_id`, `user_id`) VALUES (160, '2023-05-04 21:14:11.156370', '4', 'jay@163.com', 2, '[{\"changed\": {\"fields\": [\"Superuser status\", \"Last login\"]}}]', 13, 3);
INSERT INTO `django_admin_log` (`id`, `action_time`, `object_id`, `object_repr`, `action_flag`, `change_message`, `content_type_id`, `user_id`) VALUES (161, '2023-05-04 21:14:25.865286', '4', 'jay@163.com', 2, '[{\"changed\": {\"fields\": [\"Superuser status\", \"Last login\"]}}]', 13, 4);
INSERT INTO `django_admin_log` (`id`, `action_time`, `object_id`, `object_repr`, `action_flag`, `change_message`, `content_type_id`, `user_id`) VALUES (162, '2023-05-04 21:27:54.510133', '4', 'jay@163.com', 2, '[{\"changed\": {\"fields\": [\"User permissions\", \"Last login\"]}}]', 13, 3);
INSERT INTO `django_admin_log` (`id`, `action_time`, `object_id`, `object_repr`, `action_flag`, `change_message`, `content_type_id`, `user_id`) VALUES (163, '2023-05-04 21:32:14.740415', '4', 'jay@163.com', 2, '[{\"changed\": {\"fields\": [\"User permissions\", \"Last login\"]}}]', 13, 3);
INSERT INTO `django_admin_log` (`id`, `action_time`, `object_id`, `object_repr`, `action_flag`, `change_message`, `content_type_id`, `user_id`) VALUES (164, '2023-05-04 21:33:02.500301', '4', 'jay@163.com', 2, '[{\"changed\": {\"fields\": [\"Superuser status\", \"User permissions\", \"Last login\"]}}]', 13, 3);
INSERT INTO `django_admin_log` (`id`, `action_time`, `object_id`, `object_repr`, `action_flag`, `change_message`, `content_type_id`, `user_id`) VALUES (165, '2023-05-04 21:33:25.039948', '35', '周杰伦2000-2020所有专辑总集结', 2, '[{\"changed\": {\"fields\": [\"\\u4f5c\\u8005\"]}}]', 12, 4);
INSERT INTO `django_admin_log` (`id`, `action_time`, `object_id`, `object_repr`, `action_flag`, `change_message`, `content_type_id`, `user_id`) VALUES (166, '2023-05-04 21:34:25.641576', '35', '周杰伦2000-2020所有专辑总集结', 2, '[{\"changed\": {\"fields\": [\"\\u6b63\\u6587\"]}}]', 12, 3);
INSERT INTO `django_admin_log` (`id`, `action_time`, `object_id`, `object_repr`, `action_flag`, `change_message`, `content_type_id`, `user_id`) VALUES (167, '2023-05-04 21:36:23.574584', '35', '周杰伦2000-2020所有专辑总集结', 2, '[{\"changed\": {\"fields\": [\"\\u6b63\\u6587\", \"\\u6d4f\\u89c8\\u91cf\", \"\\u662f\\u5426\\u663e\\u793atoc\\u76ee\\u5f55\"]}}]', 12, 3);
INSERT INTO `django_admin_log` (`id`, `action_time`, `object_id`, `object_repr`, `action_flag`, `change_message`, `content_type_id`, `user_id`) VALUES (168, '2023-05-04 21:43:35.539550', '35', '周杰伦2000-2020所有专辑总集结', 2, '[{\"changed\": {\"fields\": [\"\\u6b63\\u6587\", \"\\u6d4f\\u89c8\\u91cf\"]}}]', 12, 3);
INSERT INTO `django_admin_log` (`id`, `action_time`, `object_id`, `object_repr`, `action_flag`, `change_message`, `content_type_id`, `user_id`) VALUES (169, '2023-05-04 21:44:26.960095', '35', '周杰伦2000-2020所有专辑总集结', 2, '[{\"changed\": {\"fields\": [\"\\u6b63\\u6587\", \"\\u6d4f\\u89c8\\u91cf\"]}}]', 12, 3);
INSERT INTO `django_admin_log` (`id`, `action_time`, `object_id`, `object_repr`, `action_flag`, `change_message`, `content_type_id`, `user_id`) VALUES (170, '2023-05-04 21:47:02.061016', '35', '周杰伦2000-2022所有专辑总集结', 2, '[{\"changed\": {\"fields\": [\"\\u6807\\u9898\", \"\\u6b63\\u6587\"]}}]', 12, 3);
INSERT INTO `django_admin_log` (`id`, `action_time`, `object_id`, `object_repr`, `action_flag`, `change_message`, `content_type_id`, `user_id`) VALUES (171, '2023-05-04 21:53:12.498774', '35', '周杰伦2000-2022所有专辑总集结', 2, '[{\"changed\": {\"fields\": [\"\\u6b63\\u6587\", \"\\u6d4f\\u89c8\\u91cf\"]}}]', 12, 3);
INSERT INTO `django_admin_log` (`id`, `action_time`, `object_id`, `object_repr`, `action_flag`, `change_message`, `content_type_id`, `user_id`) VALUES (172, '2023-05-04 21:56:29.424211', '35', '周杰伦2000-2022所有专辑总集结', 2, '[{\"changed\": {\"fields\": [\"\\u6b63\\u6587\", \"\\u6d4f\\u89c8\\u91cf\"]}}]', 12, 3);
INSERT INTO `django_admin_log` (`id`, `action_time`, `object_id`, `object_repr`, `action_flag`, `change_message`, `content_type_id`, `user_id`) VALUES (173, '2023-05-05 09:46:29.838797', '36', '周杰伦的影响力到底有多大？', 1, '[{\"added\": {}}]', 12, 3);
INSERT INTO `django_admin_log` (`id`, `action_time`, `object_id`, `object_repr`, `action_flag`, `change_message`, `content_type_id`, `user_id`) VALUES (174, '2023-05-05 09:49:17.755593', '26', '生活', 1, '[{\"added\": {}}]', 10, 3);
INSERT INTO `django_admin_log` (`id`, `action_time`, `object_id`, `object_repr`, `action_flag`, `change_message`, `content_type_id`, `user_id`) VALUES (175, '2023-05-05 09:50:41.956176', '36', '周杰伦的影响力到底有多大？', 2, '[{\"changed\": {\"fields\": [\"\\u662f\\u5426\\u663e\\u793atoc\\u76ee\\u5f55\", \"\\u6807\\u7b7e\\u96c6\\u5408\"]}}]', 12, 3);
INSERT INTO `django_admin_log` (`id`, `action_time`, `object_id`, `object_repr`, `action_flag`, `change_message`, `content_type_id`, `user_id`) VALUES (176, '2023-05-05 09:50:59.111319', '36', '周杰伦的影响力到底有多大？', 2, '[{\"changed\": {\"fields\": [\"\\u6807\\u7b7e\\u96c6\\u5408\"]}}]', 12, 3);
INSERT INTO `django_admin_log` (`id`, `action_time`, `object_id`, `object_repr`, `action_flag`, `change_message`, `content_type_id`, `user_id`) VALUES (177, '2023-05-05 09:52:40.759959', '36', '周杰伦的影响力到底有多大？', 2, '[{\"changed\": {\"fields\": [\"\\u6b63\\u6587\", \"\\u6d4f\\u89c8\\u91cf\"]}}]', 12, 3);
INSERT INTO `django_admin_log` (`id`, `action_time`, `object_id`, `object_repr`, `action_flag`, `change_message`, `content_type_id`, `user_id`) VALUES (178, '2023-05-05 09:53:09.552722', '36', '周杰伦的影响力到底有多大？', 2, '[{\"changed\": {\"fields\": [\"\\u6b63\\u6587\", \"\\u6d4f\\u89c8\\u91cf\"]}}]', 12, 3);
INSERT INTO `django_admin_log` (`id`, `action_time`, `object_id`, `object_repr`, `action_flag`, `change_message`, `content_type_id`, `user_id`) VALUES (179, '2023-05-05 09:56:34.689032', '36', '周杰伦的影响力到底有多大？', 2, '[{\"changed\": {\"fields\": [\"\\u6b63\\u6587\", \"\\u6d4f\\u89c8\\u91cf\"]}}]', 12, 3);
INSERT INTO `django_admin_log` (`id`, `action_time`, `object_id`, `object_repr`, `action_flag`, `change_message`, `content_type_id`, `user_id`) VALUES (180, '2023-05-05 09:57:06.582945', '36', '周杰伦的影响力到底有多大？', 2, '[{\"changed\": {\"fields\": [\"\\u6b63\\u6587\", \"\\u6d4f\\u89c8\\u91cf\"]}}]', 12, 3);
INSERT INTO `django_admin_log` (`id`, `action_time`, `object_id`, `object_repr`, `action_flag`, `change_message`, `content_type_id`, `user_id`) VALUES (181, '2023-05-05 09:57:20.204484', '36', '周杰伦的影响力到底有多大？', 2, '[{\"changed\": {\"fields\": [\"\\u6b63\\u6587\", \"\\u6d4f\\u89c8\\u91cf\"]}}]', 12, 3);
INSERT INTO `django_admin_log` (`id`, `action_time`, `object_id`, `object_repr`, `action_flag`, `change_message`, `content_type_id`, `user_id`) VALUES (182, '2023-05-05 09:57:30.728421', '36', '周杰伦的影响力到底有多大？', 2, '[{\"changed\": {\"fields\": [\"\\u6b63\\u6587\", \"\\u6d4f\\u89c8\\u91cf\"]}}]', 12, 3);
INSERT INTO `django_admin_log` (`id`, `action_time`, `object_id`, `object_repr`, `action_flag`, `change_message`, `content_type_id`, `user_id`) VALUES (183, '2023-05-05 09:58:25.697583', '36', '周杰伦的影响力到底有多大？', 2, '[{\"changed\": {\"fields\": [\"\\u6b63\\u6587\", \"\\u6d4f\\u89c8\\u91cf\"]}}]', 12, 3);
INSERT INTO `django_admin_log` (`id`, `action_time`, `object_id`, `object_repr`, `action_flag`, `change_message`, `content_type_id`, `user_id`) VALUES (184, '2023-05-05 10:01:50.339876', '36', '周杰伦的影响力到底有多大？', 2, '[{\"changed\": {\"fields\": [\"\\u6b63\\u6587\", \"\\u6d4f\\u89c8\\u91cf\"]}}]', 12, 3);
INSERT INTO `django_admin_log` (`id`, `action_time`, `object_id`, `object_repr`, `action_flag`, `change_message`, `content_type_id`, `user_id`) VALUES (185, '2023-05-05 10:02:28.126973', '36', '周杰伦的影响力到底有多大？', 2, '[{\"changed\": {\"fields\": [\"\\u6b63\\u6587\", \"\\u6d4f\\u89c8\\u91cf\"]}}]', 12, 3);
INSERT INTO `django_admin_log` (`id`, `action_time`, `object_id`, `object_repr`, `action_flag`, `change_message`, `content_type_id`, `user_id`) VALUES (186, '2023-05-05 10:03:02.397109', '36', '周杰伦的影响力到底有多大？', 2, '[{\"changed\": {\"fields\": [\"\\u6b63\\u6587\", \"\\u6d4f\\u89c8\\u91cf\"]}}]', 12, 3);
INSERT INTO `django_admin_log` (`id`, `action_time`, `object_id`, `object_repr`, `action_flag`, `change_message`, `content_type_id`, `user_id`) VALUES (187, '2023-05-05 10:03:19.803344', '36', '周杰伦的影响力到底有多大？', 2, '[{\"changed\": {\"fields\": [\"\\u6b63\\u6587\", \"\\u6d4f\\u89c8\\u91cf\"]}}]', 12, 3);
INSERT INTO `django_admin_log` (`id`, `action_time`, `object_id`, `object_repr`, `action_flag`, `change_message`, `content_type_id`, `user_id`) VALUES (188, '2023-05-05 10:03:37.890949', '36', '周杰伦的影响力到底有多大？', 2, '[{\"changed\": {\"fields\": [\"\\u6d4f\\u89c8\\u91cf\"]}}]', 12, 3);
INSERT INTO `django_admin_log` (`id`, `action_time`, `object_id`, `object_repr`, `action_flag`, `change_message`, `content_type_id`, `user_id`) VALUES (189, '2023-05-05 10:03:51.393002', '36', '周杰伦的影响力到底有多大？', 2, '[{\"changed\": {\"fields\": [\"\\u6b63\\u6587\", \"\\u6d4f\\u89c8\\u91cf\"]}}]', 12, 3);
INSERT INTO `django_admin_log` (`id`, `action_time`, `object_id`, `object_repr`, `action_flag`, `change_message`, `content_type_id`, `user_id`) VALUES (190, '2023-05-05 10:04:10.572050', '36', '周杰伦的影响力到底有多大？', 2, '[{\"changed\": {\"fields\": [\"\\u6b63\\u6587\", \"\\u6d4f\\u89c8\\u91cf\"]}}]', 12, 3);
INSERT INTO `django_admin_log` (`id`, `action_time`, `object_id`, `object_repr`, `action_flag`, `change_message`, `content_type_id`, `user_id`) VALUES (191, '2023-05-05 10:04:20.937177', '36', '周杰伦的影响力到底有多大？', 2, '[{\"changed\": {\"fields\": [\"\\u6d4f\\u89c8\\u91cf\"]}}]', 12, 3);
INSERT INTO `django_admin_log` (`id`, `action_time`, `object_id`, `object_repr`, `action_flag`, `change_message`, `content_type_id`, `user_id`) VALUES (192, '2023-05-05 11:30:10.749548', '1', 'qq', 1, '[{\"added\": {}}]', 15, 3);
INSERT INTO `django_admin_log` (`id`, `action_time`, `object_id`, `object_repr`, `action_flag`, `change_message`, `content_type_id`, `user_id`) VALUES (193, '2023-05-05 11:30:53.679145', '1', 'qq', 2, '[{\"changed\": {\"fields\": [\"AppKey\", \"AppSecret\"]}}]', 15, 3);
INSERT INTO `django_admin_log` (`id`, `action_time`, `object_id`, `object_repr`, `action_flag`, `change_message`, `content_type_id`, `user_id`) VALUES (194, '2023-05-05 11:35:00.542972', '1', 'qq', 2, '[{\"changed\": {\"fields\": [\"AppKey\", \"AppSecret\"]}}]', 15, 3);
INSERT INTO `django_admin_log` (`id`, `action_time`, `object_id`, `object_repr`, `action_flag`, `change_message`, `content_type_id`, `user_id`) VALUES (195, '2023-05-05 13:45:13.488245', '3', 'marsk7@qq.com', 2, '[{\"changed\": {\"fields\": [\"Email\", \"Last login\"]}}]', 13, 3);
INSERT INTO `django_admin_log` (`id`, `action_time`, `object_id`, `object_repr`, `action_flag`, `change_message`, `content_type_id`, `user_id`) VALUES (196, '2023-05-05 14:02:48.297479', '5', '', 1, '[{\"added\": {}}]', 13, 3);
INSERT INTO `django_admin_log` (`id`, `action_time`, `object_id`, `object_repr`, `action_flag`, `change_message`, `content_type_id`, `user_id`) VALUES (197, '2023-05-05 14:03:13.029851', '5', 'marsk27@163.com', 2, '[{\"changed\": {\"fields\": [\"Email\", \"Staff status\", \"User permissions\", \"Last login\"]}}]', 13, 3);
INSERT INTO `django_admin_log` (`id`, `action_time`, `object_id`, `object_repr`, `action_flag`, `change_message`, `content_type_id`, `user_id`) VALUES (198, '2023-05-05 14:04:45.417230', '2', 'test@test.com', 3, '', 13, 3);
INSERT INTO `django_admin_log` (`id`, `action_time`, `object_id`, `object_repr`, `action_flag`, `change_message`, `content_type_id`, `user_id`) VALUES (199, '2023-05-05 14:52:41.016004', '1', '表情包表情包大佬写的不错！已关注，求表情包0', 2, '[{\"changed\": {\"fields\": [\"\\u662f\\u5426\\u663e\\u793a\"]}}]', 14, 3);
INSERT INTO `django_admin_log` (`id`, `action_time`, `object_id`, `object_repr`, `action_flag`, `change_message`, `content_type_id`, `user_id`) VALUES (200, '2023-05-05 14:54:02.375656', '6', '', 1, '[{\"added\": {}}]', 13, 3);
INSERT INTO `django_admin_log` (`id`, `action_time`, `object_id`, `object_repr`, `action_flag`, `change_message`, `content_type_id`, `user_id`) VALUES (201, '2023-05-05 14:55:23.716100', '6', 'tlxb@163.com', 2, '[{\"changed\": {\"fields\": [\"Email\", \"User permissions\", \"Last login\"]}}]', 13, 3);
INSERT INTO `django_admin_log` (`id`, `action_time`, `object_id`, `object_repr`, `action_flag`, `change_message`, `content_type_id`, `user_id`) VALUES (202, '2023-05-05 14:55:53.608260', '7', '', 1, '[{\"added\": {}}]', 13, 3);
INSERT INTO `django_admin_log` (`id`, `action_time`, `object_id`, `object_repr`, `action_flag`, `change_message`, `content_type_id`, `user_id`) VALUES (203, '2023-05-05 14:57:20.351153', '7', 'jasmine@163.com', 2, '[{\"changed\": {\"fields\": [\"Email\", \"User permissions\", \"Last login\"]}}]', 13, 3);
INSERT INTO `django_admin_log` (`id`, `action_time`, `object_id`, `object_repr`, `action_flag`, `change_message`, `content_type_id`, `user_id`) VALUES (204, '2023-05-05 14:59:50.600118', '8', '', 1, '[{\"added\": {}}]', 13, 3);
INSERT INTO `django_admin_log` (`id`, `action_time`, `object_id`, `object_repr`, `action_flag`, `change_message`, `content_type_id`, `user_id`) VALUES (205, '2023-05-05 15:00:41.912877', '8', 'cmp@163.com', 2, '[{\"changed\": {\"fields\": [\"Email\", \"User permissions\", \"Last login\"]}}]', 13, 3);
INSERT INTO `django_admin_log` (`id`, `action_time`, `object_id`, `object_repr`, `action_flag`, `change_message`, `content_type_id`, `user_id`) VALUES (206, '2023-05-05 15:01:24.090393', '9', '', 1, '[{\"added\": {}}]', 13, 3);
INSERT INTO `django_admin_log` (`id`, `action_time`, `object_id`, `object_repr`, `action_flag`, `change_message`, `content_type_id`, `user_id`) VALUES (207, '2023-05-05 15:02:02.636841', '9', 'mtw@163.com', 2, '[{\"changed\": {\"fields\": [\"Email\", \"User permissions\", \"Last login\"]}}]', 13, 3);
INSERT INTO `django_admin_log` (`id`, `action_time`, `object_id`, `object_repr`, `action_flag`, `change_message`, `content_type_id`, `user_id`) VALUES (208, '2023-05-05 15:03:03.108464', '10', '', 1, '[{\"added\": {}}]', 13, 3);
INSERT INTO `django_admin_log` (`id`, `action_time`, `object_id`, `object_repr`, `action_flag`, `change_message`, `content_type_id`, `user_id`) VALUES (209, '2023-05-05 15:03:30.558145', '10', 'vmeyer@163.com', 2, '[{\"changed\": {\"fields\": [\"Email\", \"User permissions\", \"Last login\"]}}]', 13, 3);
INSERT INTO `django_admin_log` (`id`, `action_time`, `object_id`, `object_repr`, `action_flag`, `change_message`, `content_type_id`, `user_id`) VALUES (210, '2023-05-05 15:03:45.634509', '11', '', 1, '[{\"added\": {}}]', 13, 3);
INSERT INTO `django_admin_log` (`id`, `action_time`, `object_id`, `object_repr`, `action_flag`, `change_message`, `content_type_id`, `user_id`) VALUES (211, '2023-05-05 15:04:11.794627', '11', 'chloe@163.com', 2, '[{\"changed\": {\"fields\": [\"Email\", \"User permissions\", \"Last login\"]}}]', 13, 3);
INSERT INTO `django_admin_log` (`id`, `action_time`, `object_id`, `object_repr`, `action_flag`, `change_message`, `content_type_id`, `user_id`) VALUES (212, '2023-05-05 15:04:34.337113', '1', '表情包表情包大佬写的不错！已关注，求表情包0', 2, '[{\"changed\": {\"fields\": [\"\\u4f5c\\u8005\"]}}]', 14, 3);
INSERT INTO `django_admin_log` (`id`, `action_time`, `object_id`, `object_repr`, `action_flag`, `change_message`, `content_type_id`, `user_id`) VALUES (213, '2023-05-05 15:05:18.592571', '2', '作者你好 请问我提问后chatgpt没有输出任何文字就结束了，但是也没有报错，这个情况如何解决？', 1, '[{\"added\": {}}]', 14, 3);
INSERT INTO `django_admin_log` (`id`, `action_time`, `object_id`, `object_repr`, `action_flag`, `change_message`, `content_type_id`, `user_id`) VALUES (214, '2023-05-05 15:05:33.392574', '3', '我这貌似是tz问题，后来换了tz之后可以了', 1, '[{\"added\": {}}]', 14, 3);
INSERT INTO `django_admin_log` (`id`, `action_time`, `object_id`, `object_repr`, `action_flag`, `change_message`, `content_type_id`, `user_id`) VALUES (215, '2023-05-05 15:05:50.639309', '4', '什么都没显示？我没遇到过', 1, '[{\"added\": {}}]', 14, 3);
INSERT INTO `django_admin_log` (`id`, `action_time`, `object_id`, `object_repr`, `action_flag`, `change_message`, `content_type_id`, `user_id`) VALUES (216, '2023-05-05 15:06:04.150440', '5', '我也是这个情况', 1, '[{\"added\": {}}]', 14, 3);
INSERT INTO `django_admin_log` (`id`, `action_time`, `object_id`, `object_repr`, `action_flag`, `change_message`, `content_type_id`, `user_id`) VALUES (217, '2023-05-05 15:06:08.676407', '4', '什么都没显示？我没遇到过', 2, '[{\"changed\": {\"fields\": [\"\\u662f\\u5426\\u663e\\u793a\"]}}]', 14, 3);
INSERT INTO `django_admin_log` (`id`, `action_time`, `object_id`, `object_repr`, `action_flag`, `change_message`, `content_type_id`, `user_id`) VALUES (218, '2023-05-05 15:06:37.076279', '6', '老板，调用的时候提示，连接失败什么情况', 1, '[{\"added\": {}}]', 14, 3);
INSERT INTO `django_admin_log` (`id`, `action_time`, `object_id`, `object_repr`, `action_flag`, `change_message`, `content_type_id`, `user_id`) VALUES (219, '2023-05-05 15:06:54.310351', '7', '欸 提示什么错误呢？', 1, '[{\"added\": {}}]', 14, 3);
INSERT INTO `django_admin_log` (`id`, `action_time`, `object_id`, `object_repr`, `action_flag`, `change_message`, `content_type_id`, `user_id`) VALUES (220, '2023-05-05 15:07:07.626264', '8', '人生苦短，我用python！', 1, '[{\"added\": {}}]', 14, 3);
INSERT INTO `django_admin_log` (`id`, `action_time`, `object_id`, `object_repr`, `action_flag`, `change_message`, `content_type_id`, `user_id`) VALUES (221, '2023-05-05 15:07:26.302607', '9', '此生无悔学python!', 1, '[{\"added\": {}}]', 14, 3);
INSERT INTO `django_admin_log` (`id`, `action_time`, `object_id`, `object_repr`, `action_flag`, `change_message`, `content_type_id`, `user_id`) VALUES (222, '2023-05-05 15:10:08.106169', '10', '果然是黑暗骑士，ta的视频是真的yyds！', 1, '[{\"added\": {}}]', 14, 3);
INSERT INTO `django_admin_log` (`id`, `action_time`, `object_id`, `object_repr`, `action_flag`, `change_message`, `content_type_id`, `user_id`) VALUES (223, '2023-05-05 15:10:24.474716', '11', '最近才看完，完全想不到暗号，可爱女人，反方向的钟那些好听的歌曲是一位21岁年轻人写的。像以父之名止战之殇这种神曲也是24岁那么年轻有那么深的感悟写出来的。这几首歌表达的寓意太深刻，就算再过100年也不会落伍，就和咱们学习李白杜甫的诗词一样。再到后来歌曲都负有了社会意义，红磨坊反对抄袭。走自己的路，稻香，鼓励从痛苦中走出来的人。万水千山歌颂祖国等等。不过说实在的我喜欢周董26岁以前的作品，真的是天马', 1, '[{\"added\": {}}]', 14, 3);
INSERT INTO `django_admin_log` (`id`, `action_time`, `object_id`, `object_repr`, `action_flag`, `change_message`, `content_type_id`, `user_id`) VALUES (224, '2023-05-05 15:10:49.466123', '12', '今早刚又听了反方向的钟，真的是历久弥新，那编曲那旋律，真的是太有个人风格了。最近刘畊宏的本草纲目火了，有人说没有双截棍的杰伦是不完整的，以前只觉得双截棍聒噪难入耳，现在重新听竟然觉得是神曲！很多歌都是当时听起来无感甚至会有些“难听”，现在再听，完全不过时甚至觉得经典，才能听懂旋律和编曲的亮点。反而以前流行的那些，听起来有些平淡。', 1, '[{\"added\": {}}]', 14, 3);
INSERT INTO `django_admin_log` (`id`, `action_time`, `object_id`, `object_repr`, `action_flag`, `change_message`, `content_type_id`, `user_id`) VALUES (225, '2023-05-05 15:11:21.833526', '1', '大佬写的不错！已关注，求0', 2, '[{\"changed\": {\"fields\": [\"\\u6b63\\u6587\"]}}]', 14, 3);
INSERT INTO `django_admin_log` (`id`, `action_time`, `object_id`, `object_repr`, `action_flag`, `change_message`, `content_type_id`, `user_id`) VALUES (226, '2023-05-05 15:15:13.449896', '21', 'chatGPT 使用笔记（二）——chatGPT API的使用', 2, '[{\"changed\": {\"fields\": [\"\\u6d4f\\u89c8\\u91cf\"]}}]', 12, 3);
INSERT INTO `django_admin_log` (`id`, `action_time`, `object_id`, `object_repr`, `action_flag`, `change_message`, `content_type_id`, `user_id`) VALUES (227, '2023-05-05 15:17:59.673000', '13', '非粉， 看了了解之后，感觉怎么吹都不为过。只想说中国流行乐史，如果只能留一个人的名字，只能是周杰伦。', 1, '[{\"added\": {}}]', 14, 3);
INSERT INTO `django_admin_log` (`id`, `action_time`, `object_id`, `object_repr`, `action_flag`, `change_message`, `content_type_id`, `user_id`) VALUES (228, '2023-05-05 15:18:32.607061', '14', '19年新入坑杰迷表示我也在追他的视频！做得真的很用心了，而且越看越沉迷于杰伦无法自拔！', 1, '[{\"added\": {}}]', 14, 3);
INSERT INTO `django_admin_log` (`id`, `action_time`, `object_id`, `object_repr`, `action_flag`, `change_message`, `content_type_id`, `user_id`) VALUES (229, '2023-05-05 15:18:44.886307', '14', '19年新入坑杰迷表示我也在追他的视频！做得真的很用心了，而且越看越沉迷于杰伦无法自拔！', 2, '[{\"changed\": {\"fields\": [\"\\u4f5c\\u8005\"]}}]', 14, 3);
INSERT INTO `django_admin_log` (`id`, `action_time`, `object_id`, `object_repr`, `action_flag`, `change_message`, `content_type_id`, `user_id`) VALUES (230, '2023-05-05 15:20:08.180712', '36', '周杰伦的影响力到底有多大？', 2, '[{\"changed\": {\"fields\": [\"\\u6d4f\\u89c8\\u91cf\"]}}]', 12, 3);
INSERT INTO `django_admin_log` (`id`, `action_time`, `object_id`, `object_repr`, `action_flag`, `change_message`, `content_type_id`, `user_id`) VALUES (231, '2023-05-05 15:22:18.946572', '15', '我小声的说一句：当年粉丝网都是喊的无与伦比，为杰沉迷，哈哈，暴露了我的年龄', 1, '[{\"added\": {}}]', 14, 3);
INSERT INTO `django_admin_log` (`id`, `action_time`, `object_id`, `object_repr`, `action_flag`, `change_message`, `content_type_id`, `user_id`) VALUES (232, '2023-05-05 15:22:51.866894', '16', '额，难道不是无与伦比，为杰沉沦嘛，之前贴吧也都是这样的呀。虽然暴露年龄', 1, '[{\"added\": {}}]', 14, 3);
INSERT INTO `django_admin_log` (`id`, `action_time`, `object_id`, `object_repr`, `action_flag`, `change_message`, `content_type_id`, `user_id`) VALUES (233, '2023-05-05 15:23:24.412771', '17', '对的，周杰伦中文网，以前早一点的演唱会，下面还会有灯牌，网站注册的不少，活跃的很少，哈哈，都是躺平的中年粉丝们，哈哈', 1, '[{\"added\": {}}]', 14, 3);
INSERT INTO `django_admin_log` (`id`, `action_time`, `object_id`, `object_repr`, `action_flag`, `change_message`, `content_type_id`, `user_id`) VALUES (234, '2023-05-05 15:23:43.383265', '18', 'emmm[飙泪笑]到我这儿听到的都是“无与伦比，为杰沉沦”了[捂脸]也不知道中间哪儿传差了。是传说中的周杰伦中文网嘛！我之前b站刷07世巡，听到底下有歌迷在喊～', 1, '[{\"added\": {}}]', 14, 3);
INSERT INTO `django_admin_log` (`id`, `action_time`, `object_id`, `object_repr`, `action_flag`, `change_message`, `content_type_id`, `user_id`) VALUES (235, '2023-05-05 15:23:52.785005', '17', '对的，周杰伦中文网，以前早一点的演唱会，下面还会有灯牌，网站注册的不少，活跃的很少，哈哈，都是躺平的中年粉丝们，哈哈', 2, '[{\"changed\": {\"fields\": [\"\\u4e0a\\u7ea7\\u8bc4\\u8bba\"]}}]', 14, 3);
INSERT INTO `django_admin_log` (`id`, `action_time`, `object_id`, `object_repr`, `action_flag`, `change_message`, `content_type_id`, `user_id`) VALUES (236, '2023-05-05 15:26:07.512591', '19', '第一次听半岛铁盒感觉没什么味道，后来在听真的听不腻，从来没有那一首歌能让我的耳朵循环这么久', 1, '[{\"added\": {}}]', 14, 3);
INSERT INTO `django_admin_log` (`id`, `action_time`, `object_id`, `object_repr`, `action_flag`, `change_message`, `content_type_id`, `user_id`) VALUES (237, '2023-05-05 15:26:46.200240', '20', '没有方文山 有他周杰伦什么事 他写的词能看？', 1, '[{\"added\": {}}]', 14, 3);
INSERT INTO `django_admin_log` (`id`, `action_time`, `object_id`, `object_repr`, `action_flag`, `change_message`, `content_type_id`, `user_id`) VALUES (238, '2023-05-05 15:28:46.339454', '21', '2003年24岁的周杰伦作词《晴天》入围过金曲奖最佳作词人。2008年《稻香》一样是他作词，传唱度之高，无须我再赘述。\r\n他自己作词不如方文山来得有诗意，但也不是一无是处。下面贴上他作词的歌曲。\r\n按时间顺序\r\n1999 蜗牛\r\n2000《jay》黑色幽默 星晴\r\n2001《范特西》安静 \r\n2001 屋顶\r\n2002《八度空间》半岛铁盒 分裂\r\n2003《叶惠美》晴天\r\n2004《七里香》外婆 ', 1, '[{\"added\": {}}]', 14, 3);
INSERT INTO `django_admin_log` (`id`, `action_time`, `object_id`, `object_repr`, `action_flag`, `change_message`, `content_type_id`, `user_id`) VALUES (239, '2023-05-05 15:30:03.317433', '21', '- 2003年24岁的周杰伦作词《晴天》入围过金曲奖最佳作词人。2008年《稻香》一样是他作词。\r\n- 他自己作词不如方文山来得有诗意，但也不是一无是处。下面贴上他作词的歌曲，按时间顺序：\r\n- 1999 蜗牛\r\n- 2000《jay》黑色幽默 星晴\r\n- 2001《范特西》安静 \r\n- 2001 屋顶\r\n- 2002《八度空间》半岛铁盒 分裂\r\n- 2003《叶惠美》晴天\r\n- 2004《七里香', 2, '[{\"changed\": {\"fields\": [\"\\u6b63\\u6587\"]}}]', 14, 3);
INSERT INTO `django_admin_log` (`id`, `action_time`, `object_id`, `object_repr`, `action_flag`, `change_message`, `content_type_id`, `user_id`) VALUES (240, '2023-05-05 15:30:28.272170', '21', '### 2003年24岁的周杰伦作词《晴天》入围过金曲奖最佳作词人。2008年《稻香》一样是他作词。\r\n### 他自己作词不如方文山来得有诗意，但也不是一无是处。下面贴上他作词的歌曲，按时间顺序：\r\n- 1999 蜗牛\r\n- 2000《jay》黑色幽默 星晴\r\n- 2001《范特西》安静 \r\n- 2001 屋顶\r\n- 2002《八度空间》半岛铁盒 分裂\r\n- 2003《叶惠美》晴天\r\n- 2004', 2, '[{\"changed\": {\"fields\": [\"\\u6b63\\u6587\"]}}]', 14, 3);
INSERT INTO `django_admin_log` (`id`, `action_time`, `object_id`, `object_repr`, `action_flag`, `change_message`, `content_type_id`, `user_id`) VALUES (241, '2023-05-05 15:30:56.408900', '21', '### 2003年24岁的周杰伦作词**《晴天》**入围过金曲奖最佳作词人。2008年**《稻香》一样是他作词。\r\n### 他自己作词不如方文山来得有诗意，但也不是一无是处。下面贴上他作词的歌曲，按时间顺序：\r\n- 1999 蜗牛\r\n- 2000《jay》黑色幽默 星晴\r\n- 2001《范特西》安静 \r\n- 2001 屋顶\r\n- 2002《八度空间》半岛铁盒 分裂\r\n- 2003《叶惠美》晴天\r\n', 2, '[{\"changed\": {\"fields\": [\"\\u6b63\\u6587\"]}}]', 14, 3);
INSERT INTO `django_admin_log` (`id`, `action_time`, `object_id`, `object_repr`, `action_flag`, `change_message`, `content_type_id`, `user_id`) VALUES (242, '2023-05-05 15:31:27.915561', '21', '#### 2003年24岁的周杰伦作词《晴天》入围过金曲奖最佳作词人。2008年《稻香》一样是他作词。\r\n#### 他自己作词不如方文山来得有诗意，但也不是一无是处。下面贴上他作词的歌曲，按时间顺序：\r\n- 1999 蜗牛\r\n- 2000《jay》黑色幽默 星晴\r\n- 2001《范特西》安静 \r\n- 2001 屋顶\r\n- 2002《八度空间》半岛铁盒 分裂\r\n- 2003《叶惠美》晴天\r\n- 20', 2, '[{\"changed\": {\"fields\": [\"\\u6b63\\u6587\"]}}]', 14, 3);
INSERT INTO `django_admin_log` (`id`, `action_time`, `object_id`, `object_repr`, `action_flag`, `change_message`, `content_type_id`, `user_id`) VALUES (243, '2023-05-05 15:31:56.459851', '21', '#### 2003年24岁的周杰伦作词《晴天》入围过金曲奖最佳作词人。2008年《稻香》一样是他作词。\r\n#### 他自己作词不如方文山来得有诗意，但也不是一无是处。下面贴上他作词的歌曲，按时间顺序：\r\n- 1999 蜗牛\r\n- 2000《jay》黑色幽默 星晴\r\n- 2001《范特西》安静 屋顶\r\n- 2002《八度空间》半岛铁盒 分裂\r\n- 2003《叶惠美》晴天\r\n- 2004《七里香》外婆', 2, '[{\"changed\": {\"fields\": [\"\\u6b63\\u6587\"]}}]', 14, 3);
INSERT INTO `django_admin_log` (`id`, `action_time`, `object_id`, `object_repr`, `action_flag`, `change_message`, `content_type_id`, `user_id`) VALUES (244, '2023-05-05 15:32:32.591350', '19', '第一次听**《半岛铁盒》**感觉没什么味道，后来再听真的听不腻，从来没有那一首歌能让我的耳朵循环这么久', 2, '[{\"changed\": {\"fields\": [\"\\u6b63\\u6587\"]}}]', 14, 3);
INSERT INTO `django_admin_log` (`id`, `action_time`, `object_id`, `object_repr`, `action_flag`, `change_message`, `content_type_id`, `user_id`) VALUES (245, '2023-05-05 15:35:39.964775', '18', 'emmm[飙泪笑]到我这儿听到的都是**“无与伦比，为杰沉沦”**了[捂脸]也不知道中间哪儿传差了。是传说中的周杰伦中文网嘛！我之前b站刷07世巡，听到底下有歌迷在喊～', 2, '[{\"changed\": {\"fields\": [\"\\u6b63\\u6587\"]}}]', 14, 3);
INSERT INTO `django_admin_log` (`id`, `action_time`, `object_id`, `object_repr`, `action_flag`, `change_message`, `content_type_id`, `user_id`) VALUES (246, '2023-05-05 15:36:34.466661', '11', '最近才看完，完全想不到**暗号**，**可爱女人**，**反方向的钟**那些好听的歌曲是一位21岁年轻人写的。像**以父之名** **止战之殇**这种神曲也是24岁那么年轻有那么深的感悟写出来的。这几首歌表达的寓意太深刻，就算再过100年也不会落伍，就和咱们学习李白杜甫的诗词一样。再到后来歌曲都负有了社会意义，红磨坊反对抄袭。走自己的路，**稻香**，鼓励从痛苦中走出来的人。万水千山歌颂祖国等等。', 2, '[{\"changed\": {\"fields\": [\"\\u6b63\\u6587\"]}}]', 14, 3);
INSERT INTO `django_admin_log` (`id`, `action_time`, `object_id`, `object_repr`, `action_flag`, `change_message`, `content_type_id`, `user_id`) VALUES (247, '2023-05-05 15:37:10.796203', '12', '今早刚又听了**反方向的钟**，真的是历久弥新，那编曲那旋律，真的是太有个人风格了。最近刘畊宏的**本草纲目**火了，有人说没有**双截棍**的杰伦是不完整的，以前只觉得双截棍聒噪难入耳，现在重新听竟然觉得是神曲！很多歌都是当时听起来无感甚至会有些“难听”，现在再听，完全不过时甚至觉得经典，才能听懂旋律和编曲的亮点。反而以前流行的那些，听起来有些平淡。', 2, '[{\"changed\": {\"fields\": [\"\\u6b63\\u6587\"]}}]', 14, 3);
INSERT INTO `django_admin_log` (`id`, `action_time`, `object_id`, `object_repr`, `action_flag`, `change_message`, `content_type_id`, `user_id`) VALUES (248, '2023-05-05 15:37:36.910269', '15', '我小声的说一句：当年粉丝网都是喊的**无与伦比，为杰沉迷**，哈哈，暴露了我的年龄', 2, '[{\"changed\": {\"fields\": [\"\\u6b63\\u6587\"]}}]', 14, 3);
INSERT INTO `django_admin_log` (`id`, `action_time`, `object_id`, `object_repr`, `action_flag`, `change_message`, `content_type_id`, `user_id`) VALUES (249, '2023-05-05 15:37:52.796177', '16', '额，难道不是**无与伦比，为杰沉沦**嘛，之前贴吧也都是这样的呀。虽然暴露年龄', 2, '[{\"changed\": {\"fields\": [\"\\u6b63\\u6587\"]}}]', 14, 3);
INSERT INTO `django_admin_log` (`id`, `action_time`, `object_id`, `object_repr`, `action_flag`, `change_message`, `content_type_id`, `user_id`) VALUES (250, '2023-05-05 15:38:18.204265', '17', '对的，**周杰伦中文网**，以前早一点的演唱会，下面还会有灯牌，网站注册的不少，活跃的很少，哈哈，都是躺平的中年粉丝们，哈哈', 2, '[{\"changed\": {\"fields\": [\"\\u6b63\\u6587\"]}}]', 14, 3);
INSERT INTO `django_admin_log` (`id`, `action_time`, `object_id`, `object_repr`, `action_flag`, `change_message`, `content_type_id`, `user_id`) VALUES (251, '2023-05-05 15:38:42.882568', '36', '周杰伦的影响力到底有多大？', 2, '[{\"changed\": {\"fields\": [\"\\u6392\\u5e8f,\\u6570\\u5b57\\u8d8a\\u5927\\u8d8a\\u9760\\u524d\"]}}]', 12, 3);
INSERT INTO `django_admin_log` (`id`, `action_time`, `object_id`, `object_repr`, `action_flag`, `change_message`, `content_type_id`, `user_id`) VALUES (252, '2023-05-05 15:40:21.627810', '27', '代码', 1, '[{\"added\": {}}]', 10, 3);
INSERT INTO `django_admin_log` (`id`, `action_time`, `object_id`, `object_repr`, `action_flag`, `change_message`, `content_type_id`, `user_id`) VALUES (253, '2023-05-05 15:40:26.711780', '28', 'python', 1, '[{\"added\": {}}]', 10, 3);
INSERT INTO `django_admin_log` (`id`, `action_time`, `object_id`, `object_repr`, `action_flag`, `change_message`, `content_type_id`, `user_id`) VALUES (254, '2023-05-05 15:40:59.176566', '22', '初识Django（一）：Django简介', 2, '[{\"changed\": {\"fields\": [\"\\u6807\\u7b7e\\u96c6\\u5408\"]}}]', 12, 3);
INSERT INTO `django_admin_log` (`id`, `action_time`, `object_id`, `object_repr`, `action_flag`, `change_message`, `content_type_id`, `user_id`) VALUES (255, '2023-05-05 15:41:11.330471', '20', 'chatGPT 使用笔记（一）——文本代码显示不全的问题解决', 2, '[{\"changed\": {\"fields\": [\"\\u6807\\u7b7e\\u96c6\\u5408\"]}}]', 12, 3);
INSERT INTO `django_admin_log` (`id`, `action_time`, `object_id`, `object_repr`, `action_flag`, `change_message`, `content_type_id`, `user_id`) VALUES (256, '2023-05-05 15:41:18.399127', '21', 'chatGPT 使用笔记（二）——chatGPT API的使用', 2, '[{\"changed\": {\"fields\": [\"\\u6807\\u7b7e\\u96c6\\u5408\"]}}]', 12, 3);
INSERT INTO `django_admin_log` (`id`, `action_time`, `object_id`, `object_repr`, `action_flag`, `change_message`, `content_type_id`, `user_id`) VALUES (257, '2023-05-05 15:41:26.161897', '23', '初识Django（二）：Apache+mod_wsgi部署Django', 2, '[{\"changed\": {\"fields\": [\"\\u6807\\u7b7e\\u96c6\\u5408\"]}}]', 12, 3);
INSERT INTO `django_admin_log` (`id`, `action_time`, `object_id`, `object_repr`, `action_flag`, `change_message`, `content_type_id`, `user_id`) VALUES (258, '2023-05-05 15:41:35.658466', '24', '初识Django（三）：Settings.py', 2, '[{\"changed\": {\"fields\": [\"\\u6807\\u7b7e\\u96c6\\u5408\"]}}]', 12, 3);
INSERT INTO `django_admin_log` (`id`, `action_time`, `object_id`, `object_repr`, `action_flag`, `change_message`, `content_type_id`, `user_id`) VALUES (259, '2023-05-05 15:41:43.829276', '25', '初识Django（四）：工程文件功能说明', 2, '[{\"changed\": {\"fields\": [\"\\u6807\\u7b7e\\u96c6\\u5408\"]}}]', 12, 3);
INSERT INTO `django_admin_log` (`id`, `action_time`, `object_id`, `object_repr`, `action_flag`, `change_message`, `content_type_id`, `user_id`) VALUES (260, '2023-05-05 15:41:52.196111', '26', '初识Django（五）：视图与UrlPattern', 2, '[{\"changed\": {\"fields\": [\"\\u6807\\u7b7e\\u96c6\\u5408\"]}}]', 12, 3);
INSERT INTO `django_admin_log` (`id`, `action_time`, `object_id`, `object_repr`, `action_flag`, `change_message`, `content_type_id`, `user_id`) VALUES (261, '2023-05-05 15:41:59.223597', '27', '初识Django（六）：模版语言', 2, '[{\"changed\": {\"fields\": [\"\\u6807\\u7b7e\\u96c6\\u5408\"]}}]', 12, 3);
INSERT INTO `django_admin_log` (`id`, `action_time`, `object_id`, `object_repr`, `action_flag`, `change_message`, `content_type_id`, `user_id`) VALUES (262, '2023-05-05 15:42:10.240734', '28', '初识Django（七）：Model（模型）总述', 2, '[{\"changed\": {\"fields\": [\"\\u6807\\u7b7e\\u96c6\\u5408\"]}}]', 12, 3);
INSERT INTO `django_admin_log` (`id`, `action_time`, `object_id`, `object_repr`, `action_flag`, `change_message`, `content_type_id`, `user_id`) VALUES (263, '2023-05-05 15:42:23.476641', '29', '进阶Django（一）：Django与Ajax', 2, '[{\"changed\": {\"fields\": [\"\\u6807\\u7b7e\\u96c6\\u5408\"]}}]', 12, 3);
INSERT INTO `django_admin_log` (`id`, `action_time`, `object_id`, `object_repr`, `action_flag`, `change_message`, `content_type_id`, `user_id`) VALUES (264, '2023-05-05 15:42:36.642703', '30', '进阶Django（二）：模型Migrate', 2, '[{\"changed\": {\"fields\": [\"\\u6807\\u7b7e\\u96c6\\u5408\"]}}]', 12, 3);
INSERT INTO `django_admin_log` (`id`, `action_time`, `object_id`, `object_repr`, `action_flag`, `change_message`, `content_type_id`, `user_id`) VALUES (265, '2023-05-05 15:42:46.227574', '31', '进阶Django（三）：模型外键、多对多关系、自关联外键及Meta类', 2, '[{\"changed\": {\"fields\": [\"\\u6807\\u7b7e\\u96c6\\u5408\"]}}]', 12, 3);
INSERT INTO `django_admin_log` (`id`, `action_time`, `object_id`, `object_repr`, `action_flag`, `change_message`, `content_type_id`, `user_id`) VALUES (266, '2023-05-05 15:43:02.689012', '29', '部署', 1, '[{\"added\": {}}]', 10, 3);
INSERT INTO `django_admin_log` (`id`, `action_time`, `object_id`, `object_repr`, `action_flag`, `change_message`, `content_type_id`, `user_id`) VALUES (267, '2023-05-05 15:43:17.377350', '32', '扩展Django（一）：Django接入微信公众平台', 2, '[{\"changed\": {\"fields\": [\"\\u6807\\u7b7e\\u96c6\\u5408\"]}}]', 12, 3);
INSERT INTO `django_admin_log` (`id`, `action_time`, `object_id`, `object_repr`, `action_flag`, `change_message`, `content_type_id`, `user_id`) VALUES (268, '2023-05-05 15:43:28.658077', '33', '扩展Django（二）：Django更新部署到apache导致服务器不响应', 2, '[{\"changed\": {\"fields\": [\"\\u6807\\u7b7e\\u96c6\\u5408\"]}}]', 12, 3);
INSERT INTO `django_admin_log` (`id`, `action_time`, `object_id`, `object_repr`, `action_flag`, `change_message`, `content_type_id`, `user_id`) VALUES (269, '2023-05-05 15:43:39.951883', '34', '扩展Django（三）：模型字段实现动态赋值', 2, '[{\"changed\": {\"fields\": [\"\\u6807\\u7b7e\\u96c6\\u5408\"]}}]', 12, 3);
INSERT INTO `django_admin_log` (`id`, `action_time`, `object_id`, `object_repr`, `action_flag`, `change_message`, `content_type_id`, `user_id`) VALUES (270, '2023-05-05 15:54:15.909780', '11', '摄影', 1, '[{\"added\": {}}]', 11, 3);
INSERT INTO `django_admin_log` (`id`, `action_time`, `object_id`, `object_repr`, `action_flag`, `change_message`, `content_type_id`, `user_id`) VALUES (271, '2023-05-05 15:54:49.143943', '12', '相机', 1, '[{\"added\": {}}]', 11, 3);
INSERT INTO `django_admin_log` (`id`, `action_time`, `object_id`, `object_repr`, `action_flag`, `change_message`, `content_type_id`, `user_id`) VALUES (272, '2023-05-05 15:55:02.997149', '13', '知识', 1, '[{\"added\": {}}]', 11, 3);
INSERT INTO `django_admin_log` (`id`, `action_time`, `object_id`, `object_repr`, `action_flag`, `change_message`, `content_type_id`, `user_id`) VALUES (273, '2023-05-05 15:55:23.680246', '14', '吉他', 1, '[{\"added\": {}}]', 11, 3);
INSERT INTO `django_admin_log` (`id`, `action_time`, `object_id`, `object_repr`, `action_flag`, `change_message`, `content_type_id`, `user_id`) VALUES (274, '2023-05-05 15:55:29.309452', '10', '周杰伦', 2, '[{\"changed\": {\"fields\": [\"\\u6743\\u91cd\\u6392\\u5e8f-\\u8d8a\\u5927\\u8d8a\\u9760\\u524d\"]}}]', 11, 3);
INSERT INTO `django_admin_log` (`id`, `action_time`, `object_id`, `object_repr`, `action_flag`, `change_message`, `content_type_id`, `user_id`) VALUES (275, '2023-05-05 15:56:55.053630', '12', '', 1, '[{\"added\": {}}]', 13, 3);
INSERT INTO `django_admin_log` (`id`, `action_time`, `object_id`, `object_repr`, `action_flag`, `change_message`, `content_type_id`, `user_id`) VALUES (276, '2023-05-05 15:57:34.392545', '12', 'ssdd@163.com', 2, '[{\"changed\": {\"fields\": [\"Email\", \"User permissions\", \"Last login\"]}}]', 13, 3);
INSERT INTO `django_admin_log` (`id`, `action_time`, `object_id`, `object_repr`, `action_flag`, `change_message`, `content_type_id`, `user_id`) VALUES (277, '2023-05-05 16:07:29.056327', '30', '摄影', 1, '[{\"added\": {}}]', 10, 3);
INSERT INTO `django_admin_log` (`id`, `action_time`, `object_id`, `object_repr`, `action_flag`, `change_message`, `content_type_id`, `user_id`) VALUES (278, '2023-05-05 16:07:45.980389', '31', '图片', 1, '[{\"added\": {}}]', 10, 3);
INSERT INTO `django_admin_log` (`id`, `action_time`, `object_id`, `object_repr`, `action_flag`, `change_message`, `content_type_id`, `user_id`) VALUES (279, '2023-05-05 16:07:59.533116', '37', '新手如何系统性地学习摄影？', 1, '[{\"added\": {}}]', 12, 3);
INSERT INTO `django_admin_log` (`id`, `action_time`, `object_id`, `object_repr`, `action_flag`, `change_message`, `content_type_id`, `user_id`) VALUES (280, '2023-05-05 16:08:18.096002', '12', 'ssdd@163.com', 2, '[{\"changed\": {\"fields\": [\"Staff status\", \"Superuser status\"]}}]', 13, 3);
INSERT INTO `django_admin_log` (`id`, `action_time`, `object_id`, `object_repr`, `action_flag`, `change_message`, `content_type_id`, `user_id`) VALUES (281, '2023-05-05 16:08:37.863027', '37', '新手如何系统性地学习摄影？', 2, '[{\"changed\": {\"fields\": [\"\\u4f5c\\u8005\"]}}]', 12, 3);
INSERT INTO `django_admin_log` (`id`, `action_time`, `object_id`, `object_repr`, `action_flag`, `change_message`, `content_type_id`, `user_id`) VALUES (282, '2023-05-05 16:12:28.928156', '38', '你在明白了什么道理后，摄影水平爆发式增长？', 1, '[{\"added\": {}}]', 12, 3);
INSERT INTO `django_admin_log` (`id`, `action_time`, `object_id`, `object_repr`, `action_flag`, `change_message`, `content_type_id`, `user_id`) VALUES (283, '2023-05-05 16:17:53.421574', '39', '自学摄影多年，我总结了30个摄影经验', 1, '[{\"added\": {}}]', 12, 3);
INSERT INTO `django_admin_log` (`id`, `action_time`, `object_id`, `object_repr`, `action_flag`, `change_message`, `content_type_id`, `user_id`) VALUES (284, '2023-05-05 16:19:38.431562', '39', '自学摄影多年，我总结了30个摄影经验', 2, '[{\"changed\": {\"fields\": [\"\\u6b63\\u6587\"]}}]', 12, 3);
INSERT INTO `django_admin_log` (`id`, `action_time`, `object_id`, `object_repr`, `action_flag`, `change_message`, `content_type_id`, `user_id`) VALUES (285, '2023-05-05 16:21:48.493474', '39', '自学摄影多年，我总结了30个摄影经验', 2, '[{\"changed\": {\"fields\": [\"\\u6b63\\u6587\"]}}]', 12, 3);
INSERT INTO `django_admin_log` (`id`, `action_time`, `object_id`, `object_repr`, `action_flag`, `change_message`, `content_type_id`, `user_id`) VALUES (286, '2023-05-05 16:31:53.480935', '32', '富士', 1, '[{\"added\": {}}]', 10, 3);
INSERT INTO `django_admin_log` (`id`, `action_time`, `object_id`, `object_repr`, `action_flag`, `change_message`, `content_type_id`, `user_id`) VALUES (287, '2023-05-05 16:31:56.980129', '40', '富士相机那款性价比高？2023富士相机详细购买指南（超高性价比精选7款推荐）', 1, '[{\"added\": {}}]', 12, 3);
INSERT INTO `django_admin_log` (`id`, `action_time`, `object_id`, `object_repr`, `action_flag`, `change_message`, `content_type_id`, `user_id`) VALUES (288, '2023-05-05 16:32:46.849079', '40', '富士相机那款性价比高？2023富士相机详细购买指南（超高性价比精选7款推荐）', 2, '[{\"changed\": {\"fields\": [\"\\u6b63\\u6587\"]}}]', 12, 3);
INSERT INTO `django_admin_log` (`id`, `action_time`, `object_id`, `object_repr`, `action_flag`, `change_message`, `content_type_id`, `user_id`) VALUES (289, '2023-05-05 16:33:34.370844', '40', '富士相机那款性价比高？2023富士相机详细购买指南（超高性价比精选7款推荐）', 2, '[{\"changed\": {\"fields\": [\"\\u6b63\\u6587\"]}}]', 12, 3);
INSERT INTO `django_admin_log` (`id`, `action_time`, `object_id`, `object_repr`, `action_flag`, `change_message`, `content_type_id`, `user_id`) VALUES (290, '2023-05-05 16:34:05.719280', '40', '富士相机那款性价比高？2023富士相机详细购买指南（超高性价比精选7款推荐）', 2, '[{\"changed\": {\"fields\": [\"\\u6b63\\u6587\"]}}]', 12, 3);
INSERT INTO `django_admin_log` (`id`, `action_time`, `object_id`, `object_repr`, `action_flag`, `change_message`, `content_type_id`, `user_id`) VALUES (291, '2023-05-06 09:45:01.430084', '36', '周杰伦的影响力到底有多大？', 2, '[]', 12, 3);
INSERT INTO `django_admin_log` (`id`, `action_time`, `object_id`, `object_repr`, `action_flag`, `change_message`, `content_type_id`, `user_id`) VALUES (292, '2023-05-06 15:06:04.869857', '4', 'jay@163.com', 2, '[{\"changed\": {\"fields\": [\"Groups\", \"Last login\"]}}]', 13, 3);
INSERT INTO `django_admin_log` (`id`, `action_time`, `object_id`, `object_repr`, `action_flag`, `change_message`, `content_type_id`, `user_id`) VALUES (293, '2023-05-06 15:06:14.026710', '12', 'ssdd@163.com', 2, '[{\"changed\": {\"fields\": [\"Groups\"]}}]', 13, 3);
INSERT INTO `django_admin_log` (`id`, `action_time`, `object_id`, `object_repr`, `action_flag`, `change_message`, `content_type_id`, `user_id`) VALUES (294, '2023-05-06 15:06:45.490002', '11', 'chloe@163.com', 2, '[{\"changed\": {\"fields\": [\"Groups\"]}}]', 13, 3);
INSERT INTO `django_admin_log` (`id`, `action_time`, `object_id`, `object_repr`, `action_flag`, `change_message`, `content_type_id`, `user_id`) VALUES (295, '2023-05-06 15:06:51.940139', '10', 'vmeyer@163.com', 2, '[{\"changed\": {\"fields\": [\"Groups\"]}}]', 13, 3);
INSERT INTO `django_admin_log` (`id`, `action_time`, `object_id`, `object_repr`, `action_flag`, `change_message`, `content_type_id`, `user_id`) VALUES (296, '2023-05-06 15:06:56.896863', '9', 'mtw@163.com', 2, '[{\"changed\": {\"fields\": [\"Groups\"]}}]', 13, 3);
INSERT INTO `django_admin_log` (`id`, `action_time`, `object_id`, `object_repr`, `action_flag`, `change_message`, `content_type_id`, `user_id`) VALUES (297, '2023-05-06 15:07:04.105903', '8', 'cmp@163.com', 2, '[{\"changed\": {\"fields\": [\"Groups\"]}}]', 13, 3);
INSERT INTO `django_admin_log` (`id`, `action_time`, `object_id`, `object_repr`, `action_flag`, `change_message`, `content_type_id`, `user_id`) VALUES (298, '2023-05-06 15:07:09.448002', '7', 'jasmine@163.com', 2, '[{\"changed\": {\"fields\": [\"Groups\"]}}]', 13, 3);
INSERT INTO `django_admin_log` (`id`, `action_time`, `object_id`, `object_repr`, `action_flag`, `change_message`, `content_type_id`, `user_id`) VALUES (299, '2023-05-06 15:07:18.834796', '6', 'tlxb@163.com', 2, '[{\"changed\": {\"fields\": [\"Groups\"]}}]', 13, 3);
INSERT INTO `django_admin_log` (`id`, `action_time`, `object_id`, `object_repr`, `action_flag`, `change_message`, `content_type_id`, `user_id`) VALUES (300, '2023-05-06 15:07:25.774063', '5', 'marsk27@163.com', 2, '[{\"changed\": {\"fields\": [\"Groups\"]}}]', 13, 3);
INSERT INTO `django_admin_log` (`id`, `action_time`, `object_id`, `object_repr`, `action_flag`, `change_message`, `content_type_id`, `user_id`) VALUES (301, '2023-05-06 15:07:44.181197', '3', 'marsk7@qq.com', 2, '[{\"changed\": {\"fields\": [\"First name\", \"Last name\", \"Last login\"]}}]', 13, 3);
INSERT INTO `django_admin_log` (`id`, `action_time`, `object_id`, `object_repr`, `action_flag`, `change_message`, `content_type_id`, `user_id`) VALUES (302, '2023-05-06 15:08:00.877474', '12', 'ssdd@163.com', 2, '[{\"changed\": {\"fields\": [\"First name\", \"Last name\"]}}]', 13, 3);
INSERT INTO `django_admin_log` (`id`, `action_time`, `object_id`, `object_repr`, `action_flag`, `change_message`, `content_type_id`, `user_id`) VALUES (303, '2023-05-06 15:08:24.059080', '5', 'marsk27@163.com', 2, '[{\"changed\": {\"fields\": [\"First name\", \"Last name\"]}}]', 13, 3);
INSERT INTO `django_admin_log` (`id`, `action_time`, `object_id`, `object_repr`, `action_flag`, `change_message`, `content_type_id`, `user_id`) VALUES (304, '2023-05-07 10:20:26.715849', '1', '小米', 1, '[{\"added\": {}}]', 8, 3);
INSERT INTO `django_admin_log` (`id`, `action_time`, `object_id`, `object_repr`, `action_flag`, `change_message`, `content_type_id`, `user_id`) VALUES (305, '2023-05-07 10:23:05.482882', '2', '苹果', 1, '[{\"added\": {}}]', 8, 3);
INSERT INTO `django_admin_log` (`id`, `action_time`, `object_id`, `object_repr`, `action_flag`, `change_message`, `content_type_id`, `user_id`) VALUES (306, '2023-05-07 10:23:50.637396', '3', '哔哩哔哩', 1, '[{\"added\": {}}]', 8, 3);
INSERT INTO `django_admin_log` (`id`, `action_time`, `object_id`, `object_repr`, `action_flag`, `change_message`, `content_type_id`, `user_id`) VALUES (307, '2023-05-07 10:31:49.381182', '3', '哔哩哔哩', 3, '', 8, 3);
INSERT INTO `django_admin_log` (`id`, `action_time`, `object_id`, `object_repr`, `action_flag`, `change_message`, `content_type_id`, `user_id`) VALUES (308, '2023-05-07 10:32:05.841602', '1', '小米', 3, '', 8, 3);
INSERT INTO `django_admin_log` (`id`, `action_time`, `object_id`, `object_repr`, `action_flag`, `change_message`, `content_type_id`, `user_id`) VALUES (309, '2023-05-07 10:32:05.845723', '2', '苹果', 3, '', 8, 3);
INSERT INTO `django_admin_log` (`id`, `action_time`, `object_id`, `object_repr`, `action_flag`, `change_message`, `content_type_id`, `user_id`) VALUES (310, '2023-05-07 10:39:32.437310', '4', '小米', 1, '[{\"added\": {}}]', 8, 3);
INSERT INTO `django_admin_log` (`id`, `action_time`, `object_id`, `object_repr`, `action_flag`, `change_message`, `content_type_id`, `user_id`) VALUES (311, '2023-05-07 10:39:46.227245', '5', '苹果', 1, '[{\"added\": {}}]', 8, 3);
INSERT INTO `django_admin_log` (`id`, `action_time`, `object_id`, `object_repr`, `action_flag`, `change_message`, `content_type_id`, `user_id`) VALUES (312, '2023-05-07 10:40:19.148129', '6', '哔哩哔哩', 1, '[{\"added\": {}}]', 8, 3);
INSERT INTO `django_admin_log` (`id`, `action_time`, `object_id`, `object_repr`, `action_flag`, `change_message`, `content_type_id`, `user_id`) VALUES (313, '2023-05-07 10:40:49.670033', '7', '知乎', 1, '[{\"added\": {}}]', 8, 3);
INSERT INTO `django_admin_log` (`id`, `action_time`, `object_id`, `object_repr`, `action_flag`, `change_message`, `content_type_id`, `user_id`) VALUES (314, '2023-05-07 10:41:28.116747', '8', '力扣', 1, '[{\"added\": {}}]', 8, 3);
INSERT INTO `django_admin_log` (`id`, `action_time`, `object_id`, `object_repr`, `action_flag`, `change_message`, `content_type_id`, `user_id`) VALUES (315, '2023-05-07 10:43:58.771463', '22', '写得很好，小白一个，来学习啦～', 1, '[{\"added\": {}}]', 14, 3);
INSERT INTO `django_admin_log` (`id`, `action_time`, `object_id`, `object_repr`, `action_flag`, `change_message`, `content_type_id`, `user_id`) VALUES (316, '2023-05-07 11:00:52.899606', '22', ':kissing_heart:写得很好，小白一个，来学习啦～', 2, '[{\"changed\": {\"fields\": [\"\\u6b63\\u6587\"]}}]', 14, 3);
INSERT INTO `django_admin_log` (`id`, `action_time`, `object_id`, `object_repr`, `action_flag`, `change_message`, `content_type_id`, `user_id`) VALUES (317, '2023-05-07 11:02:13.639244', '22', '初识Django（一）：Django简介', 2, '[{\"changed\": {\"fields\": [\"\\u6b63\\u6587\"]}}]', 12, 3);
INSERT INTO `django_admin_log` (`id`, `action_time`, `object_id`, `object_repr`, `action_flag`, `change_message`, `content_type_id`, `user_id`) VALUES (318, '2023-05-07 11:02:44.899221', '22', '初识Django（一）：Django简介', 2, '[{\"changed\": {\"fields\": [\"\\u6b63\\u6587\", \"\\u6d4f\\u89c8\\u91cf\"]}}]', 12, 3);
INSERT INTO `django_admin_log` (`id`, `action_time`, `object_id`, `object_repr`, `action_flag`, `change_message`, `content_type_id`, `user_id`) VALUES (319, '2023-05-07 11:02:52.174078', '22', '写得很好，小白一个，来学习啦～', 2, '[{\"changed\": {\"fields\": [\"\\u6b63\\u6587\"]}}]', 14, 3);
INSERT INTO `django_admin_log` (`id`, `action_time`, `object_id`, `object_repr`, `action_flag`, `change_message`, `content_type_id`, `user_id`) VALUES (320, '2023-05-07 14:39:48.026470', '36', '周杰伦的影响力到底有多大？', 2, '[{\"changed\": {\"fields\": [\"\\u6392\\u5e8f,\\u6570\\u5b57\\u8d8a\\u5927\\u8d8a\\u9760\\u524d\"]}}]', 12, 3);
INSERT INTO `django_admin_log` (`id`, `action_time`, `object_id`, `object_repr`, `action_flag`, `change_message`, `content_type_id`, `user_id`) VALUES (321, '2023-05-07 14:39:59.046208', '36', '周杰伦的影响力到底有多大？', 2, '[{\"changed\": {\"fields\": [\"\\u6392\\u5e8f,\\u6570\\u5b57\\u8d8a\\u5927\\u8d8a\\u9760\\u524d\"]}}]', 12, 3);
INSERT INTO `django_admin_log` (`id`, `action_time`, `object_id`, `object_repr`, `action_flag`, `change_message`, `content_type_id`, `user_id`) VALUES (322, '2023-05-07 14:40:24.202898', '21', 'chatGPT 使用笔记（二）——chatGPT API的使用', 2, '[{\"changed\": {\"fields\": [\"\\u6392\\u5e8f,\\u6570\\u5b57\\u8d8a\\u5927\\u8d8a\\u9760\\u524d\"]}}]', 12, 3);
INSERT INTO `django_admin_log` (`id`, `action_time`, `object_id`, `object_repr`, `action_flag`, `change_message`, `content_type_id`, `user_id`) VALUES (323, '2023-05-07 14:42:24.134095', '21', 'chatGPT 使用笔记（二）——chatGPT API的使用', 2, '[{\"changed\": {\"fields\": [\"\\u6d4f\\u89c8\\u91cf\"]}}]', 12, 3);
INSERT INTO `django_admin_log` (`id`, `action_time`, `object_id`, `object_repr`, `action_flag`, `change_message`, `content_type_id`, `user_id`) VALUES (324, '2023-05-07 14:42:39.270120', '21', 'chatGPT 使用笔记（二）——chatGPT API的使用', 2, '[{\"changed\": {\"fields\": [\"\\u6d4f\\u89c8\\u91cf\"]}}]', 12, 3);
INSERT INTO `django_admin_log` (`id`, `action_time`, `object_id`, `object_repr`, `action_flag`, `change_message`, `content_type_id`, `user_id`) VALUES (325, '2023-05-08 09:02:47.665089', '8', '力扣', 2, '[{\"changed\": {\"fields\": [\"\\u663e\\u793a\\u7c7b\\u578b\"]}}]', 8, 3);
INSERT INTO `django_admin_log` (`id`, `action_time`, `object_id`, `object_repr`, `action_flag`, `change_message`, `content_type_id`, `user_id`) VALUES (326, '2023-05-08 09:02:53.337302', '4', '小米', 2, '[{\"changed\": {\"fields\": [\"\\u663e\\u793a\\u7c7b\\u578b\"]}}]', 8, 3);
INSERT INTO `django_admin_log` (`id`, `action_time`, `object_id`, `object_repr`, `action_flag`, `change_message`, `content_type_id`, `user_id`) VALUES (327, '2023-05-08 09:02:58.553179', '5', '苹果', 2, '[{\"changed\": {\"fields\": [\"\\u663e\\u793a\\u7c7b\\u578b\"]}}]', 8, 3);
INSERT INTO `django_admin_log` (`id`, `action_time`, `object_id`, `object_repr`, `action_flag`, `change_message`, `content_type_id`, `user_id`) VALUES (328, '2023-05-08 09:03:02.108763', '7', '知乎', 2, '[{\"changed\": {\"fields\": [\"\\u663e\\u793a\\u7c7b\\u578b\"]}}]', 8, 3);
INSERT INTO `django_admin_log` (`id`, `action_time`, `object_id`, `object_repr`, `action_flag`, `change_message`, `content_type_id`, `user_id`) VALUES (329, '2023-05-08 09:03:06.380167', '6', '哔哩哔哩', 2, '[]', 8, 3);
INSERT INTO `django_admin_log` (`id`, `action_time`, `object_id`, `object_repr`, `action_flag`, `change_message`, `content_type_id`, `user_id`) VALUES (330, '2023-05-08 09:05:12.717051', '6', '哔哩哔哩', 2, '[{\"changed\": {\"fields\": [\"\\u6392\\u5e8f\"]}}]', 8, 3);
INSERT INTO `django_admin_log` (`id`, `action_time`, `object_id`, `object_repr`, `action_flag`, `change_message`, `content_type_id`, `user_id`) VALUES (331, '2023-05-08 09:05:18.368959', '8', '力扣', 2, '[{\"changed\": {\"fields\": [\"\\u6392\\u5e8f\"]}}]', 8, 3);
INSERT INTO `django_admin_log` (`id`, `action_time`, `object_id`, `object_repr`, `action_flag`, `change_message`, `content_type_id`, `user_id`) VALUES (332, '2023-05-08 09:28:53.597279', '13', 'czyh@163.com', 2, '[{\"changed\": {\"fields\": [\"Active\", \"Groups\", \"Last login\"]}}]', 13, 3);
INSERT INTO `django_admin_log` (`id`, `action_time`, `object_id`, `object_repr`, `action_flag`, `change_message`, `content_type_id`, `user_id`) VALUES (333, '2023-05-08 09:30:14.519593', '23', '支持!', 2, '[{\"changed\": {\"fields\": [\"\\u6b63\\u6587\"]}}]', 14, 3);
INSERT INTO `django_admin_log` (`id`, `action_time`, `object_id`, `object_repr`, `action_flag`, `change_message`, `content_type_id`, `user_id`) VALUES (334, '2023-05-08 09:33:02.146815', '1', '文章摘要', 1, '[{\"added\": {}}]', 9, 3);
INSERT INTO `django_admin_log` (`id`, `action_time`, `object_id`, `object_repr`, `action_flag`, `change_message`, `content_type_id`, `user_id`) VALUES (335, '2023-05-08 09:34:48.408938', '1', '公告', 2, '[{\"changed\": {\"fields\": [\"\\u6807\\u9898\", \"\\u5185\\u5bb9\", \"\\u6392\\u5e8f\"]}}]', 9, 3);
INSERT INTO `django_admin_log` (`id`, `action_time`, `object_id`, `object_repr`, `action_flag`, `change_message`, `content_type_id`, `user_id`) VALUES (336, '2023-05-08 09:35:07.742765', '1', '公告', 2, '[{\"changed\": {\"fields\": [\"\\u6392\\u5e8f\"]}}]', 9, 3);
INSERT INTO `django_admin_log` (`id`, `action_time`, `object_id`, `object_repr`, `action_flag`, `change_message`, `content_type_id`, `user_id`) VALUES (337, '2023-05-08 09:35:20.950873', '1', '公告', 2, '[{\"changed\": {\"fields\": [\"\\u662f\\u5426\\u542f\\u7528\"]}}]', 9, 3);
INSERT INTO `django_admin_log` (`id`, `action_time`, `object_id`, `object_repr`, `action_flag`, `change_message`, `content_type_id`, `user_id`) VALUES (338, '2023-05-08 09:35:48.436789', '1', '公告', 2, '[{\"changed\": {\"fields\": [\"\\u662f\\u5426\\u542f\\u7528\"]}}]', 9, 3);
INSERT INTO `django_admin_log` (`id`, `action_time`, `object_id`, `object_repr`, `action_flag`, `change_message`, `content_type_id`, `user_id`) VALUES (339, '2023-05-08 09:36:41.726929', '1', '公告', 2, '[{\"changed\": {\"fields\": [\"\\u662f\\u5426\\u542f\\u7528\"]}}]', 9, 3);
INSERT INTO `django_admin_log` (`id`, `action_time`, `object_id`, `object_repr`, `action_flag`, `change_message`, `content_type_id`, `user_id`) VALUES (340, '2023-05-08 16:42:24.601077', '21', 'chatGPT 使用笔记（二）——chatGPT API的使用', 2, '[{\"changed\": {\"fields\": [\"\\u6392\\u5e8f,\\u6570\\u5b57\\u8d8a\\u5927\\u8d8a\\u9760\\u524d\"]}}]', 12, 3);
INSERT INTO `django_admin_log` (`id`, `action_time`, `object_id`, `object_repr`, `action_flag`, `change_message`, `content_type_id`, `user_id`) VALUES (341, '2023-05-08 16:45:45.039371', '1', '大佬写的不错！已关注，求0', 2, '[{\"changed\": {\"fields\": [\"\\u6587\\u7ae0\"]}}]', 14, 3);
INSERT INTO `django_admin_log` (`id`, `action_time`, `object_id`, `object_repr`, `action_flag`, `change_message`, `content_type_id`, `user_id`) VALUES (342, '2023-05-08 16:46:01.290073', '6', '老板，调用的时候提示，连接失败什么情况', 2, '[{\"changed\": {\"fields\": [\"\\u6587\\u7ae0\"]}}]', 14, 3);
INSERT INTO `django_admin_log` (`id`, `action_time`, `object_id`, `object_repr`, `action_flag`, `change_message`, `content_type_id`, `user_id`) VALUES (343, '2023-05-08 16:46:25.772526', '2', '作者你好 请问我调用后没有输出任何文字就结束了，但是也没有报错，这个情况如何解决？', 2, '[{\"changed\": {\"fields\": [\"\\u6b63\\u6587\", \"\\u6587\\u7ae0\"]}}]', 14, 3);
INSERT INTO `django_admin_log` (`id`, `action_time`, `object_id`, `object_repr`, `action_flag`, `change_message`, `content_type_id`, `user_id`) VALUES (344, '2023-05-08 16:46:42.220975', '3', '我这貌似是tz问题，后来换了tz之后可以了', 2, '[{\"changed\": {\"fields\": [\"\\u6587\\u7ae0\"]}}]', 14, 3);
INSERT INTO `django_admin_log` (`id`, `action_time`, `object_id`, `object_repr`, `action_flag`, `change_message`, `content_type_id`, `user_id`) VALUES (345, '2023-05-08 16:46:50.095607', '4', '什么都没显示？我没遇到过', 2, '[{\"changed\": {\"fields\": [\"\\u6587\\u7ae0\"]}}]', 14, 3);
INSERT INTO `django_admin_log` (`id`, `action_time`, `object_id`, `object_repr`, `action_flag`, `change_message`, `content_type_id`, `user_id`) VALUES (346, '2023-05-08 16:46:58.733097', '5', '我也是这个情况', 2, '[{\"changed\": {\"fields\": [\"\\u6587\\u7ae0\"]}}]', 14, 3);
INSERT INTO `django_admin_log` (`id`, `action_time`, `object_id`, `object_repr`, `action_flag`, `change_message`, `content_type_id`, `user_id`) VALUES (347, '2023-05-08 16:47:10.643836', '7', '欸 提示什么错误呢？', 2, '[{\"changed\": {\"fields\": [\"\\u6587\\u7ae0\"]}}]', 14, 3);
INSERT INTO `django_admin_log` (`id`, `action_time`, `object_id`, `object_repr`, `action_flag`, `change_message`, `content_type_id`, `user_id`) VALUES (348, '2023-05-08 16:47:22.149115', '8', '人生苦短，我用python！', 2, '[{\"changed\": {\"fields\": [\"\\u6587\\u7ae0\"]}}]', 14, 3);
INSERT INTO `django_admin_log` (`id`, `action_time`, `object_id`, `object_repr`, `action_flag`, `change_message`, `content_type_id`, `user_id`) VALUES (349, '2023-05-08 16:47:32.686448', '9', '此生无悔学python!', 2, '[{\"changed\": {\"fields\": [\"\\u6587\\u7ae0\"]}}]', 14, 3);
INSERT INTO `django_admin_log` (`id`, `action_time`, `object_id`, `object_repr`, `action_flag`, `change_message`, `content_type_id`, `user_id`) VALUES (350, '2023-05-08 16:47:52.896408', '27', '初识Django（六）：模版语言', 2, '[{\"changed\": {\"fields\": [\"\\u6392\\u5e8f,\\u6570\\u5b57\\u8d8a\\u5927\\u8d8a\\u9760\\u524d\"]}}]', 12, 3);
INSERT INTO `django_admin_log` (`id`, `action_time`, `object_id`, `object_repr`, `action_flag`, `change_message`, `content_type_id`, `user_id`) VALUES (351, '2023-05-08 16:47:53.232055', '27', '初识Django（六）：模版语言', 2, '[{\"changed\": {\"fields\": [\"\\u6392\\u5e8f,\\u6570\\u5b57\\u8d8a\\u5927\\u8d8a\\u9760\\u524d\"]}}]', 12, 3);
INSERT INTO `django_admin_log` (`id`, `action_time`, `object_id`, `object_repr`, `action_flag`, `change_message`, `content_type_id`, `user_id`) VALUES (352, '2023-05-08 16:48:16.526059', '27', '初识Django（六）：模版语言', 2, '[{\"changed\": {\"fields\": [\"\\u6392\\u5e8f,\\u6570\\u5b57\\u8d8a\\u5927\\u8d8a\\u9760\\u524d\"]}}]', 12, 3);
INSERT INTO `django_admin_log` (`id`, `action_time`, `object_id`, `object_repr`, `action_flag`, `change_message`, `content_type_id`, `user_id`) VALUES (353, '2023-05-08 16:48:39.434750', '27', '初识Django（六）：模版语言', 2, '[{\"changed\": {\"fields\": [\"\\u6d4f\\u89c8\\u91cf\"]}}]', 12, 3);
INSERT INTO `django_admin_log` (`id`, `action_time`, `object_id`, `object_repr`, `action_flag`, `change_message`, `content_type_id`, `user_id`) VALUES (354, '2023-05-08 16:48:58.780998', '21', 'chatGPT 使用笔记（二）——chatGPT API的使用', 2, '[{\"changed\": {\"fields\": [\"\\u6d4f\\u89c8\\u91cf\"]}}]', 12, 3);
INSERT INTO `django_admin_log` (`id`, `action_time`, `object_id`, `object_repr`, `action_flag`, `change_message`, `content_type_id`, `user_id`) VALUES (355, '2023-05-12 20:33:17.205861', '5', 'marsk27@163.com', 2, '[{\"changed\": {\"fields\": [\"Last login\"]}}]', 13, 3);
INSERT INTO `django_admin_log` (`id`, `action_time`, `object_id`, `object_repr`, `action_flag`, `change_message`, `content_type_id`, `user_id`) VALUES (356, '2023-05-12 20:33:51.568769', '11', 'chloe@163.com', 2, '[{\"changed\": {\"fields\": [\"Staff status\", \"Last login\"]}}]', 13, 3);
INSERT INTO `django_admin_log` (`id`, `action_time`, `object_id`, `object_repr`, `action_flag`, `change_message`, `content_type_id`, `user_id`) VALUES (357, '2023-05-12 20:34:23.073800', '11', 'chloe@163.com', 2, '[{\"changed\": {\"fields\": [\"Staff status\", \"Last login\"]}}]', 13, 3);
INSERT INTO `django_admin_log` (`id`, `action_time`, `object_id`, `object_repr`, `action_flag`, `change_message`, `content_type_id`, `user_id`) VALUES (358, '2023-05-12 20:47:51.629418', '5', 'marsk27@163.com', 2, '[{\"changed\": {\"fields\": [\"User permissions\", \"Last login\"]}}]', 13, 3);
INSERT INTO `django_admin_log` (`id`, `action_time`, `object_id`, `object_repr`, `action_flag`, `change_message`, `content_type_id`, `user_id`) VALUES (359, '2023-05-12 20:48:21.372911', '12', 'ssdd@163.com', 2, '[{\"changed\": {\"fields\": [\"Superuser status\"]}}]', 13, 3);
INSERT INTO `django_admin_log` (`id`, `action_time`, `object_id`, `object_repr`, `action_flag`, `change_message`, `content_type_id`, `user_id`) VALUES (360, '2023-05-12 20:48:31.036912', '4', 'jay@163.com', 2, '[{\"changed\": {\"fields\": [\"Superuser status\"]}}]', 13, 3);
INSERT INTO `django_admin_log` (`id`, `action_time`, `object_id`, `object_repr`, `action_flag`, `change_message`, `content_type_id`, `user_id`) VALUES (361, '2023-05-12 20:50:13.166961', '4', 'jay@163.com', 2, '[{\"changed\": {\"fields\": [\"User permissions\"]}}]', 13, 3);
INSERT INTO `django_admin_log` (`id`, `action_time`, `object_id`, `object_repr`, `action_flag`, `change_message`, `content_type_id`, `user_id`) VALUES (362, '2023-05-12 20:51:49.945612', '4', 'jay@163.com', 2, '[{\"changed\": {\"fields\": [\"User permissions\", \"Last login\"]}}]', 13, 3);
INSERT INTO `django_admin_log` (`id`, `action_time`, `object_id`, `object_repr`, `action_flag`, `change_message`, `content_type_id`, `user_id`) VALUES (363, '2023-05-12 20:53:41.949672', '4', 'jay@163.com', 2, '[{\"changed\": {\"fields\": [\"Groups\", \"User permissions\", \"Last login\"]}}]', 13, 3);
INSERT INTO `django_admin_log` (`id`, `action_time`, `object_id`, `object_repr`, `action_flag`, `change_message`, `content_type_id`, `user_id`) VALUES (364, '2023-05-12 20:53:58.567938', '4', 'jay@163.com', 2, '[]', 13, 3);
INSERT INTO `django_admin_log` (`id`, `action_time`, `object_id`, `object_repr`, `action_flag`, `change_message`, `content_type_id`, `user_id`) VALUES (365, '2023-05-12 20:54:24.887861', '27', '初识Django（六）：模版语言', 2, '[]', 12, 4);
INSERT INTO `django_admin_log` (`id`, `action_time`, `object_id`, `object_repr`, `action_flag`, `change_message`, `content_type_id`, `user_id`) VALUES (366, '2023-05-12 20:55:37.177132', '5', 'marsk27@163.com', 2, '[{\"changed\": {\"fields\": [\"User permissions\", \"Last login\"]}}]', 13, 3);
INSERT INTO `django_admin_log` (`id`, `action_time`, `object_id`, `object_repr`, `action_flag`, `change_message`, `content_type_id`, `user_id`) VALUES (367, '2023-05-12 20:55:49.158020', '12', 'ssdd@163.com', 2, '[{\"changed\": {\"fields\": [\"User permissions\"]}}]', 13, 3);
INSERT INTO `django_admin_log` (`id`, `action_time`, `object_id`, `object_repr`, `action_flag`, `change_message`, `content_type_id`, `user_id`) VALUES (368, '2023-05-12 20:55:56.292140', '4', 'jay@163.com', 2, '[{\"changed\": {\"fields\": [\"Groups\", \"Last login\"]}}]', 13, 3);
INSERT INTO `django_admin_log` (`id`, `action_time`, `object_id`, `object_repr`, `action_flag`, `change_message`, `content_type_id`, `user_id`) VALUES (369, '2023-05-14 16:42:17.390185', '3', 'marsk7@qq.com', 2, '[{\"changed\": {\"fields\": [\"Last login\", \"Date joined\"]}}]', 13, 5);
INSERT INTO `django_admin_log` (`id`, `action_time`, `object_id`, `object_repr`, `action_flag`, `change_message`, `content_type_id`, `user_id`) VALUES (370, '2023-05-14 16:42:37.159190', '4', 'jay@163.com', 2, '[{\"changed\": {\"fields\": [\"Date joined\"]}}]', 13, 5);
INSERT INTO `django_admin_log` (`id`, `action_time`, `object_id`, `object_repr`, `action_flag`, `change_message`, `content_type_id`, `user_id`) VALUES (371, '2023-05-14 16:42:46.297221', '5', 'marsk27@163.com', 2, '[{\"changed\": {\"fields\": [\"Last login\", \"Date joined\"]}}]', 13, 5);
INSERT INTO `django_admin_log` (`id`, `action_time`, `object_id`, `object_repr`, `action_flag`, `change_message`, `content_type_id`, `user_id`) VALUES (372, '2023-05-14 16:42:53.415782', '12', 'ssdd@163.com', 2, '[{\"changed\": {\"fields\": [\"Date joined\"]}}]', 13, 5);
INSERT INTO `django_admin_log` (`id`, `action_time`, `object_id`, `object_repr`, `action_flag`, `change_message`, `content_type_id`, `user_id`) VALUES (373, '2023-05-14 16:43:06.934208', '6', 'tlxb@163.com', 2, '[{\"changed\": {\"fields\": [\"Date joined\"]}}]', 13, 5);
INSERT INTO `django_admin_log` (`id`, `action_time`, `object_id`, `object_repr`, `action_flag`, `change_message`, `content_type_id`, `user_id`) VALUES (374, '2023-05-14 16:43:14.081286', '7', 'jasmine@163.com', 2, '[{\"changed\": {\"fields\": [\"Date joined\"]}}]', 13, 5);
INSERT INTO `django_admin_log` (`id`, `action_time`, `object_id`, `object_repr`, `action_flag`, `change_message`, `content_type_id`, `user_id`) VALUES (375, '2023-05-14 16:43:20.703925', '8', 'cmp@163.com', 2, '[{\"changed\": {\"fields\": [\"Date joined\"]}}]', 13, 5);
INSERT INTO `django_admin_log` (`id`, `action_time`, `object_id`, `object_repr`, `action_flag`, `change_message`, `content_type_id`, `user_id`) VALUES (376, '2023-05-14 16:43:28.476163', '9', 'mtw@163.com', 2, '[{\"changed\": {\"fields\": [\"Date joined\"]}}]', 13, 5);
INSERT INTO `django_admin_log` (`id`, `action_time`, `object_id`, `object_repr`, `action_flag`, `change_message`, `content_type_id`, `user_id`) VALUES (377, '2023-05-14 16:43:34.093593', '10', 'vmeyer@163.com', 2, '[{\"changed\": {\"fields\": [\"Date joined\"]}}]', 13, 5);
INSERT INTO `django_admin_log` (`id`, `action_time`, `object_id`, `object_repr`, `action_flag`, `change_message`, `content_type_id`, `user_id`) VALUES (378, '2023-05-14 16:43:42.075691', '11', 'chloe@163.com', 2, '[{\"changed\": {\"fields\": [\"Last login\", \"Date joined\"]}}]', 13, 5);
INSERT INTO `django_admin_log` (`id`, `action_time`, `object_id`, `object_repr`, `action_flag`, `change_message`, `content_type_id`, `user_id`) VALUES (379, '2023-05-14 16:43:48.325772', '13', 'czyh@163.com', 2, '[{\"changed\": {\"fields\": [\"Last login\", \"Date joined\"]}}]', 13, 5);
INSERT INTO `django_admin_log` (`id`, `action_time`, `object_id`, `object_repr`, `action_flag`, `change_message`, `content_type_id`, `user_id`) VALUES (380, '2023-05-14 21:16:15.667685', '14', 'wei@163.com', 2, '[{\"changed\": {\"fields\": [\"Active\"]}}]', 13, 3);
INSERT INTO `django_admin_log` (`id`, `action_time`, `object_id`, `object_repr`, `action_flag`, `change_message`, `content_type_id`, `user_id`) VALUES (381, '2023-05-14 21:17:18.428916', '14', 'wei@163.com', 3, '', 13, 3);
INSERT INTO `django_admin_log` (`id`, `action_time`, `object_id`, `object_repr`, `action_flag`, `change_message`, `content_type_id`, `user_id`) VALUES (382, '2023-05-15 11:28:41.791524', '24', '初识Django（三）：Settings.py', 2, '[{\"changed\": {\"fields\": [\"\\u6b63\\u6587\"]}}]', 12, 3);
INSERT INTO `django_admin_log` (`id`, `action_time`, `object_id`, `object_repr`, `action_flag`, `change_message`, `content_type_id`, `user_id`) VALUES (383, '2023-05-15 11:29:18.198617', '26', '初识Django（五）：视图与UrlPattern', 2, '[]', 12, 3);
INSERT INTO `django_admin_log` (`id`, `action_time`, `object_id`, `object_repr`, `action_flag`, `change_message`, `content_type_id`, `user_id`) VALUES (384, '2023-05-18 16:00:05.051681', '1', '布洛戈', 2, '[{\"changed\": {\"fields\": [\"\\u6587\\u7ae0\\u6458\\u8981\\u957f\\u5ea6\"]}}]', 7, 3);
INSERT INTO `django_admin_log` (`id`, `action_time`, `object_id`, `object_repr`, `action_flag`, `change_message`, `content_type_id`, `user_id`) VALUES (385, '2023-05-18 16:00:51.366380', '1', '布洛戈', 2, '[{\"changed\": {\"fields\": [\"\\u7f51\\u7ad9\\u7edf\\u8ba1\\u4ee3\\u7801\"]}}]', 7, 3);
INSERT INTO `django_admin_log` (`id`, `action_time`, `object_id`, `object_repr`, `action_flag`, `change_message`, `content_type_id`, `user_id`) VALUES (386, '2023-05-18 16:01:35.396165', '1', '布洛戈', 2, '[{\"changed\": {\"fields\": [\"\\u7f51\\u7ad9\\u7edf\\u8ba1\\u4ee3\\u7801\"]}}]', 7, 3);
INSERT INTO `django_admin_log` (`id`, `action_time`, `object_id`, `object_repr`, `action_flag`, `change_message`, `content_type_id`, `user_id`) VALUES (387, '2023-05-18 16:08:44.523831', '1', '布洛戈', 2, '[{\"changed\": {\"fields\": [\"\\u7f51\\u7ad9\\u5173\\u952e\\u5b57\"]}}]', 7, 3);
INSERT INTO `django_admin_log` (`id`, `action_time`, `object_id`, `object_repr`, `action_flag`, `change_message`, `content_type_id`, `user_id`) VALUES (388, '2023-05-18 17:11:32.703610', '41', 'test', 1, '[{\"added\": {}}]', 12, 3);
INSERT INTO `django_admin_log` (`id`, `action_time`, `object_id`, `object_repr`, `action_flag`, `change_message`, `content_type_id`, `user_id`) VALUES (389, '2023-05-18 17:12:30.388698', '41', 'test', 2, '[{\"changed\": {\"fields\": [\"\\u6392\\u5e8f,\\u6570\\u5b57\\u8d8a\\u5927\\u8d8a\\u9760\\u524d\"]}}]', 12, 3);
INSERT INTO `django_admin_log` (`id`, `action_time`, `object_id`, `object_repr`, `action_flag`, `change_message`, `content_type_id`, `user_id`) VALUES (390, '2023-05-18 17:13:05.729649', '41', 'test', 3, '', 12, 3);
INSERT INTO `django_admin_log` (`id`, `action_time`, `object_id`, `object_repr`, `action_flag`, `change_message`, `content_type_id`, `user_id`) VALUES (391, '2023-05-18 17:13:58.819860', '42', 'teat', 1, '[{\"added\": {}}]', 12, 4);
INSERT INTO `django_admin_log` (`id`, `action_time`, `object_id`, `object_repr`, `action_flag`, `change_message`, `content_type_id`, `user_id`) VALUES (392, '2023-05-18 17:24:14.918801', '42', 'teat', 3, '', 12, 3);
INSERT INTO `django_admin_log` (`id`, `action_time`, `object_id`, `object_repr`, `action_flag`, `change_message`, `content_type_id`, `user_id`) VALUES (393, '2023-05-18 17:24:42.871708', '36', '周杰伦的影响力到底有多大？', 2, '[]', 12, 3);
INSERT INTO `django_admin_log` (`id`, `action_time`, `object_id`, `object_repr`, `action_flag`, `change_message`, `content_type_id`, `user_id`) VALUES (394, '2023-05-18 17:25:05.427592', '36', '周杰伦的影响力到底有多大？', 2, '[]', 12, 4);
INSERT INTO `django_admin_log` (`id`, `action_time`, `object_id`, `object_repr`, `action_flag`, `change_message`, `content_type_id`, `user_id`) VALUES (395, '2023-05-21 16:32:49.410246', '2', 'Marsk', 2, '[{\"changed\": {\"fields\": [\"\\u7eac\\u5ea6\", \"\\u7ecf\\u5ea6\"]}}]', 19, 3);
INSERT INTO `django_admin_log` (`id`, `action_time`, `object_id`, `object_repr`, `action_flag`, `change_message`, `content_type_id`, `user_id`) VALUES (396, '2023-05-21 16:32:55.665821', '1', 'Marsk', 2, '[{\"changed\": {\"fields\": [\"\\u7eac\\u5ea6\", \"\\u7ecf\\u5ea6\"]}}]', 19, 3);
INSERT INTO `django_admin_log` (`id`, `action_time`, `object_id`, `object_repr`, `action_flag`, `change_message`, `content_type_id`, `user_id`) VALUES (397, '2023-05-21 18:03:02.947741', '3', 'Marsk', 1, '[{\"added\": {}}]', 19, 3);
INSERT INTO `django_admin_log` (`id`, `action_time`, `object_id`, `object_repr`, `action_flag`, `change_message`, `content_type_id`, `user_id`) VALUES (398, '2023-05-23 11:11:33.790201', '2', 'github', 1, '[{\"added\": {}}]', 15, 3);
INSERT INTO `django_admin_log` (`id`, `action_time`, `object_id`, `object_repr`, `action_flag`, `change_message`, `content_type_id`, `user_id`) VALUES (399, '2023-05-23 15:02:37.805821', '3', 'weibo', 1, '[{\"added\": {}}]', 15, 3);
INSERT INTO `django_admin_log` (`id`, `action_time`, `object_id`, `object_repr`, `action_flag`, `change_message`, `content_type_id`, `user_id`) VALUES (400, '2023-05-25 13:30:06.188634', '3', 'weibo', 2, '[{\"changed\": {\"fields\": [\"\\u662f\\u5426\\u663e\\u793a\"]}}]', 15, 3);
INSERT INTO `django_admin_log` (`id`, `action_time`, `object_id`, `object_repr`, `action_flag`, `change_message`, `content_type_id`, `user_id`) VALUES (401, '2023-05-25 13:30:09.772795', '1', 'qq', 2, '[{\"changed\": {\"fields\": [\"\\u662f\\u5426\\u663e\\u793a\"]}}]', 15, 3);
INSERT INTO `django_admin_log` (`id`, `action_time`, `object_id`, `object_repr`, `action_flag`, `change_message`, `content_type_id`, `user_id`) VALUES (402, '2023-05-25 13:36:34.721896', '15', 'test@t.com', 3, '', 13, 3);
INSERT INTO `django_admin_log` (`id`, `action_time`, `object_id`, `object_repr`, `action_flag`, `change_message`, `content_type_id`, `user_id`) VALUES (403, '2023-05-25 14:18:32.226803', '20', 'chatGPT 使用笔记（一）——文本代码显示不全的问题解决', 2, '[{\"changed\": {\"fields\": [\"\\u6587\\u7ae0\\u72b6\\u6001\"]}}]', 12, 3);
INSERT INTO `django_admin_log` (`id`, `action_time`, `object_id`, `object_repr`, `action_flag`, `change_message`, `content_type_id`, `user_id`) VALUES (404, '2023-05-25 14:18:44.534040', '21', 'chatGPT 使用笔记（二）——chatGPT API的使用', 2, '[{\"changed\": {\"fields\": [\"\\u6587\\u7ae0\\u72b6\\u6001\"]}}]', 12, 3);
INSERT INTO `django_admin_log` (`id`, `action_time`, `object_id`, `object_repr`, `action_flag`, `change_message`, `content_type_id`, `user_id`) VALUES (405, '2023-05-25 14:19:27.654881', '4', 'ChatGpt', 3, '', 11, 3);
INSERT INTO `django_admin_log` (`id`, `action_time`, `object_id`, `object_repr`, `action_flag`, `change_message`, `content_type_id`, `user_id`) VALUES (406, '2023-05-25 14:19:36.004871', '21', 'ChatGPT', 3, '', 10, 3);
INSERT INTO `django_admin_log` (`id`, `action_time`, `object_id`, `object_repr`, `action_flag`, `change_message`, `content_type_id`, `user_id`) VALUES (407, '2023-05-25 14:33:04.275159', '10', '果然是黑暗骑士，ta的视频是真的yyds！', 2, '[{\"changed\": {\"fields\": [\"\\u662f\\u5426\\u663e\\u793a\"]}}]', 14, 3);
INSERT INTO `django_admin_log` (`id`, `action_time`, `object_id`, `object_repr`, `action_flag`, `change_message`, `content_type_id`, `user_id`) VALUES (408, '2023-05-25 16:12:16.792219', '24', '支持！', 2, '[{\"changed\": {\"fields\": [\"\\u662f\\u5426\\u663e\\u793a\"]}}]', 14, 3);
INSERT INTO `django_admin_log` (`id`, `action_time`, `object_id`, `object_repr`, `action_flag`, `change_message`, `content_type_id`, `user_id`) VALUES (409, '2023-05-25 16:14:51.636784', '25', '非常支持！', 3, '', 14, 3);
INSERT INTO `django_admin_log` (`id`, `action_time`, `object_id`, `object_repr`, `action_flag`, `change_message`, `content_type_id`, `user_id`) VALUES (410, '2023-05-25 16:14:51.640017', '24', '支持！', 3, '', 14, 3);
INSERT INTO `django_admin_log` (`id`, `action_time`, `object_id`, `object_repr`, `action_flag`, `change_message`, `content_type_id`, `user_id`) VALUES (411, '2023-05-29 19:15:56.985553', '1', 'djangoblog230525034150', 2, '[]', 16, 3);
INSERT INTO `django_admin_log` (`id`, `action_time`, `object_id`, `object_repr`, `action_flag`, `change_message`, `content_type_id`, `user_id`) VALUES (412, '2023-05-29 19:16:31.181525', '3', 'marsk7@qq.com', 2, '[{\"changed\": {\"fields\": [\"User permissions\", \"Last login\"]}}]', 13, 3);
INSERT INTO `django_admin_log` (`id`, `action_time`, `object_id`, `object_repr`, `action_flag`, `change_message`, `content_type_id`, `user_id`) VALUES (413, '2023-05-29 20:02:01.255519', '32', '扩展Django（一）：Django接入微信公众平台', 2, '[{\"changed\": {\"fields\": [\"\\u7c7b\\u578b\"]}}]', 12, 3);
INSERT INTO `django_admin_log` (`id`, `action_time`, `object_id`, `object_repr`, `action_flag`, `change_message`, `content_type_id`, `user_id`) VALUES (414, '2023-05-29 20:03:00.818422', '32', '扩展Django（一）：Django接入微信公众平台', 2, '[{\"changed\": {\"fields\": [\"\\u7c7b\\u578b\"]}}]', 12, 3);
INSERT INTO `django_admin_log` (`id`, `action_time`, `object_id`, `object_repr`, `action_flag`, `change_message`, `content_type_id`, `user_id`) VALUES (415, '2023-05-29 20:04:14.511660', '34', '扩展Django（三）：模型字段实现动态赋值', 2, '[{\"changed\": {\"fields\": [\"\\u7c7b\\u578b\"]}}]', 12, 3);
INSERT INTO `django_admin_log` (`id`, `action_time`, `object_id`, `object_repr`, `action_flag`, `change_message`, `content_type_id`, `user_id`) VALUES (416, '2023-05-29 20:06:06.955781', '1', '127.0.0.1:8000', 2, '[{\"changed\": {\"fields\": [\"Domain name\", \"Display name\"]}}]', 6, 3);
INSERT INTO `django_admin_log` (`id`, `action_time`, `object_id`, `object_repr`, `action_flag`, `change_message`, `content_type_id`, `user_id`) VALUES (417, '2023-06-09 09:34:07.123212', '34', '扩展Django（三）：模型字段实现动态赋值', 2, '[]', 12, 3);
INSERT INTO `django_admin_log` (`id`, `action_time`, `object_id`, `object_repr`, `action_flag`, `change_message`, `content_type_id`, `user_id`) VALUES (418, '2023-06-09 09:40:08.536579', '34', '扩展Django（三）：模型字段实现动态赋值', 2, '[{\"changed\": {\"fields\": [\"\\u7c7b\\u578b\"]}}]', 12, 3);
INSERT INTO `django_admin_log` (`id`, `action_time`, `object_id`, `object_repr`, `action_flag`, `change_message`, `content_type_id`, `user_id`) VALUES (419, '2023-06-15 07:42:20.492917', '43', 'test', 1, '[{\"added\": {}}]', 12, 3);
INSERT INTO `django_admin_log` (`id`, `action_time`, `object_id`, `object_repr`, `action_flag`, `change_message`, `content_type_id`, `user_id`) VALUES (420, '2023-06-15 08:34:47.611486', '43', 'test', 3, '', 12, 3);
INSERT INTO `django_admin_log` (`id`, `action_time`, `object_id`, `object_repr`, `action_flag`, `change_message`, `content_type_id`, `user_id`) VALUES (421, '2023-06-15 11:30:29.725624', '44', 'Test', 1, '[{\"added\": {}}]', 12, 3);
INSERT INTO `django_admin_log` (`id`, `action_time`, `object_id`, `object_repr`, `action_flag`, `change_message`, `content_type_id`, `user_id`) VALUES (422, '2023-06-15 11:31:30.152349', '44', 'Test', 2, '[{\"changed\": {\"fields\": [\"\\u6392\\u5e8f,\\u6570\\u5b57\\u8d8a\\u5927\\u8d8a\\u9760\\u524d\"]}}]', 12, 3);
COMMIT;

-- ----------------------------
-- Table structure for django_content_type
-- ----------------------------
DROP TABLE IF EXISTS `django_content_type`;
CREATE TABLE `django_content_type` (
  `id` int NOT NULL AUTO_INCREMENT,
  `app_label` varchar(100) NOT NULL,
  `model` varchar(100) NOT NULL,
  PRIMARY KEY (`id`),
  UNIQUE KEY `django_content_type_app_label_model_76bd3d3b_uniq` (`app_label`,`model`)
) ENGINE=InnoDB AUTO_INCREMENT=20 DEFAULT CHARSET=utf8mb4 COLLATE=utf8mb4_0900_ai_ci;

-- ----------------------------
-- Records of django_content_type
-- ----------------------------
BEGIN;
INSERT INTO `django_content_type` (`id`, `app_label`, `model`) VALUES (13, 'accounts', 'bloguser');
INSERT INTO `django_content_type` (`id`, `app_label`, `model`) VALUES (1, 'admin', 'logentry');
INSERT INTO `django_content_type` (`id`, `app_label`, `model`) VALUES (3, 'auth', 'group');
INSERT INTO `django_content_type` (`id`, `app_label`, `model`) VALUES (2, 'auth', 'permission');
INSERT INTO `django_content_type` (`id`, `app_label`, `model`) VALUES (12, 'blog', 'article');
INSERT INTO `django_content_type` (`id`, `app_label`, `model`) VALUES (7, 'blog', 'blogsettings');
INSERT INTO `django_content_type` (`id`, `app_label`, `model`) VALUES (11, 'blog', 'category');
INSERT INTO `django_content_type` (`id`, `app_label`, `model`) VALUES (8, 'blog', 'links');
INSERT INTO `django_content_type` (`id`, `app_label`, `model`) VALUES (9, 'blog', 'sidebar');
INSERT INTO `django_content_type` (`id`, `app_label`, `model`) VALUES (10, 'blog', 'tag');
INSERT INTO `django_content_type` (`id`, `app_label`, `model`) VALUES (14, 'comments', 'comment');
INSERT INTO `django_content_type` (`id`, `app_label`, `model`) VALUES (4, 'contenttypes', 'contenttype');
INSERT INTO `django_content_type` (`id`, `app_label`, `model`) VALUES (15, 'oauth', 'oauthconfig');
INSERT INTO `django_content_type` (`id`, `app_label`, `model`) VALUES (16, 'oauth', 'oauthuser');
INSERT INTO `django_content_type` (`id`, `app_label`, `model`) VALUES (19, 'owntracks', 'owntracklog');
INSERT INTO `django_content_type` (`id`, `app_label`, `model`) VALUES (17, 'servermanager', 'commands');
INSERT INTO `django_content_type` (`id`, `app_label`, `model`) VALUES (18, 'servermanager', 'emailsendlog');
INSERT INTO `django_content_type` (`id`, `app_label`, `model`) VALUES (5, 'sessions', 'session');
INSERT INTO `django_content_type` (`id`, `app_label`, `model`) VALUES (6, 'sites', 'site');
COMMIT;

-- ----------------------------
-- Table structure for django_migrations
-- ----------------------------
DROP TABLE IF EXISTS `django_migrations`;
CREATE TABLE `django_migrations` (
  `id` bigint NOT NULL AUTO_INCREMENT,
  `app` varchar(255) NOT NULL,
  `name` varchar(255) NOT NULL,
  `applied` datetime(6) NOT NULL,
  PRIMARY KEY (`id`)
) ENGINE=InnoDB AUTO_INCREMENT=29 DEFAULT CHARSET=utf8mb4 COLLATE=utf8mb4_0900_ai_ci;

-- ----------------------------
-- Records of django_migrations
-- ----------------------------
BEGIN;
INSERT INTO `django_migrations` (`id`, `app`, `name`, `applied`) VALUES (1, 'contenttypes', '0001_initial', '2023-05-03 17:44:24.050651');
INSERT INTO `django_migrations` (`id`, `app`, `name`, `applied`) VALUES (2, 'contenttypes', '0002_remove_content_type_name', '2023-05-03 17:44:24.083444');
INSERT INTO `django_migrations` (`id`, `app`, `name`, `applied`) VALUES (3, 'auth', '0001_initial', '2023-05-03 17:44:24.171328');
INSERT INTO `django_migrations` (`id`, `app`, `name`, `applied`) VALUES (4, 'auth', '0002_alter_permission_name_max_length', '2023-05-03 17:44:24.200367');
INSERT INTO `django_migrations` (`id`, `app`, `name`, `applied`) VALUES (5, 'auth', '0003_alter_user_email_max_length', '2023-05-03 17:44:24.206181');
INSERT INTO `django_migrations` (`id`, `app`, `name`, `applied`) VALUES (6, 'auth', '0004_alter_user_username_opts', '2023-05-03 17:44:24.211713');
INSERT INTO `django_migrations` (`id`, `app`, `name`, `applied`) VALUES (7, 'auth', '0005_alter_user_last_login_null', '2023-05-03 17:44:24.217717');
INSERT INTO `django_migrations` (`id`, `app`, `name`, `applied`) VALUES (8, 'auth', '0006_require_contenttypes_0002', '2023-05-03 17:44:24.219758');
INSERT INTO `django_migrations` (`id`, `app`, `name`, `applied`) VALUES (9, 'auth', '0007_alter_validators_add_error_messages', '2023-05-03 17:44:24.225876');
INSERT INTO `django_migrations` (`id`, `app`, `name`, `applied`) VALUES (10, 'auth', '0008_alter_user_username_max_length', '2023-05-03 17:44:24.231725');
INSERT INTO `django_migrations` (`id`, `app`, `name`, `applied`) VALUES (11, 'auth', '0009_alter_user_last_name_max_length', '2023-05-03 17:44:24.238035');
INSERT INTO `django_migrations` (`id`, `app`, `name`, `applied`) VALUES (12, 'auth', '0010_alter_group_name_max_length', '2023-05-03 17:44:24.249589');
INSERT INTO `django_migrations` (`id`, `app`, `name`, `applied`) VALUES (13, 'auth', '0011_update_proxy_permissions', '2023-05-03 17:44:24.255244');
INSERT INTO `django_migrations` (`id`, `app`, `name`, `applied`) VALUES (14, 'auth', '0012_alter_user_first_name_max_length', '2023-05-03 17:44:24.260081');
INSERT INTO `django_migrations` (`id`, `app`, `name`, `applied`) VALUES (15, 'accounts', '0001_initial', '2023-05-03 17:44:24.344917');
INSERT INTO `django_migrations` (`id`, `app`, `name`, `applied`) VALUES (16, 'admin', '0001_initial', '2023-05-03 17:44:24.396072');
INSERT INTO `django_migrations` (`id`, `app`, `name`, `applied`) VALUES (17, 'admin', '0002_logentry_remove_auto_add', '2023-05-03 17:44:24.404611');
INSERT INTO `django_migrations` (`id`, `app`, `name`, `applied`) VALUES (18, 'admin', '0003_logentry_add_action_flag_choices', '2023-05-03 17:44:24.412819');
INSERT INTO `django_migrations` (`id`, `app`, `name`, `applied`) VALUES (19, 'blog', '0001_initial', '2023-05-03 17:44:24.565850');
INSERT INTO `django_migrations` (`id`, `app`, `name`, `applied`) VALUES (20, 'blog', '0002_blogsettings_global_footer_and_more', '2023-05-03 17:44:24.581926');
INSERT INTO `django_migrations` (`id`, `app`, `name`, `applied`) VALUES (21, 'comments', '0001_initial', '2023-05-03 17:44:24.645496');
INSERT INTO `django_migrations` (`id`, `app`, `name`, `applied`) VALUES (22, 'comments', '0002_alter_comment_is_enable', '2023-05-03 17:44:24.655718');
INSERT INTO `django_migrations` (`id`, `app`, `name`, `applied`) VALUES (23, 'oauth', '0001_initial', '2023-05-03 17:44:24.695207');
INSERT INTO `django_migrations` (`id`, `app`, `name`, `applied`) VALUES (24, 'owntracks', '0001_initial', '2023-05-03 17:44:24.703520');
INSERT INTO `django_migrations` (`id`, `app`, `name`, `applied`) VALUES (25, 'servermanager', '0001_initial', '2023-05-03 17:44:24.718228');
INSERT INTO `django_migrations` (`id`, `app`, `name`, `applied`) VALUES (26, 'sessions', '0001_initial', '2023-05-03 17:44:24.730082');
INSERT INTO `django_migrations` (`id`, `app`, `name`, `applied`) VALUES (27, 'sites', '0001_initial', '2023-05-03 17:44:24.737440');
INSERT INTO `django_migrations` (`id`, `app`, `name`, `applied`) VALUES (28, 'sites', '0002_alter_domain_unique', '2023-05-03 17:44:24.745164');
COMMIT;

-- ----------------------------
-- Table structure for django_session
-- ----------------------------
DROP TABLE IF EXISTS `django_session`;
CREATE TABLE `django_session` (
  `session_key` varchar(40) NOT NULL,
  `session_data` longtext NOT NULL,
  `expire_date` datetime(6) NOT NULL,
  PRIMARY KEY (`session_key`),
  KEY `django_session_expire_date_a5c62663` (`expire_date`)
) ENGINE=InnoDB DEFAULT CHARSET=utf8mb4 COLLATE=utf8mb4_0900_ai_ci;

-- ----------------------------
-- Records of django_session
-- ----------------------------
BEGIN;
INSERT INTO `django_session` (`session_key`, `session_data`, `expire_date`) VALUES ('flr5ewyz6wwpyve0pb3u9qw5iejuesms', '.eJy9V01v2zAM_SuFz10jf0iyexyw49BTT0tRUBLVGvUHYMcDhiL_faLdDJ2iLo7d5RLFJPXk90hR8mv0CMPu-XHosXssTXQbpdH1e5sC_YINOUDrdmh2_c1or9qnsjl4b77VUFZ33b3zNFDj99Zg9fVt5l9wz9A_OyxkkGZcSjRagDDIAXURa5sDchunGUorRCzyNObIWJpKod2DRM15gQVjBFpjM_QO68frNqJFt9Ht1TbabgceS-GGDA0NPCmsG3JmzTa6dhGlbpsp1kJ3ZeGLLjtd4eSs6c17ch_BFgxwhLUjbGri0chiJ8UM5KGrJt8GTF02G6fGT-xqaOAJuw2SgL2Ty4FtpglgzP00pxmqiiyqQzC6G2oVfsOlxPfXV59Idv9AbiwNeWPGEt8QB9bjKQcaFCTrspRZkMTaqsINwrFfkBtFWehLgwq6o2yEo5z_LfJklmZTDeh0Nj1f_CwkfsIoy1JLtVQsDTt8artfJ9T6E3YhueYz83XiwSLVilRnmtNuyCxtEZECX6paVTYv_QnJpphL6bWQoa-eCGALnlPpSkC2VC_odqWLOKHYIepCms3n5askQ2g5G9GUxKUq7eD4CDmOuJQ6s_n46uS-IQ3AS5Xo8ZxiYz_kY1vMTUK7XiSpXHGY3NGthZbgST4fzc9ISyjTL12AFp_tK4n60p1PzstGzD6CLOLMELIVSyr4nV5umi3_UcrHofNr-j_JOZ-7L2fsV3sRrHage5jM3Km26pYkOFKD59aMtwml2PjEl5xk069rK9jsAheA-QU-l1uwBy_j42ch9Q1JYLFc6WxaBdZl4TwgX3fd1u4TaNcf_ny8UY4i5--T-a-4Sihfdu4bQtfWz2nzqzv84bt4PFqDPf4foWdkYnFzWtXmpW8Q-4do_xtI7w1a:1q9KG1:zuuNnYe660vH2ynYrAsB4f9MRUZAeR8x4ctKO09VYb4', '2023-06-28 14:45:29.129597');
INSERT INTO `django_session` (`session_key`, `session_data`, `expire_date`) VALUES ('h8jdwht04y5e3ozgldms80cssks90zzi', '.eJy9V01v2zAM_SuFz10jf0iyexyw49BTT0tRUBLVGvUHYMcDhiL_faLdDJ2iLo7d5RLFJPXk90hR8mv0CMPu-XHosXssTXQbpdH1e5sC_YINOUDrdmh2_c1or9qnsjl4b77VUFZ33b3zNFDj99Zg9fVt5l9wz9A_OyxkkGZcSjRagDDIAXURa5sDchunGUorRCzyNObIWJpKod2DRM15gQVjBFpjM_QO68frNqJFt9Ht1TbabgceS-GGDA0NPCmsG3JmzTa6dhGlbpsp1kJ3ZeGLLjtd4eSs6c17ch_BFgxwhLUjbGri0chiJ8UM5KGrJt8GTF02G6fGT-xqaOAJuw2SgL2Ty4FtpglgzP00pxmqiiyqQzC6G2oVfsOlxPfXV59Idv9AbiwNeWPGEt8QB9bjKQcaFCTrspRZkMTaqsINwrFfkBtFWehLgwq6o2yEo5z_LfJklmZTDeh0Nj1f_CwkfsIoy1JLtVQsDTt8artfJ9T6E3YhueYz83XiwSLVilRnmtNuyCxtEZECX6paVTYv_QnJpphL6bWQoa-eCGALnlPpSkC2VC_odqWLOKHYIepCms3n5askQ2g5G9GUxKUq7eD4CDmOuJQ6s_n46uS-IQ3AS5Xo8ZxiYz_kY1vMTUK7XiSpXHGY3NGthZbgST4fzc9ISyjTL12AFp_tK4n60p1PzstGzD6CLOLMELIVSyr4nV5umi3_UcrHofNr-j_JOZ-7L2fsV3sRrHage5jM3Km26pYkOFKD59aMtwml2PjEl5xk069rK9jsAheA-QU-l1uwBy_j42ch9Q1JYLFc6WxaBdZl4TwgX3fd1u4TaNcf_ny8UY4i5--T-a-4Sihfdu4bQtfWz2nzqzv84bt4PFqDPf4foWdkYnFzWtXmpW8Q-4do_xtI7w1a:1q9dg2:hquCTnYLHXggKkXRsiuiQbiVtvGIySZ9hbjrwYdnii0', '2023-06-29 11:29:38.913169');
INSERT INTO `django_session` (`session_key`, `session_data`, `expire_date`) VALUES ('qwqzlkvb0b0xcsxe3dzyhe6f5o4lve7e', '.eJxVjLEKwjAURf8ls5SENEnrKDgWJ-fyfLm1wTSBpp3Ef7eKgo73HO65i57WZezXgrkPXuyFFrtfdiG-Ib0EMec1LaV685ivIX1tdZwoxNN83kyiCV32iIfP8y83Uhm3FiTp2jgHz5ashyFwq3hoCGZQuoYbrFW20cpASq2d5W04sDEtWinF4wnq2T2v:1puZ5R:hqyBAHZicSXFWxJfAqvLJ5gYVgEihHVWc7W2QvPtrl4', '2023-05-18 21:33:33.898032');
INSERT INTO `django_session` (`session_key`, `session_data`, `expire_date`) VALUES ('r59wfwnud03isgn1keq9kakezw78oa3a', '.eJy9V01v2zAM_SuFz10jf0iyexyw49BTT0tRUBLVGvUHYMcDhiL_faLdDJ2iLo7d5RLFJPXk90hR8mv0CMPu-XHosXssTXQbpdH1e5sC_YINOUDrdmh2_c1or9qnsjl4b77VUFZ33b3zNFDj99Zg9fVt5l9wz9A_OyxkkGZcSjRagDDIAXURa5sDchunGUorRCzyNObIWJpKod2DRM15gQVjBFpjM_QO68frNqJFt9Ht1TbabgceS-GGDA0NPCmsG3JmzTa6dhGlbpsp1kJ3ZeGLLjtd4eSs6c17ch_BFgxwhLUjbGri0chiJ8UM5KGrJt8GTF02G6fGT-xqaOAJuw2SgL2Ty4FtpglgzP00pxmqiiyqQzC6G2oVfsOlxPfXV59Idv9AbiwNeWPGEt8QB9bjKQcaFCTrspRZkMTaqsINwrFfkBtFWehLgwq6o2yEo5z_LfJklmZTDeh0Nj1f_CwkfsIoy1JLtVQsDTt8artfJ9T6E3YhueYz83XiwSLVilRnmtNuyCxtEZECX6paVTYv_QnJpphL6bWQoa-eCGALnlPpSkC2VC_odqWLOKHYIepCms3n5askQ2g5G9GUxKUq7eD4CDmOuJQ6s_n46uS-IQ3AS5Xo8ZxiYz_kY1vMTUK7XiSpXHGY3NGthZbgST4fzc9ISyjTL12AFp_tK4n60p1PzstGzD6CLOLMELIVSyr4nV5umi3_UcrHofNr-j_JOZ-7L2fsV3sRrHage5jM3Km26pYkOFKD59aMtwml2PjEl5xk069rK9jsAheA-QU-l1uwBy_j42ch9Q1JYLFc6WxaBdZl4TwgX3fd1u4TaNcf_ny8UY4i5--T-a-4Sihfdu4bQtfWz2nzqzv84bt4PFqDPf4foWdkYnFzWtXmpW8Q-4do_xtI7w1a:1q27YY:YrutBD5_nU0jImSkcLBZ2EGbCM1LdmxRq5T_O2Bs8V4', '2023-06-08 17:46:50.007938');
COMMIT;

-- ----------------------------
-- Table structure for django_site
-- ----------------------------
DROP TABLE IF EXISTS `django_site`;
CREATE TABLE `django_site` (
  `id` int NOT NULL AUTO_INCREMENT,
  `domain` varchar(100) NOT NULL,
  `name` varchar(50) NOT NULL,
  PRIMARY KEY (`id`),
  UNIQUE KEY `django_site_domain_a2e37b91_uniq` (`domain`)
) ENGINE=InnoDB AUTO_INCREMENT=2 DEFAULT CHARSET=utf8mb4 COLLATE=utf8mb4_0900_ai_ci;

-- ----------------------------
-- Records of django_site
-- ----------------------------
BEGIN;
INSERT INTO `django_site` (`id`, `domain`, `name`) VALUES (1, '127.0.0.1:8000', '布洛戈');
COMMIT;

-- ----------------------------
-- Table structure for oauth_oauthconfig
-- ----------------------------
DROP TABLE IF EXISTS `oauth_oauthconfig`;
CREATE TABLE `oauth_oauthconfig` (
  `id` bigint NOT NULL AUTO_INCREMENT,
  `type` varchar(10) NOT NULL,
  `appkey` varchar(200) NOT NULL,
  `appsecret` varchar(200) NOT NULL,
  `callback_url` varchar(200) NOT NULL,
  `is_enable` tinyint(1) NOT NULL,
  `created_time` datetime(6) NOT NULL,
  `last_mod_time` datetime(6) NOT NULL,
  PRIMARY KEY (`id`)
) ENGINE=InnoDB AUTO_INCREMENT=4 DEFAULT CHARSET=utf8mb4 COLLATE=utf8mb4_0900_ai_ci;

-- ----------------------------
-- Records of oauth_oauthconfig
-- ----------------------------
BEGIN;
INSERT INTO `oauth_oauthconfig` (`id`, `type`, `appkey`, `appsecret`, `callback_url`, `is_enable`, `created_time`, `last_mod_time`) VALUES (1, 'qq', '1112296500', 'U1imJWyDp6cISsyY', 'http://127.0.0.1:8000/oauth/authorize?type=qq', 0, '2023-05-05 11:21:00.000000', '2023-05-05 11:21:00.000000');
INSERT INTO `oauth_oauthconfig` (`id`, `type`, `appkey`, `appsecret`, `callback_url`, `is_enable`, `created_time`, `last_mod_time`) VALUES (2, 'github', '18fbed04112620b601f7', '931ec191c359d40e9809827d702f9e0b0e098ac4', 'http://127.0.0.1:8000/oauth/authorize?type=github', 1, '2023-05-23 11:10:00.000000', '2023-05-23 11:10:00.000000');
INSERT INTO `oauth_oauthconfig` (`id`, `type`, `appkey`, `appsecret`, `callback_url`, `is_enable`, `created_time`, `last_mod_time`) VALUES (3, 'weibo', '1945267047', '489b77f1cfec4305d303974022974c8a', 'http://127.0.0.1:8000/oauth/authorize?type=weibo', 0, '2023-05-23 15:02:00.000000', '2023-05-23 15:02:00.000000');
COMMIT;

-- ----------------------------
-- Table structure for oauth_oauthuser
-- ----------------------------
DROP TABLE IF EXISTS `oauth_oauthuser`;
CREATE TABLE `oauth_oauthuser` (
  `id` bigint NOT NULL AUTO_INCREMENT,
  `openid` varchar(50) NOT NULL,
  `nickname` varchar(50) NOT NULL,
  `token` varchar(150) DEFAULT NULL,
  `picture` varchar(350) DEFAULT NULL,
  `type` varchar(50) NOT NULL,
  `email` varchar(50) DEFAULT NULL,
  `metadata` longtext,
  `created_time` datetime(6) NOT NULL,
  `last_mod_time` datetime(6) NOT NULL,
  `author_id` bigint DEFAULT NULL,
  PRIMARY KEY (`id`),
  KEY `oauth_oauthuser_author_id_a975bef0_fk_accounts_bloguser_id` (`author_id`),
  CONSTRAINT `oauth_oauthuser_author_id_a975bef0_fk_accounts_bloguser_id` FOREIGN KEY (`author_id`) REFERENCES `accounts_bloguser` (`id`)
) ENGINE=InnoDB AUTO_INCREMENT=2 DEFAULT CHARSET=utf8mb4 COLLATE=utf8mb4_0900_ai_ci;

-- ----------------------------
-- Records of oauth_oauthuser
-- ----------------------------
BEGIN;
INSERT INTO `oauth_oauthuser` (`id`, `openid`, `nickname`, `token`, `picture`, `type`, `email`, `metadata`, `created_time`, `last_mod_time`, `author_id`) VALUES (1, '102530097', 'djangoblog230615093504', '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', '/static/avatar/2427cb13dae44d80949ba8b081d4bfeb.jpg', 'github', 'marsk7@qq.com', '{\"login\":\"marsk7\",\"id\":102530097,\"node_id\":\"U_kgDOBhx8MQ\",\"avatar_url\":\"https://avatars.githubusercontent.com/u/102530097?v=4\",\"gravatar_id\":\"\",\"url\":\"https://api.github.com/users/marsk7\",\"html_url\":\"https://github.com/marsk7\",\"followers_url\":\"https://api.github.com/users/marsk7/followers\",\"following_url\":\"https://api.github.com/users/marsk7/following{/other_user}\",\"gists_url\":\"https://api.github.com/users/marsk7/gists{/gist_id}\",\"starred_url\":\"https://api.github.com/users/marsk7/starred{/owner}{/repo}\",\"subscriptions_url\":\"https://api.github.com/users/marsk7/subscriptions\",\"organizations_url\":\"https://api.github.com/users/marsk7/orgs\",\"repos_url\":\"https://api.github.com/users/marsk7/repos\",\"events_url\":\"https://api.github.com/users/marsk7/events{/privacy}\",\"received_events_url\":\"https://api.github.com/users/marsk7/received_events\",\"type\":\"User\",\"site_admin\":false,\"name\":null,\"company\":null,\"blog\":\"\",\"location\":null,\"email\":null,\"hireable\":null,\"bio\":null,\"twitter_username\":null,\"public_repos\":0,\"public_gists\":0,\"followers\":0,\"following\":0,\"created_at\":\"2022-03-28T13:23:00Z\",\"updated_at\":\"2023-05-12T09:22:11Z\",\"private_gists\":0,\"total_private_repos\":0,\"owned_private_repos\":0,\"disk_usage\":0,\"collaborators\":0,\"two_factor_authentication\":false,\"plan\":{\"name\":\"free\",\"space\":976562499,\"collaborators\":0,\"private_repos\":10000}}', '2023-05-23 11:11:52.166344', '2023-05-23 11:11:52.166357', 3);
COMMIT;

-- ----------------------------
-- Table structure for servermanager_commands
-- ----------------------------
DROP TABLE IF EXISTS `servermanager_commands`;
CREATE TABLE `servermanager_commands` (
  `id` bigint NOT NULL AUTO_INCREMENT,
  `title` varchar(300) NOT NULL,
  `command` varchar(2000) NOT NULL,
  `describe` varchar(300) NOT NULL,
  `created_time` datetime(6) NOT NULL,
  `last_mod_time` datetime(6) NOT NULL,
  PRIMARY KEY (`id`)
) ENGINE=InnoDB DEFAULT CHARSET=utf8mb4 COLLATE=utf8mb4_0900_ai_ci;

-- ----------------------------
-- Records of servermanager_commands
-- ----------------------------
BEGIN;
COMMIT;

-- ----------------------------
-- Table structure for servermanager_emailsendlog
-- ----------------------------
DROP TABLE IF EXISTS `servermanager_emailsendlog`;
CREATE TABLE `servermanager_emailsendlog` (
  `id` bigint NOT NULL AUTO_INCREMENT,
  `emailto` varchar(300) NOT NULL,
  `title` varchar(2000) NOT NULL,
  `content` longtext NOT NULL,
  `send_result` tinyint(1) NOT NULL,
  `created_time` datetime(6) NOT NULL,
  PRIMARY KEY (`id`)
) ENGINE=InnoDB AUTO_INCREMENT=89 DEFAULT CHARSET=utf8mb4 COLLATE=utf8mb4_0900_ai_ci;

-- ----------------------------
-- Records of servermanager_emailsendlog
-- ----------------------------
BEGIN;
INSERT INTO `servermanager_emailsendlog` (`id`, `emailto`, `title`, `content`, `send_result`, `created_time`) VALUES (1, 'marsk7@qq.com', '邮件验证码', '您正在重设密码，验证码为：580234, 5分钟内有效，请妥善保管', 0, '2023-05-05 13:52:58.097205');
INSERT INTO `servermanager_emailsendlog` (`id`, `emailto`, `title`, `content`, `send_result`, `created_time`) VALUES (2, 'marsk27@163.com', '邮件验证码', '您正在重设密码，验证码为：634895, 5分钟内有效，请妥善保管', 1, '2023-05-05 14:03:32.320237');
INSERT INTO `servermanager_emailsendlog` (`id`, `emailto`, `title`, `content`, `send_result`, `created_time`) VALUES (3, 'marsk7@qq.com', '感谢您发表的评论', '\n                   <p>非常感谢您在本站发表评论</p>\n                   您可以访问\n                   <a href=\"https://example.com/article/2023/5/4/21.html\" rel=\"bookmark\">chatGPT 使用笔记（二）——chatGPT API的使用</a>\n                   来查看您的评论，\n                   再次感谢您！\n                   <br />\n                   如果上面链接无法打开，请将此链接复制至浏览器。\n                   https://example.com/article/2023/5/4/21.html\n                   ', 1, '2023-05-05 14:52:42.592610');
INSERT INTO `servermanager_emailsendlog` (`id`, `emailto`, `title`, `content`, `send_result`, `created_time`) VALUES (4, 'tlxb@163.com', '感谢您发表的评论', '\n                   <p>非常感谢您在本站发表评论</p>\n                   您可以访问\n                   <a href=\"https://example.com/article/2023/5/4/21.html\" rel=\"bookmark\">chatGPT 使用笔记（二）——chatGPT API的使用</a>\n                   来查看您的评论，\n                   再次感谢您！\n                   <br />\n                   如果上面链接无法打开，请将此链接复制至浏览器。\n                   https://example.com/article/2023/5/4/21.html\n                   ', 1, '2023-05-05 15:04:35.471285');
INSERT INTO `servermanager_emailsendlog` (`id`, `emailto`, `title`, `content`, `send_result`, `created_time`) VALUES (5, 'jasmine@163.com', '感谢您发表的评论', '\n                   <p>非常感谢您在本站发表评论</p>\n                   您可以访问\n                   <a href=\"https://example.com/article/2023/5/4/21.html\" rel=\"bookmark\">chatGPT 使用笔记（二）——chatGPT API的使用</a>\n                   来查看您的评论，\n                   再次感谢您！\n                   <br />\n                   如果上面链接无法打开，请将此链接复制至浏览器。\n                   https://example.com/article/2023/5/4/21.html\n                   ', 1, '2023-05-05 15:05:19.669840');
INSERT INTO `servermanager_emailsendlog` (`id`, `emailto`, `title`, `content`, `send_result`, `created_time`) VALUES (6, 'jasmine@163.com', '感谢您发表的评论', '\n                   <p>非常感谢您在本站发表评论</p>\n                   您可以访问\n                   <a href=\"https://example.com/article/2023/5/4/21.html\" rel=\"bookmark\">chatGPT 使用笔记（二）——chatGPT API的使用</a>\n                   来查看您的评论，\n                   再次感谢您！\n                   <br />\n                   如果上面链接无法打开，请将此链接复制至浏览器。\n                   https://example.com/article/2023/5/4/21.html\n                   ', 1, '2023-05-05 15:05:34.507390');
INSERT INTO `servermanager_emailsendlog` (`id`, `emailto`, `title`, `content`, `send_result`, `created_time`) VALUES (7, 'jasmine@163.com', '感谢您发表的评论', '\n                    您在 <a href=\"https://example.com/article/2023/5/4/21.html\" rel=\"bookmark\">chatGPT 使用笔记（二）——chatGPT API的使用</a> 的评论 <br/> 作者你好 请问我提问后chatgpt没有输出任何文字就结束了，但是也没有报错，这个情况如何解决？ <br/> 收到回复啦.快去看看吧\n                    <br/>\n                    如果上面链接无法打开，请将此链接复制至浏览器。\n                    https://example.com/article/2023/5/4/21.html\n                    ', 1, '2023-05-05 15:05:35.560969');
INSERT INTO `servermanager_emailsendlog` (`id`, `emailto`, `title`, `content`, `send_result`, `created_time`) VALUES (8, 'cmp@163.com', '感谢您发表的评论', '\n                   <p>非常感谢您在本站发表评论</p>\n                   您可以访问\n                   <a href=\"https://example.com/article/2023/5/4/21.html\" rel=\"bookmark\">chatGPT 使用笔记（二）——chatGPT API的使用</a>\n                   来查看您的评论，\n                   再次感谢您！\n                   <br />\n                   如果上面链接无法打开，请将此链接复制至浏览器。\n                   https://example.com/article/2023/5/4/21.html\n                   ', 1, '2023-05-05 15:06:05.243631');
INSERT INTO `servermanager_emailsendlog` (`id`, `emailto`, `title`, `content`, `send_result`, `created_time`) VALUES (9, 'jasmine@163.com', '感谢您发表的评论', '\n                    您在 <a href=\"https://example.com/article/2023/5/4/21.html\" rel=\"bookmark\">chatGPT 使用笔记（二）——chatGPT API的使用</a> 的评论 <br/> 作者你好 请问我提问后chatgpt没有输出任何文字就结束了，但是也没有报错，这个情况如何解决？ <br/> 收到回复啦.快去看看吧\n                    <br/>\n                    如果上面链接无法打开，请将此链接复制至浏览器。\n                    https://example.com/article/2023/5/4/21.html\n                    ', 1, '2023-05-05 15:06:06.318331');
INSERT INTO `servermanager_emailsendlog` (`id`, `emailto`, `title`, `content`, `send_result`, `created_time`) VALUES (10, 'marsk7@qq.com', '感谢您发表的评论', '\n                   <p>非常感谢您在本站发表评论</p>\n                   您可以访问\n                   <a href=\"https://example.com/article/2023/5/4/21.html\" rel=\"bookmark\">chatGPT 使用笔记（二）——chatGPT API的使用</a>\n                   来查看您的评论，\n                   再次感谢您！\n                   <br />\n                   如果上面链接无法打开，请将此链接复制至浏览器。\n                   https://example.com/article/2023/5/4/21.html\n                   ', 1, '2023-05-05 15:06:09.748550');
INSERT INTO `servermanager_emailsendlog` (`id`, `emailto`, `title`, `content`, `send_result`, `created_time`) VALUES (11, 'jasmine@163.com', '感谢您发表的评论', '\n                    您在 <a href=\"https://example.com/article/2023/5/4/21.html\" rel=\"bookmark\">chatGPT 使用笔记（二）——chatGPT API的使用</a> 的评论 <br/> 作者你好 请问我提问后chatgpt没有输出任何文字就结束了，但是也没有报错，这个情况如何解决？ <br/> 收到回复啦.快去看看吧\n                    <br/>\n                    如果上面链接无法打开，请将此链接复制至浏览器。\n                    https://example.com/article/2023/5/4/21.html\n                    ', 1, '2023-05-05 15:06:10.815668');
INSERT INTO `servermanager_emailsendlog` (`id`, `emailto`, `title`, `content`, `send_result`, `created_time`) VALUES (12, 'mtw@163.com', '感谢您发表的评论', '\n                   <p>非常感谢您在本站发表评论</p>\n                   您可以访问\n                   <a href=\"https://example.com/article/2023/5/4/21.html\" rel=\"bookmark\">chatGPT 使用笔记（二）——chatGPT API的使用</a>\n                   来查看您的评论，\n                   再次感谢您！\n                   <br />\n                   如果上面链接无法打开，请将此链接复制至浏览器。\n                   https://example.com/article/2023/5/4/21.html\n                   ', 1, '2023-05-05 15:06:38.105328');
INSERT INTO `servermanager_emailsendlog` (`id`, `emailto`, `title`, `content`, `send_result`, `created_time`) VALUES (13, 'marsk7@qq.com', '感谢您发表的评论', '\n                   <p>非常感谢您在本站发表评论</p>\n                   您可以访问\n                   <a href=\"https://example.com/article/2023/5/4/21.html\" rel=\"bookmark\">chatGPT 使用笔记（二）——chatGPT API的使用</a>\n                   来查看您的评论，\n                   再次感谢您！\n                   <br />\n                   如果上面链接无法打开，请将此链接复制至浏览器。\n                   https://example.com/article/2023/5/4/21.html\n                   ', 1, '2023-05-05 15:06:55.467952');
INSERT INTO `servermanager_emailsendlog` (`id`, `emailto`, `title`, `content`, `send_result`, `created_time`) VALUES (14, 'mtw@163.com', '感谢您发表的评论', '\n                    您在 <a href=\"https://example.com/article/2023/5/4/21.html\" rel=\"bookmark\">chatGPT 使用笔记（二）——chatGPT API的使用</a> 的评论 <br/> 老板，调用的时候提示，连接失败什么情况 <br/> 收到回复啦.快去看看吧\n                    <br/>\n                    如果上面链接无法打开，请将此链接复制至浏览器。\n                    https://example.com/article/2023/5/4/21.html\n                    ', 1, '2023-05-05 15:06:56.597556');
INSERT INTO `servermanager_emailsendlog` (`id`, `emailto`, `title`, `content`, `send_result`, `created_time`) VALUES (15, 'mtw@163.com', '感谢您发表的评论', '\n                   <p>非常感谢您在本站发表评论</p>\n                   您可以访问\n                   <a href=\"https://example.com/article/2023/5/4/21.html\" rel=\"bookmark\">chatGPT 使用笔记（二）——chatGPT API的使用</a>\n                   来查看您的评论，\n                   再次感谢您！\n                   <br />\n                   如果上面链接无法打开，请将此链接复制至浏览器。\n                   https://example.com/article/2023/5/4/21.html\n                   ', 1, '2023-05-05 15:07:08.744139');
INSERT INTO `servermanager_emailsendlog` (`id`, `emailto`, `title`, `content`, `send_result`, `created_time`) VALUES (16, 'vmeyer@163.com', '感谢您发表的评论', '\n                   <p>非常感谢您在本站发表评论</p>\n                   您可以访问\n                   <a href=\"https://example.com/article/2023/5/4/21.html\" rel=\"bookmark\">chatGPT 使用笔记（二）——chatGPT API的使用</a>\n                   来查看您的评论，\n                   再次感谢您！\n                   <br />\n                   如果上面链接无法打开，请将此链接复制至浏览器。\n                   https://example.com/article/2023/5/4/21.html\n                   ', 1, '2023-05-05 15:07:27.542333');
INSERT INTO `servermanager_emailsendlog` (`id`, `emailto`, `title`, `content`, `send_result`, `created_time`) VALUES (17, 'mtw@163.com', '感谢您发表的评论', '\n                    您在 <a href=\"https://example.com/article/2023/5/4/21.html\" rel=\"bookmark\">chatGPT 使用笔记（二）——chatGPT API的使用</a> 的评论 <br/> 人生苦短，我用python！ <br/> 收到回复啦.快去看看吧\n                    <br/>\n                    如果上面链接无法打开，请将此链接复制至浏览器。\n                    https://example.com/article/2023/5/4/21.html\n                    ', 1, '2023-05-05 15:07:28.597197');
INSERT INTO `servermanager_emailsendlog` (`id`, `emailto`, `title`, `content`, `send_result`, `created_time`) VALUES (18, 'chloe@163.com', '感谢您发表的评论', '\n                   <p>非常感谢您在本站发表评论</p>\n                   您可以访问\n                   <a href=\"https://example.com/article/2023/5/5/36.html\" rel=\"bookmark\">周杰伦的影响力到底有多大？</a>\n                   来查看您的评论，\n                   再次感谢您！\n                   <br />\n                   如果上面链接无法打开，请将此链接复制至浏览器。\n                   https://example.com/article/2023/5/5/36.html\n                   ', 1, '2023-05-05 15:10:09.181165');
INSERT INTO `servermanager_emailsendlog` (`id`, `emailto`, `title`, `content`, `send_result`, `created_time`) VALUES (19, 'jasmine@163.com', '感谢您发表的评论', '\n                   <p>非常感谢您在本站发表评论</p>\n                   您可以访问\n                   <a href=\"https://example.com/article/2023/5/5/36.html\" rel=\"bookmark\">周杰伦的影响力到底有多大？</a>\n                   来查看您的评论，\n                   再次感谢您！\n                   <br />\n                   如果上面链接无法打开，请将此链接复制至浏览器。\n                   https://example.com/article/2023/5/5/36.html\n                   ', 1, '2023-05-05 15:10:25.522462');
INSERT INTO `servermanager_emailsendlog` (`id`, `emailto`, `title`, `content`, `send_result`, `created_time`) VALUES (20, 'cmp@163.com', '感谢您发表的评论', '\n                   <p>非常感谢您在本站发表评论</p>\n                   您可以访问\n                   <a href=\"https://example.com/article/2023/5/5/36.html\" rel=\"bookmark\">周杰伦的影响力到底有多大？</a>\n                   来查看您的评论，\n                   再次感谢您！\n                   <br />\n                   如果上面链接无法打开，请将此链接复制至浏览器。\n                   https://example.com/article/2023/5/5/36.html\n                   ', 1, '2023-05-05 15:10:50.571633');
INSERT INTO `servermanager_emailsendlog` (`id`, `emailto`, `title`, `content`, `send_result`, `created_time`) VALUES (21, 'jasmine@163.com', '感谢您发表的评论', '\n                    您在 <a href=\"https://example.com/article/2023/5/5/36.html\" rel=\"bookmark\">周杰伦的影响力到底有多大？</a> 的评论 <br/> 最近才看完，完全想不到暗号，可爱女人，反方向的钟那些好听的歌曲是一位21岁年轻人写的。像以父之名止战之殇这种神曲也是24岁那么年轻有那么深的感悟写出来的。这几首歌表达的寓意太深刻，就算再过100年也不会落伍，就和咱们学习李白杜甫的诗词一样。再到后来歌曲都负有了社会意义，红磨坊反对抄袭。走自己的路，稻香，鼓励从痛苦中走出来的人。万水千山歌颂祖国等等。不过说实在的我喜欢周董26岁以前的作品，真的是天马行空，宛转悠扬。 <br/> 收到回复啦.快去看看吧\n                    <br/>\n                    如果上面链接无法打开，请将此链接复制至浏览器。\n                    https://example.com/article/2023/5/5/36.html\n                    ', 1, '2023-05-05 15:10:51.722965');
INSERT INTO `servermanager_emailsendlog` (`id`, `emailto`, `title`, `content`, `send_result`, `created_time`) VALUES (22, 'tlxb@163.com', '感谢您发表的评论', '\n                   <p>非常感谢您在本站发表评论</p>\n                   您可以访问\n                   <a href=\"https://example.com/article/2023/5/4/21.html\" rel=\"bookmark\">chatGPT 使用笔记（二）——chatGPT API的使用</a>\n                   来查看您的评论，\n                   再次感谢您！\n                   <br />\n                   如果上面链接无法打开，请将此链接复制至浏览器。\n                   https://example.com/article/2023/5/4/21.html\n                   ', 1, '2023-05-05 15:11:22.946525');
INSERT INTO `servermanager_emailsendlog` (`id`, `emailto`, `title`, `content`, `send_result`, `created_time`) VALUES (23, 'mtw@163.com', '感谢您发表的评论', '\n                   <p>非常感谢您在本站发表评论</p>\n                   您可以访问\n                   <a href=\"https://example.com/article/2023/5/5/36.html\" rel=\"bookmark\">周杰伦的影响力到底有多大？</a>\n                   来查看您的评论，\n                   再次感谢您！\n                   <br />\n                   如果上面链接无法打开，请将此链接复制至浏览器。\n                   https://example.com/article/2023/5/5/36.html\n                   ', 1, '2023-05-05 15:18:00.814244');
INSERT INTO `servermanager_emailsendlog` (`id`, `emailto`, `title`, `content`, `send_result`, `created_time`) VALUES (24, 'cmp@163.com', '感谢您发表的评论', '\n                   <p>非常感谢您在本站发表评论</p>\n                   您可以访问\n                   <a href=\"https://example.com/article/2023/5/5/36.html\" rel=\"bookmark\">周杰伦的影响力到底有多大？</a>\n                   来查看您的评论，\n                   再次感谢您！\n                   <br />\n                   如果上面链接无法打开，请将此链接复制至浏览器。\n                   https://example.com/article/2023/5/5/36.html\n                   ', 1, '2023-05-05 15:18:33.699853');
INSERT INTO `servermanager_emailsendlog` (`id`, `emailto`, `title`, `content`, `send_result`, `created_time`) VALUES (25, 'tlxb@163.com', '感谢您发表的评论', '\n                   <p>非常感谢您在本站发表评论</p>\n                   您可以访问\n                   <a href=\"https://example.com/article/2023/5/5/36.html\" rel=\"bookmark\">周杰伦的影响力到底有多大？</a>\n                   来查看您的评论，\n                   再次感谢您！\n                   <br />\n                   如果上面链接无法打开，请将此链接复制至浏览器。\n                   https://example.com/article/2023/5/5/36.html\n                   ', 1, '2023-05-05 15:18:45.986912');
INSERT INTO `servermanager_emailsendlog` (`id`, `emailto`, `title`, `content`, `send_result`, `created_time`) VALUES (26, 'vmeyer@163.com', '感谢您发表的评论', '\n                   <p>非常感谢您在本站发表评论</p>\n                   您可以访问\n                   <a href=\"https://example.com/article/2023/5/5/36.html\" rel=\"bookmark\">周杰伦的影响力到底有多大？</a>\n                   来查看您的评论，\n                   再次感谢您！\n                   <br />\n                   如果上面链接无法打开，请将此链接复制至浏览器。\n                   https://example.com/article/2023/5/5/36.html\n                   ', 1, '2023-05-05 15:22:20.113936');
INSERT INTO `servermanager_emailsendlog` (`id`, `emailto`, `title`, `content`, `send_result`, `created_time`) VALUES (27, 'marsk27@163.com', '感谢您发表的评论', '\n                   <p>非常感谢您在本站发表评论</p>\n                   您可以访问\n                   <a href=\"https://example.com/article/2023/5/5/36.html\" rel=\"bookmark\">周杰伦的影响力到底有多大？</a>\n                   来查看您的评论，\n                   再次感谢您！\n                   <br />\n                   如果上面链接无法打开，请将此链接复制至浏览器。\n                   https://example.com/article/2023/5/5/36.html\n                   ', 1, '2023-05-05 15:22:52.954076');
INSERT INTO `servermanager_emailsendlog` (`id`, `emailto`, `title`, `content`, `send_result`, `created_time`) VALUES (28, 'vmeyer@163.com', '感谢您发表的评论', '\n                    您在 <a href=\"https://example.com/article/2023/5/5/36.html\" rel=\"bookmark\">周杰伦的影响力到底有多大？</a> 的评论 <br/> 我小声的说一句：当年粉丝网都是喊的无与伦比，为杰沉迷，哈哈，暴露了我的年龄 <br/> 收到回复啦.快去看看吧\n                    <br/>\n                    如果上面链接无法打开，请将此链接复制至浏览器。\n                    https://example.com/article/2023/5/5/36.html\n                    ', 1, '2023-05-05 15:22:53.943311');
INSERT INTO `servermanager_emailsendlog` (`id`, `emailto`, `title`, `content`, `send_result`, `created_time`) VALUES (29, 'vmeyer@163.com', '感谢您发表的评论', '\n                   <p>非常感谢您在本站发表评论</p>\n                   您可以访问\n                   <a href=\"https://example.com/article/2023/5/5/36.html\" rel=\"bookmark\">周杰伦的影响力到底有多大？</a>\n                   来查看您的评论，\n                   再次感谢您！\n                   <br />\n                   如果上面链接无法打开，请将此链接复制至浏览器。\n                   https://example.com/article/2023/5/5/36.html\n                   ', 1, '2023-05-05 15:23:25.521515');
INSERT INTO `servermanager_emailsendlog` (`id`, `emailto`, `title`, `content`, `send_result`, `created_time`) VALUES (30, 'vmeyer@163.com', '感谢您发表的评论', '\n                    您在 <a href=\"https://example.com/article/2023/5/5/36.html\" rel=\"bookmark\">周杰伦的影响力到底有多大？</a> 的评论 <br/> 我小声的说一句：当年粉丝网都是喊的无与伦比，为杰沉迷，哈哈，暴露了我的年龄 <br/> 收到回复啦.快去看看吧\n                    <br/>\n                    如果上面链接无法打开，请将此链接复制至浏览器。\n                    https://example.com/article/2023/5/5/36.html\n                    ', 1, '2023-05-05 15:23:26.660103');
INSERT INTO `servermanager_emailsendlog` (`id`, `emailto`, `title`, `content`, `send_result`, `created_time`) VALUES (31, 'jay@163.com', '感谢您发表的评论', '\n                   <p>非常感谢您在本站发表评论</p>\n                   您可以访问\n                   <a href=\"https://example.com/article/2023/5/5/36.html\" rel=\"bookmark\">周杰伦的影响力到底有多大？</a>\n                   来查看您的评论，\n                   再次感谢您！\n                   <br />\n                   如果上面链接无法打开，请将此链接复制至浏览器。\n                   https://example.com/article/2023/5/5/36.html\n                   ', 1, '2023-05-05 15:23:44.432595');
INSERT INTO `servermanager_emailsendlog` (`id`, `emailto`, `title`, `content`, `send_result`, `created_time`) VALUES (32, 'vmeyer@163.com', '感谢您发表的评论', '\n                    您在 <a href=\"https://example.com/article/2023/5/5/36.html\" rel=\"bookmark\">周杰伦的影响力到底有多大？</a> 的评论 <br/> 我小声的说一句：当年粉丝网都是喊的无与伦比，为杰沉迷，哈哈，暴露了我的年龄 <br/> 收到回复啦.快去看看吧\n                    <br/>\n                    如果上面链接无法打开，请将此链接复制至浏览器。\n                    https://example.com/article/2023/5/5/36.html\n                    ', 1, '2023-05-05 15:23:45.627858');
INSERT INTO `servermanager_emailsendlog` (`id`, `emailto`, `title`, `content`, `send_result`, `created_time`) VALUES (33, 'vmeyer@163.com', '感谢您发表的评论', '\n                   <p>非常感谢您在本站发表评论</p>\n                   您可以访问\n                   <a href=\"https://example.com/article/2023/5/5/36.html\" rel=\"bookmark\">周杰伦的影响力到底有多大？</a>\n                   来查看您的评论，\n                   再次感谢您！\n                   <br />\n                   如果上面链接无法打开，请将此链接复制至浏览器。\n                   https://example.com/article/2023/5/5/36.html\n                   ', 1, '2023-05-05 15:23:53.820031');
INSERT INTO `servermanager_emailsendlog` (`id`, `emailto`, `title`, `content`, `send_result`, `created_time`) VALUES (34, 'jay@163.com', '感谢您发表的评论', '\n                    您在 <a href=\"https://example.com/article/2023/5/5/36.html\" rel=\"bookmark\">周杰伦的影响力到底有多大？</a> 的评论 <br/> emmm[飙泪笑]到我这儿听到的都是“无与伦比，为杰沉沦”了[捂脸]也不知道中间哪儿传差了。是传说中的周杰伦中文网嘛！我之前b站刷07世巡，听到底下有歌迷在喊～ <br/> 收到回复啦.快去看看吧\n                    <br/>\n                    如果上面链接无法打开，请将此链接复制至浏览器。\n                    https://example.com/article/2023/5/5/36.html\n                    ', 1, '2023-05-05 15:23:54.958948');
INSERT INTO `servermanager_emailsendlog` (`id`, `emailto`, `title`, `content`, `send_result`, `created_time`) VALUES (35, 'chloe@163.com', '感谢您发表的评论', '\n                   <p>非常感谢您在本站发表评论</p>\n                   您可以访问\n                   <a href=\"https://example.com/article/2023/5/4/35.html\" rel=\"bookmark\">周杰伦2000-2022所有专辑总集结</a>\n                   来查看您的评论，\n                   再次感谢您！\n                   <br />\n                   如果上面链接无法打开，请将此链接复制至浏览器。\n                   https://example.com/article/2023/5/4/35.html\n                   ', 1, '2023-05-05 15:26:08.647975');
INSERT INTO `servermanager_emailsendlog` (`id`, `emailto`, `title`, `content`, `send_result`, `created_time`) VALUES (36, 'tlxb@163.com', '感谢您发表的评论', '\n                   <p>非常感谢您在本站发表评论</p>\n                   您可以访问\n                   <a href=\"https://example.com/article/2023/5/4/35.html\" rel=\"bookmark\">周杰伦2000-2022所有专辑总集结</a>\n                   来查看您的评论，\n                   再次感谢您！\n                   <br />\n                   如果上面链接无法打开，请将此链接复制至浏览器。\n                   https://example.com/article/2023/5/4/35.html\n                   ', 1, '2023-05-05 15:26:47.305970');
INSERT INTO `servermanager_emailsendlog` (`id`, `emailto`, `title`, `content`, `send_result`, `created_time`) VALUES (37, 'jay@163.com', '感谢您发表的评论', '\n                   <p>非常感谢您在本站发表评论</p>\n                   您可以访问\n                   <a href=\"https://example.com/article/2023/5/4/35.html\" rel=\"bookmark\">周杰伦2000-2022所有专辑总集结</a>\n                   来查看您的评论，\n                   再次感谢您！\n                   <br />\n                   如果上面链接无法打开，请将此链接复制至浏览器。\n                   https://example.com/article/2023/5/4/35.html\n                   ', 1, '2023-05-05 15:28:47.404166');
INSERT INTO `servermanager_emailsendlog` (`id`, `emailto`, `title`, `content`, `send_result`, `created_time`) VALUES (38, 'tlxb@163.com', '感谢您发表的评论', '\n                    您在 <a href=\"https://example.com/article/2023/5/4/35.html\" rel=\"bookmark\">周杰伦2000-2022所有专辑总集结</a> 的评论 <br/> 没有方文山 有他周杰伦什么事 他写的词能看？ <br/> 收到回复啦.快去看看吧\n                    <br/>\n                    如果上面链接无法打开，请将此链接复制至浏览器。\n                    https://example.com/article/2023/5/4/35.html\n                    ', 1, '2023-05-05 15:28:48.447033');
INSERT INTO `servermanager_emailsendlog` (`id`, `emailto`, `title`, `content`, `send_result`, `created_time`) VALUES (39, 'jay@163.com', '感谢您发表的评论', '\n                   <p>非常感谢您在本站发表评论</p>\n                   您可以访问\n                   <a href=\"https://example.com/article/2023/5/4/35.html\" rel=\"bookmark\">周杰伦2000-2022所有专辑总集结</a>\n                   来查看您的评论，\n                   再次感谢您！\n                   <br />\n                   如果上面链接无法打开，请将此链接复制至浏览器。\n                   https://example.com/article/2023/5/4/35.html\n                   ', 1, '2023-05-05 15:30:04.578747');
INSERT INTO `servermanager_emailsendlog` (`id`, `emailto`, `title`, `content`, `send_result`, `created_time`) VALUES (40, 'tlxb@163.com', '感谢您发表的评论', '\n                    您在 <a href=\"https://example.com/article/2023/5/4/35.html\" rel=\"bookmark\">周杰伦2000-2022所有专辑总集结</a> 的评论 <br/> 没有方文山 有他周杰伦什么事 他写的词能看？ <br/> 收到回复啦.快去看看吧\n                    <br/>\n                    如果上面链接无法打开，请将此链接复制至浏览器。\n                    https://example.com/article/2023/5/4/35.html\n                    ', 1, '2023-05-05 15:30:05.681768');
INSERT INTO `servermanager_emailsendlog` (`id`, `emailto`, `title`, `content`, `send_result`, `created_time`) VALUES (41, 'jay@163.com', '感谢您发表的评论', '\n                   <p>非常感谢您在本站发表评论</p>\n                   您可以访问\n                   <a href=\"https://example.com/article/2023/5/4/35.html\" rel=\"bookmark\">周杰伦2000-2022所有专辑总集结</a>\n                   来查看您的评论，\n                   再次感谢您！\n                   <br />\n                   如果上面链接无法打开，请将此链接复制至浏览器。\n                   https://example.com/article/2023/5/4/35.html\n                   ', 1, '2023-05-05 15:30:29.369607');
INSERT INTO `servermanager_emailsendlog` (`id`, `emailto`, `title`, `content`, `send_result`, `created_time`) VALUES (42, 'tlxb@163.com', '感谢您发表的评论', '\n                    您在 <a href=\"https://example.com/article/2023/5/4/35.html\" rel=\"bookmark\">周杰伦2000-2022所有专辑总集结</a> 的评论 <br/> 没有方文山 有他周杰伦什么事 他写的词能看？ <br/> 收到回复啦.快去看看吧\n                    <br/>\n                    如果上面链接无法打开，请将此链接复制至浏览器。\n                    https://example.com/article/2023/5/4/35.html\n                    ', 1, '2023-05-05 15:30:30.523190');
INSERT INTO `servermanager_emailsendlog` (`id`, `emailto`, `title`, `content`, `send_result`, `created_time`) VALUES (43, 'jay@163.com', '感谢您发表的评论', '\n                   <p>非常感谢您在本站发表评论</p>\n                   您可以访问\n                   <a href=\"https://example.com/article/2023/5/4/35.html\" rel=\"bookmark\">周杰伦2000-2022所有专辑总集结</a>\n                   来查看您的评论，\n                   再次感谢您！\n                   <br />\n                   如果上面链接无法打开，请将此链接复制至浏览器。\n                   https://example.com/article/2023/5/4/35.html\n                   ', 1, '2023-05-05 15:30:57.517239');
INSERT INTO `servermanager_emailsendlog` (`id`, `emailto`, `title`, `content`, `send_result`, `created_time`) VALUES (44, 'tlxb@163.com', '感谢您发表的评论', '\n                    您在 <a href=\"https://example.com/article/2023/5/4/35.html\" rel=\"bookmark\">周杰伦2000-2022所有专辑总集结</a> 的评论 <br/> 没有方文山 有他周杰伦什么事 他写的词能看？ <br/> 收到回复啦.快去看看吧\n                    <br/>\n                    如果上面链接无法打开，请将此链接复制至浏览器。\n                    https://example.com/article/2023/5/4/35.html\n                    ', 1, '2023-05-05 15:30:58.748466');
INSERT INTO `servermanager_emailsendlog` (`id`, `emailto`, `title`, `content`, `send_result`, `created_time`) VALUES (45, 'jay@163.com', '感谢您发表的评论', '\n                   <p>非常感谢您在本站发表评论</p>\n                   您可以访问\n                   <a href=\"https://example.com/article/2023/5/4/35.html\" rel=\"bookmark\">周杰伦2000-2022所有专辑总集结</a>\n                   来查看您的评论，\n                   再次感谢您！\n                   <br />\n                   如果上面链接无法打开，请将此链接复制至浏览器。\n                   https://example.com/article/2023/5/4/35.html\n                   ', 1, '2023-05-05 15:31:28.996948');
INSERT INTO `servermanager_emailsendlog` (`id`, `emailto`, `title`, `content`, `send_result`, `created_time`) VALUES (46, 'tlxb@163.com', '感谢您发表的评论', '\n                    您在 <a href=\"https://example.com/article/2023/5/4/35.html\" rel=\"bookmark\">周杰伦2000-2022所有专辑总集结</a> 的评论 <br/> 没有方文山 有他周杰伦什么事 他写的词能看？ <br/> 收到回复啦.快去看看吧\n                    <br/>\n                    如果上面链接无法打开，请将此链接复制至浏览器。\n                    https://example.com/article/2023/5/4/35.html\n                    ', 1, '2023-05-05 15:31:30.201220');
INSERT INTO `servermanager_emailsendlog` (`id`, `emailto`, `title`, `content`, `send_result`, `created_time`) VALUES (47, 'jay@163.com', '感谢您发表的评论', '\n                   <p>非常感谢您在本站发表评论</p>\n                   您可以访问\n                   <a href=\"https://example.com/article/2023/5/4/35.html\" rel=\"bookmark\">周杰伦2000-2022所有专辑总集结</a>\n                   来查看您的评论，\n                   再次感谢您！\n                   <br />\n                   如果上面链接无法打开，请将此链接复制至浏览器。\n                   https://example.com/article/2023/5/4/35.html\n                   ', 1, '2023-05-05 15:31:57.563721');
INSERT INTO `servermanager_emailsendlog` (`id`, `emailto`, `title`, `content`, `send_result`, `created_time`) VALUES (48, 'tlxb@163.com', '感谢您发表的评论', '\n                    您在 <a href=\"https://example.com/article/2023/5/4/35.html\" rel=\"bookmark\">周杰伦2000-2022所有专辑总集结</a> 的评论 <br/> 没有方文山 有他周杰伦什么事 他写的词能看？ <br/> 收到回复啦.快去看看吧\n                    <br/>\n                    如果上面链接无法打开，请将此链接复制至浏览器。\n                    https://example.com/article/2023/5/4/35.html\n                    ', 1, '2023-05-05 15:31:58.712612');
INSERT INTO `servermanager_emailsendlog` (`id`, `emailto`, `title`, `content`, `send_result`, `created_time`) VALUES (49, 'chloe@163.com', '感谢您发表的评论', '\n                   <p>非常感谢您在本站发表评论</p>\n                   您可以访问\n                   <a href=\"https://example.com/article/2023/5/4/35.html\" rel=\"bookmark\">周杰伦2000-2022所有专辑总集结</a>\n                   来查看您的评论，\n                   再次感谢您！\n                   <br />\n                   如果上面链接无法打开，请将此链接复制至浏览器。\n                   https://example.com/article/2023/5/4/35.html\n                   ', 1, '2023-05-05 15:32:33.732858');
INSERT INTO `servermanager_emailsendlog` (`id`, `emailto`, `title`, `content`, `send_result`, `created_time`) VALUES (50, 'jay@163.com', '感谢您发表的评论', '\n                   <p>非常感谢您在本站发表评论</p>\n                   您可以访问\n                   <a href=\"https://example.com/article/2023/5/5/36.html\" rel=\"bookmark\">周杰伦的影响力到底有多大？</a>\n                   来查看您的评论，\n                   再次感谢您！\n                   <br />\n                   如果上面链接无法打开，请将此链接复制至浏览器。\n                   https://example.com/article/2023/5/5/36.html\n                   ', 1, '2023-05-05 15:35:41.361926');
INSERT INTO `servermanager_emailsendlog` (`id`, `emailto`, `title`, `content`, `send_result`, `created_time`) VALUES (51, 'vmeyer@163.com', '感谢您发表的评论', '\n                    您在 <a href=\"https://example.com/article/2023/5/5/36.html\" rel=\"bookmark\">周杰伦的影响力到底有多大？</a> 的评论 <br/> 我小声的说一句：当年粉丝网都是喊的无与伦比，为杰沉迷，哈哈，暴露了我的年龄 <br/> 收到回复啦.快去看看吧\n                    <br/>\n                    如果上面链接无法打开，请将此链接复制至浏览器。\n                    https://example.com/article/2023/5/5/36.html\n                    ', 1, '2023-05-05 15:35:42.448379');
INSERT INTO `servermanager_emailsendlog` (`id`, `emailto`, `title`, `content`, `send_result`, `created_time`) VALUES (52, 'jasmine@163.com', '感谢您发表的评论', '\n                   <p>非常感谢您在本站发表评论</p>\n                   您可以访问\n                   <a href=\"https://example.com/article/2023/5/5/36.html\" rel=\"bookmark\">周杰伦的影响力到底有多大？</a>\n                   来查看您的评论，\n                   再次感谢您！\n                   <br />\n                   如果上面链接无法打开，请将此链接复制至浏览器。\n                   https://example.com/article/2023/5/5/36.html\n                   ', 1, '2023-05-05 15:36:35.604744');
INSERT INTO `servermanager_emailsendlog` (`id`, `emailto`, `title`, `content`, `send_result`, `created_time`) VALUES (53, 'cmp@163.com', '感谢您发表的评论', '\n                   <p>非常感谢您在本站发表评论</p>\n                   您可以访问\n                   <a href=\"https://example.com/article/2023/5/5/36.html\" rel=\"bookmark\">周杰伦的影响力到底有多大？</a>\n                   来查看您的评论，\n                   再次感谢您！\n                   <br />\n                   如果上面链接无法打开，请将此链接复制至浏览器。\n                   https://example.com/article/2023/5/5/36.html\n                   ', 1, '2023-05-05 15:37:12.000129');
INSERT INTO `servermanager_emailsendlog` (`id`, `emailto`, `title`, `content`, `send_result`, `created_time`) VALUES (54, 'jasmine@163.com', '感谢您发表的评论', '\n                    您在 <a href=\"https://example.com/article/2023/5/5/36.html\" rel=\"bookmark\">周杰伦的影响力到底有多大？</a> 的评论 <br/> 最近才看完，完全想不到**暗号**，**可爱女人**，**反方向的钟**那些好听的歌曲是一位21岁年轻人写的。像**以父之名** **止战之殇**这种神曲也是24岁那么年轻有那么深的感悟写出来的。这几首歌表达的寓意太深刻，就算再过100年也不会落伍，就和咱们学习李白杜甫的诗词一样。再到后来歌曲都负有了社会意义，红磨坊反对抄袭。走自己的路，**稻香**，鼓励从痛苦中走出来的人。万水千山歌颂祖国等等。不过说实在的我喜欢周董26岁以前的作品，真的是天马行空，宛转悠扬。 <br/> 收到回复啦.快去看看吧\n                    <br/>\n                    如果上面链接无法打开，请将此链接复制至浏览器。\n                    https://example.com/article/2023/5/5/36.html\n                    ', 1, '2023-05-05 15:37:13.217951');
INSERT INTO `servermanager_emailsendlog` (`id`, `emailto`, `title`, `content`, `send_result`, `created_time`) VALUES (55, 'vmeyer@163.com', '感谢您发表的评论', '\n                   <p>非常感谢您在本站发表评论</p>\n                   您可以访问\n                   <a href=\"https://example.com/article/2023/5/5/36.html\" rel=\"bookmark\">周杰伦的影响力到底有多大？</a>\n                   来查看您的评论，\n                   再次感谢您！\n                   <br />\n                   如果上面链接无法打开，请将此链接复制至浏览器。\n                   https://example.com/article/2023/5/5/36.html\n                   ', 1, '2023-05-05 15:37:37.909483');
INSERT INTO `servermanager_emailsendlog` (`id`, `emailto`, `title`, `content`, `send_result`, `created_time`) VALUES (56, 'marsk27@163.com', '感谢您发表的评论', '\n                   <p>非常感谢您在本站发表评论</p>\n                   您可以访问\n                   <a href=\"https://example.com/article/2023/5/5/36.html\" rel=\"bookmark\">周杰伦的影响力到底有多大？</a>\n                   来查看您的评论，\n                   再次感谢您！\n                   <br />\n                   如果上面链接无法打开，请将此链接复制至浏览器。\n                   https://example.com/article/2023/5/5/36.html\n                   ', 1, '2023-05-05 15:37:53.833946');
INSERT INTO `servermanager_emailsendlog` (`id`, `emailto`, `title`, `content`, `send_result`, `created_time`) VALUES (57, 'vmeyer@163.com', '感谢您发表的评论', '\n                    您在 <a href=\"https://example.com/article/2023/5/5/36.html\" rel=\"bookmark\">周杰伦的影响力到底有多大？</a> 的评论 <br/> 我小声的说一句：当年粉丝网都是喊的**无与伦比，为杰沉迷**，哈哈，暴露了我的年龄 <br/> 收到回复啦.快去看看吧\n                    <br/>\n                    如果上面链接无法打开，请将此链接复制至浏览器。\n                    https://example.com/article/2023/5/5/36.html\n                    ', 1, '2023-05-05 15:37:54.894305');
INSERT INTO `servermanager_emailsendlog` (`id`, `emailto`, `title`, `content`, `send_result`, `created_time`) VALUES (58, 'vmeyer@163.com', '感谢您发表的评论', '\n                   <p>非常感谢您在本站发表评论</p>\n                   您可以访问\n                   <a href=\"https://example.com/article/2023/5/5/36.html\" rel=\"bookmark\">周杰伦的影响力到底有多大？</a>\n                   来查看您的评论，\n                   再次感谢您！\n                   <br />\n                   如果上面链接无法打开，请将此链接复制至浏览器。\n                   https://example.com/article/2023/5/5/36.html\n                   ', 1, '2023-05-05 15:38:19.414250');
INSERT INTO `servermanager_emailsendlog` (`id`, `emailto`, `title`, `content`, `send_result`, `created_time`) VALUES (59, 'jay@163.com', '感谢您发表的评论', '\n                    您在 <a href=\"https://example.com/article/2023/5/5/36.html\" rel=\"bookmark\">周杰伦的影响力到底有多大？</a> 的评论 <br/> emmm[飙泪笑]到我这儿听到的都是**“无与伦比，为杰沉沦”**了[捂脸]也不知道中间哪儿传差了。是传说中的周杰伦中文网嘛！我之前b站刷07世巡，听到底下有歌迷在喊～ <br/> 收到回复啦.快去看看吧\n                    <br/>\n                    如果上面链接无法打开，请将此链接复制至浏览器。\n                    https://example.com/article/2023/5/5/36.html\n                    ', 1, '2023-05-05 15:38:20.620744');
INSERT INTO `servermanager_emailsendlog` (`id`, `emailto`, `title`, `content`, `send_result`, `created_time`) VALUES (60, 'tlxb@163.com', '感谢您发表的评论', '\n                   <p>非常感谢您在本站发表评论</p>\n                   您可以访问\n                   <a href=\"https://example.com/article/2023/5/4/22.html\" rel=\"bookmark\">初识Django（一）：Django简介</a>\n                   来查看您的评论，\n                   再次感谢您！\n                   <br />\n                   如果上面链接无法打开，请将此链接复制至浏览器。\n                   https://example.com/article/2023/5/4/22.html\n                   ', 1, '2023-05-07 10:44:00.116762');
INSERT INTO `servermanager_emailsendlog` (`id`, `emailto`, `title`, `content`, `send_result`, `created_time`) VALUES (61, 'tlxb@163.com', '感谢您发表的评论', '\n                   <p>非常感谢您在本站发表评论</p>\n                   您可以访问\n                   <a href=\"https://example.com/article/2023/5/4/22.html\" rel=\"bookmark\">初识Django（一）：Django简介</a>\n                   来查看您的评论，\n                   再次感谢您！\n                   <br />\n                   如果上面链接无法打开，请将此链接复制至浏览器。\n                   https://example.com/article/2023/5/4/22.html\n                   ', 1, '2023-05-07 11:00:53.948957');
INSERT INTO `servermanager_emailsendlog` (`id`, `emailto`, `title`, `content`, `send_result`, `created_time`) VALUES (62, 'tlxb@163.com', '感谢您发表的评论', '\n                   <p>非常感谢您在本站发表评论</p>\n                   您可以访问\n                   <a href=\"https://example.com/article/2023/5/4/22.html\" rel=\"bookmark\">初识Django（一）：Django简介</a>\n                   来查看您的评论，\n                   再次感谢您！\n                   <br />\n                   如果上面链接无法打开，请将此链接复制至浏览器。\n                   https://example.com/article/2023/5/4/22.html\n                   ', 1, '2023-05-07 11:02:53.213546');
INSERT INTO `servermanager_emailsendlog` (`id`, `emailto`, `title`, `content`, `send_result`, `created_time`) VALUES (63, 'czyh@163.com', '验证您的电子邮箱', '\n                            <p>请点击下面链接验证您的邮箱</p>\n\n                            <a href=\"http://127.0.0.1:8000/account/result.html?type=validation&id=13&sign=dfc4b14794637455d4726dbec0eede83dd8792585ee545de19bb89087c2c6cb8\" rel=\"bookmark\">http://127.0.0.1:8000/account/result.html?type=validation&id=13&sign=dfc4b14794637455d4726dbec0eede83dd8792585ee545de19bb89087c2c6cb8</a>\n\n                            再次感谢您！\n                            <br />\n                            如果上面链接无法打开，请将此链接复制至浏览器。\n                            http://127.0.0.1:8000/account/result.html?type=validation&id=13&sign=dfc4b14794637455d4726dbec0eede83dd8792585ee545de19bb89087c2c6cb8\n                            ', 1, '2023-05-08 09:28:03.451209');
INSERT INTO `servermanager_emailsendlog` (`id`, `emailto`, `title`, `content`, `send_result`, `created_time`) VALUES (64, 'czyh@163.com', '感谢您发表的评论', '\n                   <p>非常感谢您在本站发表评论</p>\n                   您可以访问\n                   <a href=\"https://example.com/article/2023/5/4/23.html\" rel=\"bookmark\">初识Django（二）：Apache+mod_wsgi部署Django</a>\n                   来查看您的评论，\n                   再次感谢您！\n                   <br />\n                   如果上面链接无法打开，请将此链接复制至浏览器。\n                   https://example.com/article/2023/5/4/23.html\n                   ', 1, '2023-05-08 09:30:15.686849');
INSERT INTO `servermanager_emailsendlog` (`id`, `emailto`, `title`, `content`, `send_result`, `created_time`) VALUES (65, 'tlxb@163.com', '感谢您发表的评论', '\n                   <p>非常感谢您在本站发表评论</p>\n                   您可以访问\n                   <a href=\"https://example.com/article/2023/5/4/27.html\" rel=\"bookmark\">初识Django（六）：模版语言</a>\n                   来查看您的评论，\n                   再次感谢您！\n                   <br />\n                   如果上面链接无法打开，请将此链接复制至浏览器。\n                   https://example.com/article/2023/5/4/27.html\n                   ', 1, '2023-05-08 16:45:46.254891');
INSERT INTO `servermanager_emailsendlog` (`id`, `emailto`, `title`, `content`, `send_result`, `created_time`) VALUES (66, 'mtw@163.com', '感谢您发表的评论', '\n                   <p>非常感谢您在本站发表评论</p>\n                   您可以访问\n                   <a href=\"https://example.com/article/2023/5/4/27.html\" rel=\"bookmark\">初识Django（六）：模版语言</a>\n                   来查看您的评论，\n                   再次感谢您！\n                   <br />\n                   如果上面链接无法打开，请将此链接复制至浏览器。\n                   https://example.com/article/2023/5/4/27.html\n                   ', 1, '2023-05-08 16:46:02.737086');
INSERT INTO `servermanager_emailsendlog` (`id`, `emailto`, `title`, `content`, `send_result`, `created_time`) VALUES (67, 'jasmine@163.com', '感谢您发表的评论', '\n                   <p>非常感谢您在本站发表评论</p>\n                   您可以访问\n                   <a href=\"https://example.com/article/2023/5/4/27.html\" rel=\"bookmark\">初识Django（六）：模版语言</a>\n                   来查看您的评论，\n                   再次感谢您！\n                   <br />\n                   如果上面链接无法打开，请将此链接复制至浏览器。\n                   https://example.com/article/2023/5/4/27.html\n                   ', 1, '2023-05-08 16:46:26.908376');
INSERT INTO `servermanager_emailsendlog` (`id`, `emailto`, `title`, `content`, `send_result`, `created_time`) VALUES (68, 'jasmine@163.com', '感谢您发表的评论', '\n                   <p>非常感谢您在本站发表评论</p>\n                   您可以访问\n                   <a href=\"https://example.com/article/2023/5/4/27.html\" rel=\"bookmark\">初识Django（六）：模版语言</a>\n                   来查看您的评论，\n                   再次感谢您！\n                   <br />\n                   如果上面链接无法打开，请将此链接复制至浏览器。\n                   https://example.com/article/2023/5/4/27.html\n                   ', 1, '2023-05-08 16:46:43.537735');
INSERT INTO `servermanager_emailsendlog` (`id`, `emailto`, `title`, `content`, `send_result`, `created_time`) VALUES (69, 'jasmine@163.com', '感谢您发表的评论', '\n                    您在 <a href=\"https://example.com/article/2023/5/4/27.html\" rel=\"bookmark\">初识Django（六）：模版语言</a> 的评论 <br/> 作者你好 请问我调用后没有输出任何文字就结束了，但是也没有报错，这个情况如何解决？ <br/> 收到回复啦.快去看看吧\n                    <br/>\n                    如果上面链接无法打开，请将此链接复制至浏览器。\n                    https://example.com/article/2023/5/4/27.html\n                    ', 1, '2023-05-08 16:46:44.805858');
INSERT INTO `servermanager_emailsendlog` (`id`, `emailto`, `title`, `content`, `send_result`, `created_time`) VALUES (70, 'marsk7@qq.com', '感谢您发表的评论', '\n                   <p>非常感谢您在本站发表评论</p>\n                   您可以访问\n                   <a href=\"https://example.com/article/2023/5/4/27.html\" rel=\"bookmark\">初识Django（六）：模版语言</a>\n                   来查看您的评论，\n                   再次感谢您！\n                   <br />\n                   如果上面链接无法打开，请将此链接复制至浏览器。\n                   https://example.com/article/2023/5/4/27.html\n                   ', 1, '2023-05-08 16:46:51.246302');
INSERT INTO `servermanager_emailsendlog` (`id`, `emailto`, `title`, `content`, `send_result`, `created_time`) VALUES (71, 'jasmine@163.com', '感谢您发表的评论', '\n                    您在 <a href=\"https://example.com/article/2023/5/4/27.html\" rel=\"bookmark\">初识Django（六）：模版语言</a> 的评论 <br/> 作者你好 请问我调用后没有输出任何文字就结束了，但是也没有报错，这个情况如何解决？ <br/> 收到回复啦.快去看看吧\n                    <br/>\n                    如果上面链接无法打开，请将此链接复制至浏览器。\n                    https://example.com/article/2023/5/4/27.html\n                    ', 1, '2023-05-08 16:46:52.414507');
INSERT INTO `servermanager_emailsendlog` (`id`, `emailto`, `title`, `content`, `send_result`, `created_time`) VALUES (72, 'cmp@163.com', '感谢您发表的评论', '\n                   <p>非常感谢您在本站发表评论</p>\n                   您可以访问\n                   <a href=\"https://example.com/article/2023/5/4/27.html\" rel=\"bookmark\">初识Django（六）：模版语言</a>\n                   来查看您的评论，\n                   再次感谢您！\n                   <br />\n                   如果上面链接无法打开，请将此链接复制至浏览器。\n                   https://example.com/article/2023/5/4/27.html\n                   ', 1, '2023-05-08 16:46:59.813802');
INSERT INTO `servermanager_emailsendlog` (`id`, `emailto`, `title`, `content`, `send_result`, `created_time`) VALUES (73, 'jasmine@163.com', '感谢您发表的评论', '\n                    您在 <a href=\"https://example.com/article/2023/5/4/27.html\" rel=\"bookmark\">初识Django（六）：模版语言</a> 的评论 <br/> 作者你好 请问我调用后没有输出任何文字就结束了，但是也没有报错，这个情况如何解决？ <br/> 收到回复啦.快去看看吧\n                    <br/>\n                    如果上面链接无法打开，请将此链接复制至浏览器。\n                    https://example.com/article/2023/5/4/27.html\n                    ', 1, '2023-05-08 16:47:00.854602');
INSERT INTO `servermanager_emailsendlog` (`id`, `emailto`, `title`, `content`, `send_result`, `created_time`) VALUES (74, 'marsk7@qq.com', '感谢您发表的评论', '\n                   <p>非常感谢您在本站发表评论</p>\n                   您可以访问\n                   <a href=\"https://example.com/article/2023/5/4/27.html\" rel=\"bookmark\">初识Django（六）：模版语言</a>\n                   来查看您的评论，\n                   再次感谢您！\n                   <br />\n                   如果上面链接无法打开，请将此链接复制至浏览器。\n                   https://example.com/article/2023/5/4/27.html\n                   ', 1, '2023-05-08 16:47:11.876168');
INSERT INTO `servermanager_emailsendlog` (`id`, `emailto`, `title`, `content`, `send_result`, `created_time`) VALUES (75, 'mtw@163.com', '感谢您发表的评论', '\n                    您在 <a href=\"https://example.com/article/2023/5/4/27.html\" rel=\"bookmark\">初识Django（六）：模版语言</a> 的评论 <br/> 老板，调用的时候提示，连接失败什么情况 <br/> 收到回复啦.快去看看吧\n                    <br/>\n                    如果上面链接无法打开，请将此链接复制至浏览器。\n                    https://example.com/article/2023/5/4/27.html\n                    ', 1, '2023-05-08 16:47:12.940327');
INSERT INTO `servermanager_emailsendlog` (`id`, `emailto`, `title`, `content`, `send_result`, `created_time`) VALUES (76, 'mtw@163.com', '感谢您发表的评论', '\n                   <p>非常感谢您在本站发表评论</p>\n                   您可以访问\n                   <a href=\"https://example.com/article/2023/5/4/27.html\" rel=\"bookmark\">初识Django（六）：模版语言</a>\n                   来查看您的评论，\n                   再次感谢您！\n                   <br />\n                   如果上面链接无法打开，请将此链接复制至浏览器。\n                   https://example.com/article/2023/5/4/27.html\n                   ', 1, '2023-05-08 16:47:23.294554');
INSERT INTO `servermanager_emailsendlog` (`id`, `emailto`, `title`, `content`, `send_result`, `created_time`) VALUES (77, 'vmeyer@163.com', '感谢您发表的评论', '\n                   <p>非常感谢您在本站发表评论</p>\n                   您可以访问\n                   <a href=\"https://example.com/article/2023/5/4/27.html\" rel=\"bookmark\">初识Django（六）：模版语言</a>\n                   来查看您的评论，\n                   再次感谢您！\n                   <br />\n                   如果上面链接无法打开，请将此链接复制至浏览器。\n                   https://example.com/article/2023/5/4/27.html\n                   ', 1, '2023-05-08 16:47:33.915539');
INSERT INTO `servermanager_emailsendlog` (`id`, `emailto`, `title`, `content`, `send_result`, `created_time`) VALUES (78, 'mtw@163.com', '感谢您发表的评论', '\n                    您在 <a href=\"https://example.com/article/2023/5/4/27.html\" rel=\"bookmark\">初识Django（六）：模版语言</a> 的评论 <br/> 人生苦短，我用python！ <br/> 收到回复啦.快去看看吧\n                    <br/>\n                    如果上面链接无法打开，请将此链接复制至浏览器。\n                    https://example.com/article/2023/5/4/27.html\n                    ', 1, '2023-05-08 16:47:35.802757');
INSERT INTO `servermanager_emailsendlog` (`id`, `emailto`, `title`, `content`, `send_result`, `created_time`) VALUES (79, 'wei@163.com', '验证您的电子邮箱', '\n                            <p>请点击下面链接验证您的邮箱</p>\n\n                            <a href=\"http://127.0.0.1:8000/account/result.html?type=validation&id=14&sign=743eca97569a653937d8d7cf397084c80dbbad9ac5151c840208208fff2dfbde\" rel=\"bookmark\">http://127.0.0.1:8000/account/result.html?type=validation&id=14&sign=743eca97569a653937d8d7cf397084c80dbbad9ac5151c840208208fff2dfbde</a>\n\n                            再次感谢您！\n                            <br />\n                            如果上面链接无法打开，请将此链接复制至浏览器。\n                            http://127.0.0.1:8000/account/result.html?type=validation&id=14&sign=743eca97569a653937d8d7cf397084c80dbbad9ac5151c840208208fff2dfbde\n                            ', 1, '2023-05-14 21:15:44.937343');
INSERT INTO `servermanager_emailsendlog` (`id`, `emailto`, `title`, `content`, `send_result`, `created_time`) VALUES (80, 'marsk7@qq.com', '绑定您的电子邮箱', '\n                <p>请点击下面链接绑定您的邮箱</p>\n\n                <a href=\"http://127.0.0.1:8000/oauth/emailconfirm/1/a0d2279cc508decdfcaa1843068a227715816dbe6d7f1c46b1ef4db8507f2086.html\" rel=\"bookmark\">http://127.0.0.1:8000/oauth/emailconfirm/1/a0d2279cc508decdfcaa1843068a227715816dbe6d7f1c46b1ef4db8507f2086.html</a>\n\n                再次感谢您！\n                <br />\n                如果上面链接无法打开，请将此链接复制至浏览器。\n                http://127.0.0.1:8000/oauth/emailconfirm/1/a0d2279cc508decdfcaa1843068a227715816dbe6d7f1c46b1ef4db8507f2086.html\n                ', 1, '2023-05-23 11:12:03.569723');
INSERT INTO `servermanager_emailsendlog` (`id`, `emailto`, `title`, `content`, `send_result`, `created_time`) VALUES (81, 'marsk7@qq.com', '恭喜您绑定成功!', '\n     <p>恭喜您，您已经成功绑定您的邮箱，您可以使用github来直接免密码登录本网站.欢迎您继续关注本站，地址是</p>\n\n                <a href=\"http://example.com\" rel=\"bookmark\">http://example.com</a>\n\n                再次感谢您！\n                <br />\n                如果上面链接无法打开，请将此链接复制至浏览器。\n                http://example.com\n    ', 1, '2023-05-23 11:12:25.105302');
INSERT INTO `servermanager_emailsendlog` (`id`, `emailto`, `title`, `content`, `send_result`, `created_time`) VALUES (82, 'test@t.com', '验证您的电子邮箱', '\n                            <p>请点击下面链接验证您的邮箱</p>\n\n                            <a href=\"http://127.0.0.1:8000/account/result.html?type=validation&id=15&sign=e2950fdf1ffe493e521aea1c3d76e8d04c62def3882a0e2c178926371ad3eaa1\" rel=\"bookmark\">http://127.0.0.1:8000/account/result.html?type=validation&id=15&sign=e2950fdf1ffe493e521aea1c3d76e8d04c62def3882a0e2c178926371ad3eaa1</a>\n\n                            再次感谢您！\n                            <br />\n                            如果上面链接无法打开，请将此链接复制至浏览器。\n                            http://127.0.0.1:8000/account/result.html?type=validation&id=15&sign=e2950fdf1ffe493e521aea1c3d76e8d04c62def3882a0e2c178926371ad3eaa1\n                            ', 1, '2023-05-25 13:35:37.650891');
INSERT INTO `servermanager_emailsendlog` (`id`, `emailto`, `title`, `content`, `send_result`, `created_time`) VALUES (83, 'marsk7@qq.com', '感谢您发表的评论', '\n                   <p>非常感谢您在本站发表评论</p>\n                   您可以访问\n                   <a href=\"https://example.com/article/2023/3/4/22.html\" rel=\"bookmark\">初识Django（一）：Django简介</a>\n                   来查看您的评论，\n                   再次感谢您！\n                   <br />\n                   如果上面链接无法打开，请将此链接复制至浏览器。\n                   https://example.com/article/2023/3/4/22.html\n                   ', 1, '2023-05-25 16:12:18.023130');
INSERT INTO `servermanager_emailsendlog` (`id`, `emailto`, `title`, `content`, `send_result`, `created_time`) VALUES (84, 'marsk7@qq.com', '感谢您发表的评论', '\n                   <p>非常感谢您在本站发表评论</p>\n                   您可以访问\n                   <a href=\"https://example.com/article/2023/3/4/22.html\" rel=\"bookmark\">初识Django（一）：Django简介</a>\n                   来查看您的评论，\n                   再次感谢您！\n                   <br />\n                   如果上面链接无法打开，请将此链接复制至浏览器。\n                   https://example.com/article/2023/3/4/22.html\n                   ', 1, '2023-05-25 16:14:08.370902');
INSERT INTO `servermanager_emailsendlog` (`id`, `emailto`, `title`, `content`, `send_result`, `created_time`) VALUES (85, 'marsk7@qq.com', '感谢您发表的评论', '\n                   <p>非常感谢您在本站发表评论</p>\n                   您可以访问\n                   <a href=\"https://example.com/article/2023/3/4/22.html\" rel=\"bookmark\">初识Django（一）：Django简介</a>\n                   来查看您的评论，\n                   再次感谢您！\n                   <br />\n                   如果上面链接无法打开，请将此链接复制至浏览器。\n                   https://example.com/article/2023/3/4/22.html\n                   ', 1, '2023-05-25 16:24:42.075817');
INSERT INTO `servermanager_emailsendlog` (`id`, `emailto`, `title`, `content`, `send_result`, `created_time`) VALUES (86, 'cds@163.com', '邮件验证码', '您正在重设密码，验证码为：947306, 5分钟内有效，请妥善保管', 1, '2023-05-29 15:29:43.607546');
INSERT INTO `servermanager_emailsendlog` (`id`, `emailto`, `title`, `content`, `send_result`, `created_time`) VALUES (87, 'cds@163.com', '邮件验证码', '您正在重设密码，验证码为：276510, 5分钟内有效，请妥善保管', 1, '2023-05-29 15:29:44.597699');
INSERT INTO `servermanager_emailsendlog` (`id`, `emailto`, `title`, `content`, `send_result`, `created_time`) VALUES (88, 'marsk7@qq.com', '感谢您发表的评论', '\n                   <p>非常感谢您在本站发表评论</p>\n                   您可以访问\n                   <a href=\"https://127.0.0.1:8000/article/2023/3/21/32.html\" rel=\"bookmark\">扩展Django（一）：Django接入微信公众平台</a>\n                   来查看您的评论，\n                   再次感谢您！\n                   <br />\n                   如果上面链接无法打开，请将此链接复制至浏览器。\n                   https://127.0.0.1:8000/article/2023/3/21/32.html\n                   ', 1, '2023-06-15 11:34:59.250326');
COMMIT;

SET FOREIGN_KEY_CHECKS = 1;
